-- MariaDB dump 10.19  Distrib 10.4.32-MariaDB, for Win64 (AMD64)
--
-- Host: localhost    Database: anime_site
-- ------------------------------------------------------
-- Server version	10.4.32-MariaDB

/*!40101 SET @OLD_CHARACTER_SET_CLIENT=@@CHARACTER_SET_CLIENT */;
/*!40101 SET @OLD_CHARACTER_SET_RESULTS=@@CHARACTER_SET_RESULTS */;
/*!40101 SET @OLD_COLLATION_CONNECTION=@@COLLATION_CONNECTION */;
/*!40101 SET NAMES utf8mb4 */;
/*!40103 SET @OLD_TIME_ZONE=@@TIME_ZONE */;
/*!40103 SET TIME_ZONE='+00:00' */;
/*!40014 SET @OLD_UNIQUE_CHECKS=@@UNIQUE_CHECKS, UNIQUE_CHECKS=0 */;
/*!40014 SET @OLD_FOREIGN_KEY_CHECKS=@@FOREIGN_KEY_CHECKS, FOREIGN_KEY_CHECKS=0 */;
/*!40101 SET @OLD_SQL_MODE=@@SQL_MODE, SQL_MODE='NO_AUTO_VALUE_ON_ZERO' */;
/*!40111 SET @OLD_SQL_NOTES=@@SQL_NOTES, SQL_NOTES=0 */;

--
-- Table structure for table `anime`
--

DROP TABLE IF EXISTS `anime`;
/*!40101 SET @saved_cs_client     = @@character_set_client */;
/*!40101 SET character_set_client = utf8 */;
CREATE TABLE `anime` (
  `anime_id` int(100) NOT NULL AUTO_INCREMENT,
  `anime_name` varchar(255) NOT NULL,
  `anime_image` varchar(255) NOT NULL,
  `anime_type` varchar(100) NOT NULL,
  `genre` varchar(100) NOT NULL,
  PRIMARY KEY (`anime_id`)
) ENGINE=InnoDB AUTO_INCREMENT=98 DEFAULT CHARSET=utf8mb4 COLLATE=utf8mb4_general_ci;
/*!40101 SET character_set_client = @saved_cs_client */;

--
-- Dumping data for table `anime`
--

LOCK TABLES `anime` WRITE;
/*!40000 ALTER TABLE `anime` DISABLE KEYS */;
INSERT INTO `anime` VALUES (1,'Dan Da Dan','Dan Da Dan - S01.jpg','TV','Action'),(2,'Your Name','your name.jpg','Movie','Fantasy'),(3,'Wind Breaker','Wind Breaker - S01.jpeg','TV','Action'),(4,'I want to Eat Your Pancreas','i want to eat your pancreas.jpg','Movie','Romance'),(5,'Black Clover','Black Clover.jpeg','TV','Fantasy'),(6,'Bleach','Bleach.jpeg','TV','Shounen'),(7,'Jujutsu Kaisen','Jujutsu Kaisen - S01.jpeg','TV','Action'),(8,'Chainsaw Man','Chainsaw Man - S01.jpeg','TV','Action'),(9,'Demon Slayer: Kimetsu no Yaiba','Demon Slayer - Kimetsu no Yaiba.jpg','TV','Action'),(10,'Steins Gate','steins gate.jpg','TV','Isekai'),(12,'One Piece','OnePiece.jpg','TV','Adventure'),(13,'Kaiju No.8','kaiju no.8.jpg','TV','Action'),(15,'Spy X Family','Spy x Family - S01.jpeg','TV','Comedy'),(16,'Blue Lock','blue lock.jpg','TV','Sports'),(17,'Sword Art Online','sword art online.jpg','TV','Isekai'),(18,'Uzumaki: Spiral into Horror','uzumaki.jpg','TV','Seinen'),(19,'Attack on Titan','attack on titan.jpg','TV','Action'),(20,'Weathering With You','weathering with you.jpg','Movie','Romance'),(21,'A Silent Voice','a silent voice.jpg','Movie','Drama'),(22,'Solo Leveling','solo leveling.png','TV','Action'),(23,'Solo Leveling Season 2: Arise from the Shadow','solo leveling s2.jpg','TV','Action'),(24,'Tokyo Ghoul','tokyo ghoul.jpg','TV','Seinen'),(25,'Tokyo Ghoul √A','tokyo ghoul a.jpg','TV','Seinen'),(26,'Tokyo Ghoul:re','tokyo ghoul re.jpg','TV','Seinen'),(27,'Tokyo Ghoul:re Part - 2','tokyo ghoul re part - 2.jpg','TV','Seinen'),(28,'The Garden of Words','the garden of words.jpg','Movie','Romance'),(29,'Pluto','pluto.jpg','ONA','Psychological'),(30,'Jujutsu Kaisen 2nd Season','jujutsu kaisen s2.png','TV','Action'),(31,'Jujutsu Kaisen 0 Movie','jujutsu kaisen 0 movie.jpg','Movie','Action'),(32,'Devilman: Crybaby','devilman crybaby.jpg','ONA','Action'),(33,'Suzume','suzume.jpg','Movie','Fantasy'),(34,'Into the Forest of Fireflies Light','Into the Forest of Fireflies Light.jpg','Movie','Romance'),(35,'Frieren Beyond Journey\'s End','frieren beyond journeys end.jpg','TV','Adventure'),(36,'Akira','akira.jpg','Movie','Action'),(37,'Whisper of the Heart','Whisper of the Heart.jpg','Movie','Romance'),(38,'Horimiya','horimiya.jpg','TV','Romance'),(39,'Horimiya: The Missing Pieces','Horimiya The Missing Pieces.png','TV','Romance'),(40,'Sakomoto Days','sakomoto days.jpg','TV','Action'),(41,'Naruto','naruto.jpg','TV','Shounen'),(42,'Naruto Shippuden','naruto shippuden.jpg','TV','Shounen'),(43,'Boruto: Naruto Next Generations','boruto.jpg','TV','Shounen'),(44,'The Last: Naruto the Movie','the last - naruto the movie.jpg','Movie','Shounen'),(45,'Tomodachi Game','tomodachi game.jpg','TV','Psychological'),(46,'Akame ga Kill!','akame ga kill.jpg','TV','Action'),(47,'Re:ZERO -Starting Life in Another World','re zero s1.jpg','TV','Isekai'),(48,'ReLIFE','relife.jpg','TV','Romance'),(49,'Demon Slayer: Kimetsu no Yaiba Mugen Train Arc','demon slayer mugen train arc tv.jpg','TV','Action'),(50,'Demon Slayer: Entertainment District Arc','demo slayer entertainment district arc.jpg','TV','Action'),(51,'Demon Slayer: Kimetsu no Yaiba Swordsmith Village Arc','demo slayer swordsmith village arc.png','TV','Action'),(52,'Demon Slayer: Kimetsu no Yaiba Hashira Training Arc','demon slayer hashira training arc.jpg','TV','Action'),(53,'The Future Diary','the future diary.jpg','TV','Psychological'),(54,'Monster','monster.jpg','TV','Psychological'),(55,'Summer Time Rendering','summertime rendering.png','TV','Mystery'),(56,'91 Days','91 days.jpg','TV','Action'),(57,'86','86.jpg','TV','Action'),(58,'86: 2nd Season','86 s2.jpg','TV','Action'),(59,'Bleach: Thousand-Year Blood War Arc','Bleach-Thousand-Year Blood War Arc.jpg','TV','Shounen'),(60,'Bleach: Thousand-Year Blood War - The Separation','Bleach-Thousand-Year Blood War - The Separation.jpg','TV','Shounen'),(61,'Bleach: Thousand-Year Blood War - The Conflict','Bleach-Thousand-Year Blood War - The Conflict.jpg','TV','Shounen'),(62,'Dragon Ball','dragon ball.jpg','TV','Shounen'),(63,'Death Note','Death Note.jpg','TV','Psychological'),(64,'Orange','Orange.jpg','TV','Romance'),(65,'Parasyte: The Maxim','Parasyte -the maxim-.jpg','TV','Seinen'),(66,'Noragami','Noragami.jpg','TV','Adventure'),(67,'Erased','ERASED.jpg','TV','Mystery'),(68,'Dororo','Dororo.jpg','TV','Adventure'),(69,'A Sign of Affection','A Sign of Affection.jpg','TV','Romance'),(70,'Akudama Drive','Akudama Drive.jpg','TV','Action'),(71,'Alya Sometimes Hides Her Feelings in Russian','Alya Sometimes Hides Her Feelings in Russian.jpg','TV','Romance'),(72,'Anohana: The Flower We Saw That Day','Anohana - The Flower We Saw That Day.jpg','TV','Drama'),(73,'Blade Runner: Black Lotus','Blade Runner - Black Lotus.jpg','TV','Sci-Fi'),(74,'Blue Lock Season 2','Blue Lock Season 2.jpg','TV','Sports'),(75,'Ergo Proxy','Ergo Proxy.jpg','TV','Mystery'),(76,'Heavenly Delusion','Heavenly Delusion.jpg','TV','Adventure'),(77,'Hell\'s Paradise','Hells Paradise.png','TV','Adventure'),(78,'Claymore','Claymore.jpg','TV','Adventure'),(79,'No Game, No Life','No Game, No Life.jpg','TV','Adventure'),(80,'Hyouka','Hyouka.jpg','TV','Mystery'),(81,'Insomniacs After School','Insomniacs After School.jpg','TV','Romance'),(82,'Terror in Resonance','Terror in Resonance.jpg','TV','Mystery'),(83,'Talentless Nana','Talentless Nana.jpg','TV','Shounen'),(84,'Re:Monster','Re - Monster.jpg','TV','Isekai'),(85,'Hunter x Hunter','Hunter x Hunter.jpg','TV','Shounen'),(86,'Cyberpunk: Edgerunners','Cyberpunk - Edgerunners.jpg','TV','Action'),(87,'Dr. Stone','Dr. Stone.jpg','TV','Adventure'),(88,'DARLING in the FRANXX','DARLING in the FRANXX.jpg','TV','Romance'),(89,'Bye Bye, Earth','Bye Bye, Earth.jpg','TV','Adventure'),(90,'Classroom of the Elite','Classroom of the Elite.png','TV','Seinen'),(91,'Classroom of the Elite 2nd Season','Classroom of the Elite 2nd Season.png','TV','Seinen'),(92,'Classroom of the Elite III','Classroom of the Elite III.jpg','TV','Seinen'),(93,'Bungo Stray Dogs','Bungo Stray Dogs.jpg','TV','Seinen'),(94,'Code Geass: Lelouch of the Rebellion','Code Geass - Lelouch of the Rebellion.jpg','TV','Action'),(95,'Code Geass: Lelouch of the Rebellion R2','Code Geass - Lelouch of the Rebellion R2.jpg','TV','Action'),(96,'One Punch Man','one punch man s1.jpg','TV','Action'),(97,'The Fragrant Flower Blooms with Dignity','the fragrant flower bloom with dignity.jpg','TV','Romance');
/*!40000 ALTER TABLE `anime` ENABLE KEYS */;
UNLOCK TABLES;

--
-- Table structure for table `episodes`
--

DROP TABLE IF EXISTS `episodes`;
/*!40101 SET @saved_cs_client     = @@character_set_client */;
/*!40101 SET character_set_client = utf8 */;
CREATE TABLE `episodes` (
  `episode_id` int(11) NOT NULL AUTO_INCREMENT,
  `anime_id` int(11) NOT NULL,
  `episode_url` text DEFAULT NULL,
  PRIMARY KEY (`episode_id`),
  KEY `anime_id` (`anime_id`),
  CONSTRAINT `episodes_ibfk_1` FOREIGN KEY (`anime_id`) REFERENCES `anime` (`anime_id`) ON DELETE CASCADE ON UPDATE CASCADE
) ENGINE=InnoDB AUTO_INCREMENT=3318 DEFAULT CHARSET=utf8mb4 COLLATE=utf8mb4_general_ci;
/*!40101 SET character_set_client = @saved_cs_client */;

--
-- Dumping data for table `episodes`
--

LOCK TABLES `episodes` WRITE;
/*!40000 ALTER TABLE `episodes` DISABLE KEYS */;
INSERT INTO `episodes` VALUES (1,5,'1j6bPQ5nv6kfQ3PZZHifoEkTQ72ZcWsN1'),(2,5,'1P20eZPrvmzmXz1YedmUuciqYQsUoHAOk'),(3,5,'1huv2utcGRZ58wO3afTF4Ps-0xtrHXlJE'),(4,5,'1t6Hn5QcFUBXsHrRgnxsO6UWfn-aoagTV'),(5,5,'1oqVFv7oWyPgziHcWIcswM4W0kazt3qR1'),(6,5,'1DoVN00dqheUEJE59QeMglVd01rYdxZKn'),(7,5,'148lcWcdd-UUz5fzRUsw-QnV3ldXCboUr'),(8,5,'13FPm-_utaq1-XAHO4rOnUW4KHvliN8T_'),(9,5,'1PCtCewLoEigjlfJAYmPXVXJLZGnVaF7q'),(10,5,'1m6EeTwbvMONOBkvVZZHt5_ia3mpB67Gj'),(11,5,'1l-pw6e0ZYHxZBgw5bBVn7jlExHzEHUtG'),(12,5,'1rrAoh7gJRFY5LKsRT7Y-cyK4v721rzAp'),(13,5,'1TXhsupBqLPm2BaWA5_FVpBNmvpX9oupU'),(14,5,'1Ug23XZPG_jD7ZBJaAdLjtizgfcptnHUp'),(15,5,'1hFx5mWp_Si15kat97ciCsHPQlZsOYyp4'),(16,5,'1NnG4fYcSoKUqheMhJDFoSA1RLTyWSCqV'),(17,5,'1klAwxTsg8I3g1z5PH1sEbp2SjFOtfp-J'),(18,5,'1T-u5NnUf5DCr2NNWrRsDp9wKi4oeuczz'),(19,5,'1Sg35QvV_e9LihmXPJzxE74RmlIFbNpBq'),(20,5,'1RbuwAi5fqlZtCg-ixed2TxBZHPnYxZWU'),(21,5,'1EkoeAW6XbPLw5YHfciqb-02ECrRpHeie'),(22,5,'1Wjy7RruS4JLON8zMUcojKH91Pyf66nMp'),(23,5,'1u_q8zx7UDkF9ZR2mc5sWlyRLQBB1wf5t'),(24,5,'1Op5WSU-Whoynvdeg1oapNAFsrnalti3v'),(25,5,'1wrc57ZwA9QChPyLg6QOAJ3H_2FFerfJm'),(26,5,'10-rHIEsl4W9013i4vBf2kp4dmF8mV-lZ'),(27,5,'1czn1Cv-JDDwMdRKQtKHr3iBAk_HJdt6t'),(28,5,'1VCbVlVhN2jx9XiHfN6-Cp3ByXszWDmQb'),(29,5,'1XjGHZcB6UFxxL4njIQ5W854TYIgdJCKA'),(30,5,'1hruoeSPtvHYrJqn6BSS5yX9Fx7vW40ti'),(31,5,'1kqx1eo2ObesofY6v4yFFrWIgDW0xlAv8'),(32,5,'1wIx5OuWtQBaD92tqnviPxKbZZUXWgPLy'),(33,5,'1eXrZ9g6LVWL2K1aWiypHXWLxg1Jq7Q1M'),(34,5,'1Hb7veRV02i-lTIMPWTp-1S4hlUN3Xvjv'),(35,5,'1Dx8DtUtBmOLaYMfni2MGrapZhFxmdDvz'),(36,5,'15eh00026Rm7II8EIkoCLEXFGCNU_IBn_'),(37,5,'1vCBwG6LxVnEP_o0QVh3x2uUHvFGyxdqK'),(38,5,'1Ir_bNZzs1bzBJo6jfLZpYndWRZBf_fD5'),(39,5,'1Mms4ODy1oFV8c518SKNs8n2QlxgtlVoD'),(40,5,'10R2mS7BDTXaOfFzLT_vBJhisVzGGjxac'),(41,5,'1sUoe6-seaBXh_raRs5EvtJHWh_Qr0WRU'),(42,5,'1Y019bUHHaUKN_bPgpZzd3EJ6SR3xwT5q'),(43,5,'1t8ub9I3PkdaXVN4dXiaKRgSIL-kO5GeQ'),(44,5,'1iJqrivaWW279JDR18tiB4olNHRj2AZ3o'),(45,5,'19uMZEfEJ32Ex4i-fGgN35Se7lpvfwoh5'),(46,5,'1UwnRqjBhXJEqJ3g9HKosEcYasWp1klXp'),(47,5,'1qBI_mQB8BeAjjafOpAq97-wnCa3CXfOj'),(48,5,'1s2WcAHV8JK0cq4H2jVhx2g1LMsehlPB3'),(49,5,'1lV0Hpu6NOxKwGLFF8BXToTyCA4xyhfYO'),(50,5,'12POcH4J09JUbeKFf5aM4ZSUIgWVt2yMx'),(51,5,'1lLbBknf4xYXFJH-NPwhL_t2BfaMBe4E3'),(52,5,'18OpAFa47Q2nGhDWuVDct5G5WdtjVIhu2'),(53,5,'1FvtxwzpeDXEta1m_RImO0Ao3RrhuW32h'),(54,5,'1iTQrfYji5QBA2YQRIvRlGcsbcHJMjcCT'),(55,5,'1xat-yFyqBCB1aDxAU7xR57b11LhIT9Ti'),(56,5,'1IcGcIL_4RAtjdOxjNI2Z1R0Bgc_7TDh2'),(57,5,'1yWqkAX4PJgYXn1lrYQbaqgMc6SCk4C8A'),(58,5,'1z6yTJ-vubK_kgJQ6pgNkJx7UQ8jbH0uI'),(59,5,'1zo0GwFOYKRB53wq_mktCe1nC4LoxcVwF'),(60,5,'1whICuJ4xQUaGbl-L6SdYnOLI3fU-K8aM'),(61,5,'1wVEZnDtE-yvozpXBuDehN_1TxTihKsQs'),(62,5,'1jYDEWv6kFBTA8IjOWwh_h8c5hycoiTch'),(63,5,'1Y8-U7g8k_gqMpFtkzXE-SW2G6DokVMqe'),(64,5,'15hE2_9W5197IVZiK58rvKlITbQcqElk1'),(65,5,'1V1RcijxQvl15cM7Zz9Fu_Eg67qjuBZjW'),(66,5,'1X-Rnr7XNOgP1ABIo-iHVGQEP_INUzXQn'),(67,5,'1-QcX9eM8dNWyJpt_AU9EoZ6K7gCiaDV_'),(68,5,'1tZcRhXOGL88tzxL86YpsSgTRfboFPiLv'),(69,5,'13L7oxJ0jnl5p6WwpOZwkPFkFQqoExoXL'),(70,5,'195oMezoLByqHVynEHoImal6627SWdwIt'),(71,5,'1wdyI3t5igCAlFnxNFYsCtO4OjXqhQRrd'),(72,5,'1M4aprDnwV3FchWI_JlKbY7qD9MlkyICJ'),(73,5,'1FnMS-vLmmztPfuuQA4xeL8hKP6CZCh7l'),(74,5,'1QqL0QOty_aWrQXhREmYzt6gV8GvXxhNT'),(75,5,'15Ji2O3waTCmQyhAuxOEytApwPrsBtbBa'),(76,5,'1qzih2uO_quGxuTkQOssEHXnwNJc186yP'),(77,5,'1dt3vsOcm1AXRnyyl1T1zPesPnfcO0CHE'),(78,5,'1fnzHf9mG9K7lxdZcNNfI2bmRJOvVG-Y-'),(79,5,'1S3iRDfNUcN0qiJQzupaZQq0oSxZFc94U'),(80,5,'1LL7FLpOQukiSBcE4HnRnEBPQKF5kUgwc'),(81,5,'1Uz5VepiYtv1WQnE8WMYWSK_ZHKmv8LVe'),(82,5,'1I5p22fxh9enhA5l65zr9uYniUYRpFCej'),(83,5,'1qir4fsxeSDx5p6cEn06HkvRs5tNSZjH6'),(84,5,'1sUjp99ppWP-7sopRI26dCXsZLRd08C-i'),(85,5,'11j4UG2DsxhMv_v2fo_x2Iqj12LHs7ZgV'),(86,5,'1nnIDYE-eoFXWti_H847EeqialSE23GhH'),(87,5,'1aUUSa9DNnHhGVHeXfQ4E7oMvb6HLQ0KI'),(88,5,'1oOXcFY-ReWG8X26cz6gb0pzLUyNSpvrz'),(89,5,'17pX-6II6qdpOWYz6828cKvcq4dMASTbQ'),(90,5,'16mAC5lwD0_fQba19jPy7n3Lap9X01WJG'),(91,5,'1JHSeYxJ7IC6Q6TbUtMp-TbfrclkGkDOg'),(92,5,'1YRaj4VxrXl4HIAYRNiXaa_vY4QnNAf8k'),(93,5,'1hZj3IEs5pRsPLaiGOX497XP9Z1YHy-7m'),(94,5,'1x4kHeUmYU8xDhL_B3A_8FSdhgrwU_402'),(95,5,'1Bd2tEt26EEJU1a21JkDFd7MBATdb1HbG'),(96,5,'1QTamndWQTNPkIKY956gNWMYBjVy6peoD'),(97,5,'1KIRQnB7Ut1p53t-cmy-eXD7gPVrEO-DA'),(98,5,'1rnpUfgYxgCXSDWwbzyfPrSyzBZzzVJUj'),(99,5,'102UXg5yZbKIwKNVDC9QRvy3P6yRgZF6v'),(100,5,'1WP00sxnSWsHErTCMd5nB5KJInMWiJdmO'),(101,5,'1VeaGqAjAHmBorrIGBi1jNp-uqH4AO_DH'),(102,5,'1i3IIc7b7TnfTTCfK9l60oqmCO6UStHI4'),(103,5,'1Ay5oR7ipJmaHYaIDNzYc1g4siCUIj8AT'),(104,5,'11zkF2Qc9ohzhAZnAnSRCxhJJuFuVrzXB'),(105,5,'1ob_cnvXJObF8mCLHSN86IvKX8qqlUt8h'),(106,5,'1-ia4CNFgeBprpvW0dUT0hyUKKdn1Tiw9'),(107,5,'16sWLCinDFR-ySrwgidJQJk4OXirDgD8B'),(108,5,'1Nhr30nxcUKYHrkglRFhm-L4ryEFZWw4Y'),(109,5,'1MtnpRyOP1x-ExAqSdogPfvq0qGQ2Tpe6'),(110,5,'1aaXtik25VhdNhSQizFqomYg1RAbz9sOX'),(111,5,'1Y0HN_-nrN49G7WHzpZel4MeF4B8oIsBe'),(112,5,'1wLuUUQJSAAaVGUCBwFzhCerXbwxFdPna'),(113,5,'16Z5LmAgDKzSWbkVDEwyBnVX8fMpFqcLq'),(114,5,'1O_rWd1dizrbG2giyV7Zf4dHEm0hadfmM'),(115,5,'12D3lzgfijGDvBFhZfdoHdJ5tuLYwWNlD'),(116,5,'1ZpxmnB9kZbiLFGFLZOMKfRo3Lq4EM_hy'),(117,5,'1YmS4bWslFcnXDfO8fQyti10QccW_SSqU'),(118,5,'1ysFoHPnhoHGCo3jzsPP5ucOf7DMcpFv0'),(119,5,'1EPhyJucVL6kGKSkKKFIaNy_6RbB266m2'),(120,5,'17RyQYbQf7ahuQYbeva5noCjFX1qsOOJF'),(121,5,'1xulP5HsnAsmdpim6B1neTpK2SG7yBJu2'),(122,5,'1JHmiz7yfHBF0W8T1rh5BCRhWJoi3R8DS'),(123,5,'1k1BbB-dJhEF-028Be4n48R3RVArgp04B'),(124,5,'11-WUQ8N6nxmbUvL6Qsb6gCnG9_r8py3N'),(125,5,'1ADLDYCBLB2YqqaVVUGM7SoHJ3Alr0RLu'),(126,5,'1bBEijrINoIIW6cwfYFKiAtwGP9yktNAu'),(127,5,'1BoapHRWQJkM5buYa0SRu-LxRMQ47tnWq'),(128,5,'1QPndq20JOWoOP02U325MjlA7cwA_1fjn'),(129,5,'1qRUNZ_kq5MEF-20ZRabix3eTrq_GIZ-O'),(130,5,'1QNkFXTZSFgLa7Sy5FIASdktwG1eE_v6p'),(131,5,'1fnI5VCZC0DwgMxahcI7_s_FLDOv6G1V-'),(132,5,'1tzwV3hhSSfZFaaZVDLElJwNiiUjuzKv7'),(133,5,'1i-g1CF4THEnz9Ksv5PQZqZxwRUroD-5c'),(134,5,'1fB1er5IeV_Rsoygn4N7seTRdrKmAWbrx'),(135,5,'10XExJ6GoXerh1s1txIhXgkMzg_5r-QUU'),(136,5,'1H2ObfmWT3XugVsYkb8vgpPh3UhkMqaJD'),(137,5,'1Z_Fwpem-m0numbaflJ_tY0HvFOxPmTIc'),(138,5,'14aIf7Qp9pBTozYNoC2Xo_ySHINSyAL6g'),(139,5,'1HJmNcoU_0b434kBT46oAmXBV5x10bEM2'),(140,5,'1JFlF1MGtaxfM5kxEQT-TxJX0GUO7Ty2R'),(141,5,'1P3Id3goiXwu7NDm3r8eTNPZfdDV4QMMr'),(142,5,'1HszO4XeD8F7QkbDIDCEQH5FMEsQK_m3L'),(143,5,'1gXrXvtNN-PO-XXzcENJHXyk3IL3nF3lX'),(144,5,'1rPj3KzpKc_Q1bn8qo4yMyymhIcNwgq9M'),(145,5,'17dSrj4M_epduNFeZQOIieTH4yguCLafK'),(146,5,'1va_KiG3Od5LNPZ4t-pT3kBj4vLyjFpSO'),(147,5,'1YQqQNCrj-jgZ341IT4wCWAMHLlDzrjVz'),(148,5,'1t1N5Lnl94qLhC1S1-oi9ggA2v-uim68f'),(149,5,'1PT2WP8JmULRr3TCL6MJ-uFsGqyFOQQOe'),(150,5,'1VD0J_D8WOZ9Yzuk62AqHzt58m46Jk7kn'),(151,5,'1mkMD5bKYRDZns1OkBOd5hRrtF7Lj4sGj'),(152,5,'10ARpb0B5Y1BTtME_r0dL79EabYl5EuKD'),(153,5,'1dAR1OMdZXVaUtRQZ47_pv5jFuzoXi75L'),(154,5,'1iE_GHbdUXnJaznTE5MEgPuaGe8VAohJo'),(155,5,'1OhABkl-b9yaZV06Q8TxrH0h6WYQ8Ew3r'),(156,5,'1SYtepbGxe2M2i_7UgFiP2eL4q8nwmKhM'),(157,5,'1K_7_sYgZuVJ5qC7__Xypw6nGOPhk8iZ1'),(158,5,'1iERqa9uDhhdUoJ_lT1v7hsFbsPTzCnui'),(159,5,'1jVIHKDO5HAP19kFJebC7jhNryOCTWI4a'),(160,5,'1-rOSe0RLgKRX12w50Ju_-9SIWTrF19ta'),(161,5,'1UmI4TxwOh2wEkFkHNB-OABYp08xAgS5H'),(162,5,'16ujEtDIsOsVJgVu4y0XqEs5MLOraF_Mc'),(163,5,'18G2VG09gHScR5NsNc8iyVg1j8sD1DLZL'),(164,5,'1-k2689nkLnncxe35JAAUZEdfx6EbEW9m'),(165,5,'11FeQIh9j7jR1u2caURGgDN2PWxN4mXLE'),(166,5,'17yBmQlP4INtEl1sEJjUxrJ3De0HnK419'),(167,5,'1oEHjYSTFaatgmepL-LhZ8uSQEst9jqjV'),(168,5,'10eFUe2k3PKW3hzTSMSytjhLR6aVTvJSl'),(169,5,'1q70FgQ9ow-hDhEXqFqNkrOwcBXnNlQWg'),(170,5,'13QgnLNw5LjGHUji0G1pBFdryO_B6p1M3'),(171,2,'1i6POMPZFftG5GGQxSnfXEjF8L3AzYEE-'),(172,36,'1gb-6mJr8DH-kBCJueuqlXTK7tfpkWrrf'),(173,21,'14-hERQxev7kn9NJoWPFK6MvUP344vbg5'),(174,4,'1Ayfv_JCHJChtFPB8QcPIcpGA2FRmMp88'),(175,34,'1JQIJIaj3zy7-Wf3MmxkycMECKm3RhvrM'),(176,20,'1fsR8E3ny2CGKSWF-KHm0xPi1mNAMjDyH'),(177,38,'1-5Y4feUwXaPOLBY6opsolkYSzZQc3ut_'),(178,38,'1rxW26OTL2GfZNu0Lf5p4b0m7lfQHeT4D'),(179,38,'1nKrjfhghhAUyi7m8TVuLN4cyS5zKGthX'),(180,38,'1RS4byBqUADW1vPtaD8nAJaZr6CrtO3Ql'),(181,38,'1lu0S6JI56DP1196OesJp3Kbc8U2okE2V'),(182,38,'1XCnINT0XsU--wZUHgR_ioV6YNjE_mZ3H'),(183,38,'1tdfg5tVPlwfPAgrFO18dEgGvjg94aBKs'),(184,38,'1-_GgLC2jCzwbFUjSAn-RpAGsgFH4bKP-'),(185,38,'1yG-Ope8GBujp7P-3EWpcHGe-4RliA6ln'),(186,38,'1qLdN1e4neSZbwK3kErDN35G8NpqqlECn'),(187,38,'1AUY_NYRFQTcnHpWRCn2ZcylPCl8Pvyt7'),(188,38,'1UIg9gqUkSQmtEtCp0vdNjqWmeDMwereC'),(189,38,'1MEKeRBpgn9Wr2qLhkgwwRMUQpEpV-2kw'),(190,39,'13mvmfgeMg1huSoCOP_XsmVWWYxz8p41K'),(191,39,'1J4OcTs1-iWQ9HpsjyV-HloeEMtxTzCEp'),(192,39,'1A1YsZwsYIxf9f4FkKe1FwwFByg9rutaB'),(193,39,'1yGmpkT1xkuFaY6MbeApy6LNnc--4O1i_'),(194,39,'1ujvqVa_GseIy_Bb5vnXQZgC4a64Xz4S-'),(195,39,'1kH5CFYnaFNmTnppGPvhFXF9_OFT-nEi8'),(196,39,'1FV5tLcHQTzBlCkZB3MbI10nqwGqHKGrN'),(197,39,'1FGjpPcpYISxRuuYjKGoMU8e8V4HJLmOv'),(198,39,'1DblJNiTy6-aTWI_xxzBlrSS7eRFqWfxH'),(199,39,'1ETbGeBg0c9yJyoasmzcEksmdWBVryuAE'),(200,39,'1l3w5kvPlwONZSUhICLpcoXmlgT9cvi4H'),(201,39,'1t0DPS9MSMRcj3JdbguBgD8cUXjqdWqzD'),(202,39,'1bAf5zJLuqV9xojZixcwkEvoOXynVNLzc'),(204,6,'12z_bjaWv2FSKglbzTyKCVXLqbpJ8IXK_'),(205,6,'1t5limQRNgNuUDmn0cRigOdMZ9ow0u59x'),(206,6,'1fuxs4-LUFrXLsF45HmdL7inSOeJzbuXC'),(207,6,'1XynFDjRbYK23DOGjN7lBhDIwimTLtgTD'),(208,6,'1HxvBeVGNjvC4ApzRy056e-ExVpaLBQjg'),(209,6,'1mPuU7OsNK7aC_NZpIBzDCvT5YRqCKq_O'),(210,6,'1lRLyShBctQxMkogJUHOd-eCZLDbWpg0U'),(211,6,'1se03vCWCKLB5ahKeYTUNX71fr0hMFHN_'),(212,6,'1hhOicAHQeyKnApQUAc0edpvjIYKS47nz'),(213,6,'1BlcNnG2yMTcCiaYjnF-MDpEIXtxTT1vk'),(214,6,'1U1CZCJBnpPiW-yD7zXkIaAWNn5BPUHpA'),(215,6,'1YwT_t9379MKRwK3gdLhxJPLKo5k_UHxb'),(216,6,'1mPlKThBOKVcMl0ndtIKV2EUd9vs66OnU'),(217,6,'1Ubz3_K1UGcJzboKkyhBzHd6kXzEqPBMp'),(218,6,'1xjDKGRMdHA444BO8PIoUQHLFIhFbW9EB'),(219,6,'1QibAonwuSY6dfl1b0sZSsegbis4LsMoH'),(220,6,'1xdNpFuNTb8WDLYcYrEnBndC_mRtJy0Oi'),(221,6,'1FMLr9qASFh8sugXcJvwhZ8Os_1VD8jj6'),(222,6,'1VDfdIbMT4zs50ieFe-zg-Fv2Ug6lliEn'),(223,6,'1PEVMc2KEUwBhAtbnd5B52jQ6zAkYpMjy'),(224,6,'1zth81aWnsx97OtMJ2VaxaW_NakEoEnZb'),(225,6,'1msqwyJz5HtKgOKid0RBf1IeV0TQt3M2V'),(226,6,'1e9Aj7kzTVFN2CKgHv6bYMMhF6D4JR-dV'),(227,6,'1rDnDUFKrQjnWw9fPsyqcwGh9-dGgpxO9'),(228,6,'1pmRd4MAzjjQLg22XwgaxupJUYjg9z7FC'),(229,6,'176-MyYecRWkuGYb2g14vTN7HPsBrGIJb'),(230,6,'1GcgUvmbwx5zK1isTciYx_2eYJdlEm80o'),(231,6,'1NSMn9X8wCb2oM4X3ITnmt2H7Ak9Zt2Ig'),(232,6,'1UqG7DuKAD4OsrIZR6jtJFvBJTzPP9kts'),(233,6,'1ziGWiNWW_LM_CbalZcf7zdQojJfJ8gv3'),(234,6,'1-lWyv0ZECHW_HU_847KwqpJz9ZmNmiHw'),(235,6,'1k4eLYkd97vcrB8Ry-2ZcGd5fVs8rCodI'),(236,6,'1p05D-V5l8cObJPqDruNo11QlK2B9DmHd'),(237,6,'1QkcZdBfZ_OxJFxtAQ_GkqYecSMU8KrgD'),(238,6,'1v5B6aIzWp6qDOpo-_SMTM4PO-pmrjQTb'),(239,6,'1RDGJoy5tvUCx2C0w263ggcw-RZtOLSJ0'),(240,6,'16cgVebQo4eF9_gGKVfxL9JN5OIgnrmWr'),(241,6,'1_p-vRfpg6CHaWgsZCmWPglOpJ681B8we'),(242,6,'1ogGYvJaSZycEEQtoCSm9JALJ93KcZJU0'),(243,6,'1TveUAH_ASJISGhX5W0KLWvwYJg0Nc_k2'),(244,6,'17lH4pNa1Ce4v_nPJKFUI7pY6NbHUhy0v'),(245,6,'17YjEyFlCk3wdJt4cLgXf4r8bHMw0kz_U'),(246,6,'1d0f-ymctwm2poFTWxYicl3F6jqzm-xAt'),(247,6,'1fykKBrbEJc3PI0YubfCvoUkqj-7qPS1I'),(248,6,'1xb2lAQLCBpACdA60-xA3HTOI1dxVBvkm'),(249,6,'16hNG5WZxIKmtLdOd86QXjX_S5FkaSifC'),(250,6,'1NOxhwSYyJX4AdRViwdzTbomPxmWWCurU'),(251,6,'1Qyw8HDoH3YO8j--7Fv2Jt64keCxQv3ob'),(252,6,'1HxWx4b26JWUw-O0XaPazy_zuTK_79O0f'),(253,6,'1XhCpJ593X5IWXUpf3Ow1qAWbNuUn6q7r'),(254,6,'1unhhaI3TPvbTIyZmm7aD5BqzgevUZiQd'),(255,6,'1tAWe8uzawKSZzsLK6-IluDmkD9iZAkq_'),(256,6,'1M4RIFCuPzamSKVhkWiuHCafcJozhTghH'),(257,6,'1LjBef7Et0O-X2nw092KisGdV7bG7WZ1W'),(258,6,'14M3AXsJ29uLI92we1MuZpTGEO4g3GIhq'),(259,6,'1LOrWcmQnq1nXLSc7zKWZkFiGZxBDocmx'),(260,6,'1PMwRL4BtPqviblr18_gqvyN8D9_dKNWF'),(261,6,'1Kydo57Q4-hfCEJ1hpsbomhV0elWTTPYp'),(262,6,'1aDfStBBqcN5juwMl0dbKISEtA4rcLWw-'),(263,6,'1-Nofn-r_GgHs7b6vJWlkQ6uUC2MVK1hR'),(264,6,'1NWCY9E3XlnA-jLHWWLixM_Ao8FTvJNf5'),(265,6,'1RwWoywFLz7dL6Ki3f1TWgQFgk1UrtVlj'),(266,6,'16tnlJPwr79raNXK4N8SL19OeOHDbM4qF'),(267,6,'1iA81S4qW_0IuNCsu29eP6pjiMM29dAJe'),(268,6,'1IKnDJ9Gq8JKTavoNMQfIopI_p60farqB'),(269,6,'1Hp8h5PRb-ixSmMfvan7lkuvCRD1joWi8'),(270,6,'1wvJ6NCCkRQ1rgE3T2jwUTYrhN8buctUl'),(271,6,'1jxyoLHwJ8_lCQx4hgcSFEtPHRZGXflPB'),(272,6,'1u1WwGEetCqVsh_pSg7eQCuj_mMkK0cST'),(273,6,'1o2NuAFZPuXQfzVgIG4EgESUcFNKZzfnL'),(274,6,'1V8UwhRBTf8twg36lF_aZfdblMsridmA4'),(275,6,'17dg-Z2dRZ0oT3ZzM29ogaCxlk5fJN59Q'),(276,6,'1THAMu2Hk1hstFZSByIqsSMlLD8oUNQ-n'),(277,6,'1RHxSzvaKrpwSGQJ2gQ9sU9FGfwfX7pvV'),(278,6,'15TJvZLg3tETSZ9lhbE5kHG3g2Y0xXyl5'),(279,6,'1zD9DjYVSNZqM6uldnJ81C7JRShgwh2FO'),(280,6,'1OovCuKdlpnbSThuHUpfpt6Ob9k9JeW3m'),(281,6,'1ej4vBgsVtTmipjKexDn3N1vuo9eyQIu7'),(282,6,'1_pMKFZo9AaUatQ8uEHKLCfgZ6hMsjSmQ'),(283,6,'17AYClLzvCECEhD3Kia8abv9OqIIaI4go'),(284,6,'1pjcXNvtsMwQFSK8VV0JLpLb1F9DFxDxZ'),(285,6,'1HW51ky2L3rieRYjR4vc0VBV9iSud68NG'),(286,6,'1lFSQWdNN9itSkRVSaMfJC9oYwAtkwCpW'),(287,6,'19wKYIYXbmNpHNe51HaId9NXXKq5SDEfh'),(288,6,'1bSuurwjAM-9XpPNsG9A29s9qQgzgpblb'),(289,6,'1dzctArPc3O5vh-nORKHQjOQoqQa-9kS3'),(290,6,'1qoLpv6mqtw21jZ6_5JhLZI_tRxuSNodU'),(291,6,'1UBCgs4U-ihyiw5ZJEYIi8pIje2JTl4lc'),(292,6,'1wMMeorf8TKCm-YJ4BnjCuoef7NbKR7ww'),(293,6,'1PQkEorSITgFz1aR6Q56nSx8VsyjwQ39w'),(294,6,'1EJbTu6kJtUN0wbcpMA98x6ypHWbKzrhR'),(295,6,'1CJUV2xbvHghAswGewkWMTEYSJBRghgoS'),(296,6,'1dCEetJulv4nS9kGM7vvED0xudWVCecsO'),(297,6,'1KmAtg7BatzRF7GuPXKaylN_rYt-pSe57'),(298,6,'1K_riI7veGTcXvA0EQNw-90srYBmxPK-y'),(299,6,'1yI-jB11YZTXwqPv7_ZJ0exx46ZvGyYSV'),(300,6,'1HNUHKzZkVhv11-0X--Jf_Wsc6u5GYYvH'),(301,6,'1SkSk3kaQuaPfibhsuVJqr_KkoXnddK7x'),(302,6,'1-GRAqFgA6bAodkqHa3Vb67X62fLBlbH9'),(303,6,'1HPyVY-u4FA0xd2wR8Zr-TTc7-vmrpz2t'),(304,6,'1Gir1d_zEfx2tDUgNvjr_oi4mPDX0A3g2'),(305,6,'14sRHLwoS5cJw6qx7HJyI2sqH6K0OyFi6'),(306,6,'1qw9MnsUKbZIfshv_TXyObEKC7o_lqm7I'),(307,6,'1MhsQaAoFLoKZwGAxnjKs4Ya2m3Ik-ld6'),(308,6,'1WiL8GkvSerAwrk7cHeAjPHAuHW_mW2hh'),(309,6,'1Cfphtj0KBjIz2jT7aTkTz5eOxydElfdX'),(310,6,'1yJYGRYUpIoOYd6D7zQBqcNbhkLuhfnaZ'),(311,6,'1PQEwnFm1iHB0LvqYtohozhXDQM5UtVYg'),(312,6,'1kIhrUYtaVsxYAi8tu4SUlVrYbOLn4Drv'),(313,6,'1FytcnY6xCvJV3GQ18no61sZPGr06nWSK'),(314,6,'1ALizgPsNVaiKk8w07VOnCmkkLPdQnZxz'),(315,6,'1j-JOgp9cVZnGjAH5HjbsQPkYZf5NUcO4'),(316,6,'10pXWNXJo7rl9xA6f180VzNmP94HMV_p-'),(317,6,'1-a1F4_N90quRJbM-HjO963JTm2qUmmQB'),(318,6,'1hI9-tx0jlTbTGKay-dybXHtTDKlYPuty'),(319,6,'1PwXSWyG8_g12FpRKgVmTkudVopG-ieSn'),(320,6,'1R_9HjFJz2ghdeUYTmp4_oAFyfg0-ElfV'),(321,6,'13VW4z1IlXSFh9UgpFey9mm_xpbhDQNmc'),(322,6,'1gFNQ2FFWG-D81AvXyCMueSp0cdDG1pif'),(323,6,'1PlylmM521N7Kr5DpHSwZRxUatf8umxy-'),(324,6,'1PgGDq1drdRcoutS2wXidSL4aBmbnbaAE'),(325,6,'1NB5opADT6v4WDzUUys83hvoAo3W0N147'),(326,6,'1gohLGfgmO2iPeAa2YcySquscvjsAUqLY'),(327,6,'18ntlaXLqNZoAOpWaMcjHMIUJVYUxthDj'),(328,6,'1FklXGCPekSd-3timYHtA5w_AacGngX9h'),(329,6,'1JKw3yNmwgf5LuMX0O3YqkMldFteSFmFt'),(330,6,'1T5tNR8sbfsW2Aw0BYxSG5eElznR8hJm5'),(331,6,'1M5prASxFPDCR5AqmlxgRSPEmIUcL2kSL'),(332,6,'1ukmrALE0GQmDFkP7oRDw90K_PEvmI0kp'),(333,6,'1a7c_K0yo3G2jXAz1W_GfaY7mWkegRUjM'),(334,6,'1_XfQFCpLWNVu3JsmtKDYzJBjPS_sQryR'),(335,6,'1A0k9zdU3Syss4qry9r7sfqeeSva_VjHG'),(336,6,'1yuIHA2NkyHqi8y8Ppwqg4e3wgrb6o6Q5'),(337,6,'1GcJYFfV4MZT0-UieiSx3P9Y_4S_cWmlY'),(338,6,'1TLW4O9MWCnz2a7qdRhs6lICr8KOpkaSu'),(339,6,'1F_vo_L1VzRldD3wPkDyUcZ1nD4z-j-pd'),(340,6,'1FT-RP9_I5Y3uDIXK0LFrzNl35kkjRKaH'),(341,6,'11C3RPwB2hV2mV0oEtiOPdERnLU8aH8Sd'),(342,6,'1IFxAXJBfOffO600359J4MAjPPLZw-jir'),(343,6,'19fwuXM7q9ryTWqzn6bVNlKELGj_D4W4_'),(344,6,'1ekJDWBSR4vaFvu8-RIOSNLBzttMHnMTI'),(345,6,'11M-C2tXh4Vy1cYTcxF6HLqG8yCBZu0XM'),(346,6,'1kddJWMv3Yh9ef3dIc3W_IZxFfdPF5jSk'),(347,6,'1OoM7JEPRDMyRdUqr6bZ8vYdi3eAwjwm_'),(348,6,'1-TAbeUMLsQkwoZo5nXw-RkFNFO5znjMU'),(349,6,'1R6QRAMjJEZTCXRm98j4d73EH7LsSNqZe'),(350,6,'18oRjEifmoiGAN1xIsPSIBD5ZrMmbbU0A'),(351,6,'1PDfOKuu9ygEK7uJu6ZdXBlw8X7tcBinb'),(352,6,'1RZ9up5rLeKpmMvkinIwxVbNzW3DJWDUP'),(353,6,'10veQ8mp5L8hUjdn9UFxdqnt46vr3cTUR'),(354,6,'1c_zly1P36_Ka4SwzK1uye227p06Umdgb'),(355,6,'1xi8YqPqGRmAcoOzS1GycLwztBcUptMwp'),(356,6,'1fMqeGi7Eu-a88j0w7UtdpQcCQlRGnIb7'),(357,6,'1KBQFYCwQtRSqADi2SdFinEBPlekujEgL'),(358,6,'1EUaz8g4tYWpGz32PiIS22ImdBZzV-jKC'),(359,6,'1vL1G7cWGV3X-ivMyVYi7YGragfUA6pPu'),(360,6,'10JonTV-UGaArmvDyf8pTmFAmAoOAm03f'),(361,6,'1ROCMejtgnCgRM0eUUncUKPc_LEM9aWSb'),(362,6,'1ij8Bn65fCYSDBk4bj5-iACzztME4ENJZ'),(363,6,'1ZlzRVT9RCacRCXHWYxjVYdVNrQg5wJdh'),(364,6,'1JhhKA6_sEth3a_fRp7KHskDSuHDJEPoG'),(365,6,'12IOlqnRcyv-UhxwRQZw0a1n--9IYZx1O'),(366,6,'1G3fKxBaFM9eF7UuuLbKkf8-VNaNaG1Gb'),(367,6,'1I5Xxa5m4IBrh15IZXA4-dve163qUP4Ph'),(368,6,'1RY2eHj4f1UeTXXTtaONuQzSeID2Bs-Go'),(369,6,'1Z6mfbHUY1GdTD4DLEhqUDjr8SezRgAj7'),(370,6,'1o_OhpJEW6MoPngTNu1q5BtC_duanpfAD'),(371,6,'1mkUndRX7nbMb3xlGFtgza-YSJ-9Lq7k_'),(372,6,'1rlnV2LQl9EvRC_NwrtZOvdXvPeIA3EbE'),(373,6,'1ASprMppWHoQhXKzPF2b34zzF_3xCCWyD'),(374,6,'1ny3bIErbC2ffM40RMQLOiG77vATGfIaR'),(375,6,'1D7tLFrP6tcqWE-6i4ESHJOhwW8W2gUGN'),(376,6,'1pKuPi0hJplBhxRtx_Q_qpX3TnGYHx_iJ'),(377,6,'1uCMtG4yi1tay-NKynzAigUQEGFLCniR-'),(378,6,'1bdGDLls7j3sJZEzhfUnZRw3VdGyVAvYn'),(379,6,'1Re2sijYVR22F16AltkIczVmTSD1PPaD2'),(380,6,'1gI8PO2T1Z30xIOmeivPfxoPbgDzkcLF8'),(381,6,'1lvCK6Oq-5V05UbprEm-JG5l0XKdx-Yzv'),(382,6,'1fmpt1vjdhGkyfhvTkdUcNbHd3qaXRcTM'),(383,6,'1lsdMRd-HQwM_p5jHj4m5KSAY5YeJz6Dz'),(384,6,'1jVJDucti06w7mom6rsMkeEYo7slrmIce'),(385,6,'1z2SeC4RRslF249hPHNfOGiM_-NIWEser'),(386,6,'1uYcFjA_2iOg6y1xWqHiaEtYnhdq56X75'),(387,6,'18pagq5KcAiF-r00_hcGpcndCVZr_oEqd'),(388,6,'1-oFoDANdZQWI0NF6ryoh5sZzvDPv97Be'),(389,6,'1PJv7GPAEWCbUryGctKIHJ3XvrpZ6Tjmi'),(390,6,'1-GooV3LtrCsKPVOeN1_1e92S1UEN1Z3x'),(391,6,'11zIA3lSLMhZOVOZ0bo8pl9SKNfSBA4FP'),(392,6,'1ByUmi--i2hUCfGg5v2rADtBXQp_wOW1n'),(393,6,'1aGbQFYVjqjikXnUFRlsXgTHRctoWzpuI'),(394,6,'1cSJSpr3-BBWhU_FyWYxoY6kekEwqJHX6'),(395,6,'1AGuwmGmR68jCFZlrpXGJsX8_mm3slrXj'),(396,6,'1KXeEEkTloMZ3dwLah8lpiLRHaxVpB8Hk'),(397,6,'11dq-E0zBPeh_7ZP3KpHbLgprjJ4_R3NL'),(398,6,'1VhEudwkfFZoY9pkkrWvjhSw2X8ywD3_q'),(399,6,'1zyq6PL9riz8igqfGAIwRNCNmqML8X8Ql'),(400,6,'1UwpUKSx7BEHMmuqXLAqFqHdFBubA1lzl'),(401,6,'1FJiVR7rYG_6hw8R3eE_Ld9M3u38XmJRt'),(402,6,'144ZvwD3bLGCisoFeNvJfkrJdGllHUnuc'),(403,6,'1hDsdME3qg9no5E2gzqKXP8-q7S6oTX3k'),(404,6,'1yJW9sg0K89InLyey1VN5HuL5lACTLsLr'),(405,6,'1dSrolsbNBhfhstDwNKs47xjgIHvfAmOa'),(406,6,'173_zBHqJ9Lp5yaMJqql1nc7Z8AYYCavM'),(407,6,'1QnO3GWaczg2RBMly13lmJn7AKq697CAt'),(408,6,'1zwQ-59f61mgIFjzvLs86XrAKhGzakiss'),(409,6,'1XTphFyhAGHaaqTVvyVeLh3a8skxgSyLi'),(410,6,'1pxTsCuigAvXtFkXKaIBW0E4J6dDdHiQU'),(411,6,'1W4Uu0TSa6ghxRkR5fxC-MPi3OsK1ABo_'),(412,6,'17n7vXnggfGd_iTmx8b2RwmxikcBm1m17'),(413,6,'1rEdXl3Hf9Be8s88n77ziUxLHBkhSL53v'),(414,6,'11YEtikGF79Kb-BNno8KRQMjpbHMXRYDu'),(415,6,'1bOn1xat2yWeOphDfuRV5byUoxzQwQAHJ'),(416,6,'1fISfzHxXnwH-TqqQYG6J2O8Mszk1Vlw6'),(417,6,'1zxSamT8uoq1O-mY0HQhql6xJep7rIwMt'),(418,6,'1R7TEbPxYRrSXei058d2ubwk0MHnl3ttA'),(419,6,'1FaGj6XKD0crKUQoWUQe8fSc5ouk3Ehnr'),(420,6,'10Fi9sKnhxnRLVQoWK1s2x20y76evpCkl'),(421,6,'1jd4E9YGeiZzca41DgReQ4nV17e1Np_5s'),(422,6,'1IofWJYDQmdaEwptWdbp0tFq8YcK7QsIG'),(423,6,'1tLkYH61I6IO42lZcXTt11mtrQthGsWmG'),(424,6,'1Vazs2XKyReX3epeyWORImJgyfYwz2cbH'),(425,6,'1_HBinztUKj5y3Mfqki_R4zDmRi2mwAUS'),(426,6,'18LpFmAsR_9Yg35aAYXrcylz3wDPuhE7R'),(427,6,'1eQxyaSh8ZCeXthQ3lbES2UJ7TeeIeG6L'),(428,6,'1rnMrtNxtGu6KgBMTvqaBI6kC2NIEmGKb'),(429,6,'1VnmYp94M2g8Me02vZCsmAkQCQ0T0ahuG'),(430,6,'11g42Fj70QCrTXdgQf6doT-LluYi9DCTU'),(431,6,'1ksorCdccyQ5hFPq2cq8KPJZ3ZO_YMC5M'),(432,6,'1y7UYEm7ZYjX1xxVmhGPaEZvDyFo_dCn6'),(433,6,'1EdoeNp7HsLueTBI0v-izo6dZpp2vV7pf'),(434,6,'1bg65Hfc8NEaEM1w7hqwR2LCjoERS9_f8'),(435,6,'1eWvuLOGWd_5vsniriQfgAXDCj_nFJVlQ'),(436,6,'1KDJOnFmvd418O0qDS1Q_0HVxqshThhOs'),(437,6,'1geaP8oMrwN1oEPLPbWoJnyQSF0nz5dh9'),(438,6,'15PT7B3EoZPbhIjrrqovyLSvJ6O38Vxdw'),(439,6,'1t_Q7DohS05RmXIovxZrESnBx6O8-Yvgh'),(440,6,'1GBNTUaolSvBqF2eK1shjsfIs8eVlfI1F'),(441,6,'1WemA3knXIBNm_jezHn7QgluJGoc6n_pG'),(442,6,'1kHxE07ODjE-eTvIKq3Azjo8Pp59Kz8Lj'),(443,6,'1HA4LKFnVR6dkRaFcSRJ82leCZ0xzPzu5'),(444,6,'1yVOSOnEDbYY2KD1_gpm0TMoHvoZ_VgXr'),(445,6,'1RU8t9jicT2w3yDOBWgvVBbYNAS0oVeyQ'),(446,6,'1TdVTuBJmTefhY0otSZfmo5kFVGOj_Bn6'),(447,6,'1JMBQvKnYIcqNlKqXULdbeKqm5jttSGf1'),(448,6,'1-HXoZAWphPeXptk9f47AX70JwS-TEoaE'),(449,6,'17gCq4qhov3iMpvN7-gm5MvmoKKCLZe4s'),(450,6,'1v2jkBMatygju1XWiXP0tvpeKa55exBBT'),(451,6,'1jYD6I0_-MhwnGAMsAamudYEfSjod-FRB'),(452,6,'1Jb4fYACH1f9HScZtYUJ1tpeK3HbiDQ4D'),(453,6,'1RZS9pZBmFfgoCOZEWPvtMi9CCQe0xspa'),(454,6,'1szg6G5Xnd3Wc0pRpDNZanWK18BPjpRQ9'),(455,6,'1HOoLKjqVNi3HLeBYN4EWWu3sHk6-enVa'),(456,6,'1RxCIBuXyo2fD4m3ysRrIAp9hy9OzetOB'),(457,6,'18k3HSFr1MEXqgbgBpRtC8oPz4LpdSGNZ'),(458,6,'1piEcjZRS_AeDfG8DYuw3FrpJ4Ba1hVjW'),(459,6,'1chqNuKjNzDf5Ph5-jJD3BlDu2Okg7yS5'),(460,6,'1sFYHt5CIyqxm6z7uwJ3eKDoMGwt_Xi9D'),(461,6,'1SGNd47bpBuKFIrje_xfh1yzY_QwVJR18'),(462,6,'15_W611T8l_clC9W5162R6BA4g9mBzNBI'),(463,6,'1cstK7UR1ppAMgoq90kuBuvFenE__DKQ4'),(464,6,'1FBZr6cSxi0upYTJ_3QL8Y05miMtz5jol'),(465,6,'1qEan6TOJAFSN3rGHKLf37bhNuCYltTZM'),(466,6,'1L7J_FayfvALLGM4TgI4AtL72QCZlnpeR'),(467,6,'1NWMDiyQZq6pA5C_GOrb2Yk49TyggpNi_'),(468,6,'1MDYyu8ExR2dqzilOWsbUceORQ5vUzGw5'),(469,6,'15vskXGsmJmeYMU_zEA2v23NtNEUWeX4U'),(470,6,'1pI8RqXNobenPmlE4YdAW66F_Q27pOUOc'),(471,6,'195F-fwPLe5ZVDF4fj7uCMGBf4talLgBY'),(472,6,'1W1ruTzIR3cCIfhV-Yy5R3rp0MguRc0NA'),(473,6,'1mzkni3VgcGT97xDgTV5tzbRoIcfebhFm'),(474,6,'1e_KnpZasvfiREZV3rgty7fIXFMcwoPal'),(475,6,'1ttar4dv5WLU8abt4uv2yBrekkBjc-_hR'),(476,6,'1r-XVspZG9_79506M4N5r57KxK45UbYdo'),(477,6,'1X4RvRxQwAuxh0u0YGcYKF2nTNjriWdk1'),(478,6,'1skBs53QavFRqOTxk6LO_zShWrtOESQRF'),(479,6,'10gIKF-K3q2Hxq-q3ie5lOLKC2NAaSKqG'),(480,6,'1c69Vm0cH50Aliwa7v7AkBhroWqUYchiL'),(481,6,'1BLN7IQ_WtuIkBt5hFEW20PkbWRqW0SAM'),(482,6,'1k4mPYbBxw-qjWL7jyZSBW5_ZsYZa2qEG'),(483,6,'1RozqpJgY6Zt-KAfqslAl6Z28S7X3wl1-'),(484,6,'13y8U4p9B0g1xX8eii3QLd-p1p5GW0xg1'),(485,6,'1Z6yU-lfimbJ4aO2XEkp3Gm5DqL4RTEID'),(486,6,'1mWKpYikb9iLDrZN8jkI8bF6Pm-9-u_6U'),(487,6,'1R76kQgT4fBxMJyXuVS-BhWI2EXlUNLCe'),(488,6,'19U57MJf7aNNfW72DV8umOblCEUkw3WZn'),(489,6,'1awv4jZhYtBUyn6M7aVlFk6MXg2sxfBhi'),(490,6,'1-qswuBLMZCgshFjVnOx17Tnr9aAASezH'),(491,6,'1nt8Q2AWrxGRxN5R2lH3kUCXCmQNLAbSp'),(492,6,'1W_JBFBk8Ssu1WsSmn7eydyAH4rE6kMBp'),(493,6,'1dGW8xKGH5nbekBFfx3xuCy9Fv6lv5Rin'),(494,6,'1idoK0pMFi1hsjEjfPCvauvpQmGvZrxue'),(495,6,'1IZ2Rh44TFVmdrb7p3UkconOpTodGR5G_'),(496,6,'1UH1bgBmOcwdP_ZJn68ONLu8U_stFfEGl'),(497,6,'1kLZP4RZUjT4uoYl35cD_qIQhDXvuVe3W'),(498,6,'1PquVvrabYrJQpplAgo5Q5gDrvpXXTBrE'),(499,6,'1XqCBI7eRMdPEuJQNyNieMxIyGtiem06S'),(500,6,'1NogcHWWI4q8TPJjrJa6eoS303bVg2YZ3'),(501,6,'1tAav9QD36ThcOCPtD_9TgMRS-Dg2zifm'),(502,6,'1zaXAc2WqPTXlkY8TsRUENs5OtqO_xxfP'),(503,6,'1HAIlCUgGiYo_T9_j8ybQhtcHP_M4owSb'),(504,6,'1fsd6seZqL7M_86xUFpZkf4Ck3P5y-IX4'),(505,6,'1z-MGRUG2TTz8fvuKFtBp-vSPRSKVY289'),(506,6,'1wR0INoDlr809xX3QHzX_-HQ6fstgmK27'),(507,6,'139ai4sFn8Gis0SGMiLo9aUsNYZ5iKYiM'),(508,6,'1e7xgJhXHEOo2xweu2xAN-z8hrOphDXCc'),(509,6,'1quCjCkBNw9xbz1rEtSDcrt9k1pWOAqqV'),(510,6,'19GoKIkmK5Z9ZW1z9aUr8l3PH1iuIZsUj'),(511,6,'1-puoDuEzVkT04505BOCdPpTYTgqgE_Kf'),(512,6,'1_iDXnilfF295bYFJgIjeN1pTl4Yak6Va'),(513,6,'1K0-NpMNqwQKwNMwqQhCRveexVMlBlcAQ'),(514,6,'1lfgPWG5vH8Es20prvlmGr2iQDlY8vZPZ'),(515,6,'1aHaMjsSCuQZLtNF67YUiE9_Gq53kvXMX'),(516,6,'1uGn_AxoVI7xxn1XuOSLQvgBOwgxXCZ_g'),(517,6,'1MBQGeHX5vMbT3jnFRNFnHPz2n-IwsLaD'),(518,6,'1zpdLmcwX1xoJVxXLee1IGDm8e_Jew7KK'),(519,6,'1PvRjU6idq86m49rSncRpA_1isWhsX4se'),(520,6,'1KviVzX3w0bQwysUwzUnsnh6PyXns7HuK'),(521,6,'1gBZrfKX8NQczTKaAx0aRfR7GWsBD5GIX'),(522,6,'1jLworLInC3MRpp_f4nyCRp6RiRHvxw55'),(523,6,'1DpWwd-uHFd6nCTJXrAesR1AhVD3-oU3w'),(524,6,'1r8iAAQqPjTAdHULkv_5JyyaF2Uwl6ASp'),(525,6,'1Z3mBXHroEuj2blA8DZOKBKaXPzqT2gbh'),(526,6,'1LqBA19ZU0MAxsuiUzAx9hpNbAzmpZKxL'),(527,6,'1_dz8qw7E7b1xUzvv8p083m_hDEU6FsS8'),(528,6,'1rkXsz4VYBYVNUDfut6d1bJ6gZQ8GBD-3'),(529,6,'1m0T6E_4gqbg6YHJAeXFp6uYm92j0yhY0'),(530,6,'1-oDusZIIetIRF607jb1AhHxmzZpWrxEC'),(531,6,'17k7DJyiPwD5KA5qCgtNRYPzJ7plB92cn'),(532,6,'1RI-ZbEeK3poZ_Du_5u3PMc37tqhyMkr_'),(533,6,'1CcVIhOMFqsLccu6utqS6g2Zb29AqRzzM'),(534,6,'1CLucd6TDWv5iNaJW8fUnGHghXzlSKLRu'),(535,6,'18JulQj4c7KXZ9iMog0Zp1b67Ljp6pVPE'),(536,6,'1g3i37P9c1uAJbqcwqxXumhrSgt7ba9mD'),(537,6,'1297ecc40ExgeIyrQ0z7jh2QBO9-2a_5w'),(538,6,'1C5SNlBO2gHJXMTb2vZ4Sm_R5aCO5eJG0'),(539,6,'13nlOR3eLpUh4drop8_zPKre7GvEaiAH7'),(540,6,'1BOEzJhgoW-lWFIGcrXrbwRI7_KS-NQfg'),(541,6,'1BCMFfztqnGx61FUTzXetyLYAkT30ljjj'),(542,6,'1sGmAgS2Xzzlz2W2cda0s4syeOppDDqh-'),(543,6,'1xujy4amnjIv_0gO2DXvrakFujS8t-3cu'),(544,6,'1MGgOSZ2aNfCj--x4kefJSLzS0ERg1K2y'),(545,6,'19BF7ZEohznxts-jqIWXAbbBNQqdYrGmL'),(546,6,'19I1TgxEzDXcT47TrIYfq6NJjFKI-FDSx'),(547,6,'1A7QWmPOR_xvonssk9yisQXCkDqKzrSgA'),(548,6,'1f3lktG3fwuC3N1f4W39UmFQVJNY02tAP'),(549,6,'1EdjZPo5A3oUhyLi0WsTkuZTRCziqXgpU'),(550,6,'1PkUTEH0d-U22ce0Gm9KW_gleAroSrg28'),(551,6,'1J39IjXKqZUKhG3RZoGfdGB7fWQblgcaV'),(552,6,'1BeQcZa-w4MPzZbM-CJ1FIs1akcrfvOwc'),(553,6,'10m8dOtiEpFsEMGSpB6NkJ74UKF33GZPc'),(554,6,'1op75K2o8DqP69sJZIWmfZA74LIULNtzi'),(555,6,'1q1EuNYXdOcSsDId1KlCSIo6sRuRuHRF9'),(556,6,'1lXvCPYsWlxuokOm8gZIaQOQ1vEdHqiig'),(557,6,'1Cbdg_uRdIgMrvkXuQq6fYYw5e0tTjEpe'),(558,6,'1hEEMikQVN8CPhGNRDeB7_ggPF9k_gHsT'),(559,6,'17XyVQXmm0neHyWEToS2V-5gVjXngB29U'),(560,6,'1g636friCSFrBfFvM49h-UkiVTyhlgi2U'),(561,6,'1T2petoc5tWAlUTDJsX0gfhQKpELQJaPs'),(562,6,'1Z_ddwL_gpi_x8xXlS41Cp_q2GI0UiulD'),(563,6,'1xLPj1PCb1y3915gauOdJz35BdEFUiss-'),(564,6,'1UvC2Kcp8BWFoS6jCJsD30FTNNgCAXYSa'),(565,6,'1CRd4-yEE634_isnxFPRddOC2RA65GxId'),(566,6,'1v8FBOHo1sTZ2NzMS91BKDDN0HFY1a-hJ'),(567,6,'1SEfeSzFmL__M7OHh-oSOVdRWOh9bsLQN'),(568,6,'1sWCstqUUQZ5njPhUxX-8QMc2RibbdZoS'),(569,6,'1N7mbxTHXcS31ZBXzklrO6EISOJUOGh9N'),(570,59,'1HjTsP58ZOzE-vBPCtFuJ3Bv4hpRuUi1J'),(571,59,'1Pr0HZq7BNy4CoY8t0xnapcgY1mRXsak8'),(572,59,'1mFra-Lc5yxYX5xLtbcbfZVuK-XRXGWpA'),(573,59,'1nXuq_rFtKPGx52zjpnLdYPyp7aDl72FP'),(574,59,'1_aKyUWBMwwWmKdxleBVIU2V94YKWjZQg'),(575,59,'1Sb0a-aTohsYPlQjKDVakf51BwvEFmIgd'),(576,59,'1XIkKiIvSb1uKnjJ_8j1M3XvjzyhvjrlJ'),(577,59,'1YVP8gKOrdC0MIwomXydp3hiqHRT6lMMx'),(578,59,'140FpWi1GqKT3XvFWUyjHybgQeI9RZfat'),(579,59,'19z8XxkIUAUC-qts9lbUUf4lFTuqoqpcZ'),(580,59,'12TG5bq3CjVHwPluM1ie3kFnHJ_iLH7pf'),(581,59,'1hc4D5zFPD4xSAOrC9xChhFCLbDTOiK3I'),(582,59,'1d0d_UYkr0ecI1-DsEOP5bGOIv2LY7DFO'),(583,60,'14_hbXajAWKjXqkTRZUzKZporB-wg_c5O'),(584,60,'1dsxeT3ZHQ9r8acULl_em97nyULa-XIOt'),(585,60,'1LxHlmMiJM0XwYxe_ZOVNvf-5B6UyP5B2'),(586,60,'1POCC9QF0tw6ERLd6ihQ6AzP0-agjWh6y'),(587,60,'1tilE8i6v5AWhR22UTJntpRkQqcRUkOKk'),(588,60,'1fcNg7n5jSLeT9eP-KGmzATp3WZ72kHex'),(589,60,'1fmuRpSaQmoGCocweAuCZ9HKAz4CILsfg'),(590,60,'1OCLU2nWrb8xg7KkRZzyxm4165C-fG-fq'),(591,60,'1d4EiyDzCbaYNmdFhtuICUVQBKt16knAq'),(592,60,'1_ZKJmivnc7Rmf7qNw4Vx5R0rx2rS3U5C'),(593,60,'1NWoYeWlWPJFwSxOb51_9w2YmF0igq4w_'),(594,60,'1mSOlNwUn_ZNWaAXUa9eQTi5aXDY4rSeh'),(595,60,'1IUxrJHUItT0KHppTCExI6Ve3na6DfDjR'),(596,61,'1ek0TiAYNGG1G91Nm0YuxYJR2zfyWzN8n'),(597,61,'1AcCAAyO0yrlsZ6MjWpciypAzAhnt1mfV'),(598,61,'1gszy6cUSVzNkA3wCkLEtxULmYCagqSx0'),(599,61,'1VVgWLqQyHl8E-u70d8FED-83rz-nmBmm'),(600,61,'17jMNTXP6mWSsPTu_B-Wc9x0Rdo7Ok7HO'),(601,61,'1rqm2iGNQ-U_KfqTtDPvEuvL6SQTcwisH'),(602,61,'1CRt4_bXqexQYzhRKcwaxOcmnloI34C4Y'),(603,61,'11NhBgJb18HC1SELS3X6lKw6O-ytS8e1B'),(604,61,'1oNL1gp_Azjt8tLjgdBxD53PbOwjLE2Zo'),(605,61,'1Ql4QzEhDKvFEeBVSGel5eYi4OY8EfZWm'),(606,61,'1hXp8cDtRO4EHbSdidTxhdLKrRnQJMTlr'),(607,61,'16MtEbA5qSXDhdvTWyOh9xVu9MuXOF8_P'),(608,61,'1G45BZcyQsMTaJASyc8TU-IuB1hlQuBGJ'),(609,61,'1qvJ21CPikYyp_hAq1m5Uo9yUXBYQWWkK'),(610,7,'1vo1umUJPyAH453viRbtNJ1QXb3MIjA6M'),(611,7,'1N1C6m0IVOvlV2VDiwFVDjNI9xqtZ6HaH'),(612,7,'1Meev9fulh2lWdi8SINf2ngzE6P9omwSR'),(613,7,'1n-rqi7fUlmsGzbTCOFqT5f-2gNfUqP27'),(614,7,'1tfNOBGVlycSpUzo5Q4I6gjWa_P26wG5j'),(615,7,'1PdFhxiD30PcHKvvgtlyfM0auUiJ3ODnq'),(616,7,'1eMXuy9lS_MUloZ-OmgW8iA3Xv_zJFMz5'),(617,7,'1hBTnysJ8_pM-aK1BfYGbcpilK1vwnHSx'),(618,7,'1Mfm9KnoQl8IdE31dHGThuDTaYyTzfC_X'),(619,7,'1TW8zKSF1j-K-gai8lcFaJB7GXsUDb-Yr'),(620,7,'1R1pUjOi4sJp71Lij2H2703s-F04RCRib'),(621,7,'1iWxStD3Fmd6Wojy3xuDWzZZ2JMnsOCfd'),(622,7,'1igBD6d7-YIHVl9-20lp6KBt3pfq-Z-vC'),(623,7,'1KrwfUr5y6D06Q9HUAcoCslOux7kUuoI-'),(624,7,'1muyLfcZ6HtxfaAF4_pq8NrPSWljjUtNT'),(625,7,'1KNlkHTWECxUFRRaFxbRrRvI4Gn5Ml7hS'),(626,7,'167MEstirRDKxU2JfjB914cHV8ytfg0kW'),(627,7,'1wJwidDvU6Q3uHF9BYmoG0JpM_KwtLDnl'),(628,7,'1xR_nFE6FA9sWKUzzaw5Fyb6wuDVpu2QS'),(629,7,'1cemVPQK33OMph-PeCcf5QSjyJ3JCJ-33'),(630,7,'1HX7VOWnm7dTlA6okI2u0ofeEHSPPPIOm'),(631,7,'1HEj85n56l_GGuV8YwduB_SNbM9wDMiXK'),(632,7,'14xnP2mHyUhrgytEWKRCR0WujNQleJVbh'),(633,7,'1k4NJjrgpzjaw0hKQQ9_m6oWyyYkxn5Ha'),(634,31,'1zIqldvDDbzFXYvmSheHg_sIcFj-G_5-d'),(635,30,'1EHA-97IstR0BQI9kIJ8uK2nYBEHv3K3Z'),(636,30,'1rnS_GcqKIm8gk6HQJse8DQoikNVeUo1D'),(637,30,'1zn7Z1mu_d3NLlu7sHeC8YxyaLgvmnbax'),(638,30,'1m3KM615w_i9fdkbJuj3g7vIEildCuz2h'),(639,30,'1DR5bOAVwvwHbf8mHkPFHB8o-N_EXhTNg'),(640,30,'1aKzvedkJF8txaHGMl7rtdo-beA55-BPY'),(641,30,'1F0S4b8TBPPdR6RvT-f4T0roIM5AlQsH8'),(642,30,'15U5besdz703RkwrBKtwLP9GzRn_dN7tX'),(643,30,'1wZq9OHiXbIzusQEu5BKxsjmUsloKI3q6'),(644,30,'1fR8X9PwJ8qIIeaGlnAmtGFCgSxiulxyx'),(645,30,'122KywFW2t6SPcFDXrFErKjquw7ROgl_T'),(646,30,'1OSCIOD_B3cZ9-M-pMTR6J4KtdyxMa4w2'),(647,30,'1z_8uIRyo10J_idd5HMYjfscDpiqfd481'),(648,30,'1IFztT25KQ3wwAuc3QoKcI534etuAhtHx'),(649,30,'1X1MWVxPWQ5DeeeWxf9-RnMoHsDlugw8U'),(650,30,'1Xq6bEGCX0Ko9DCLNiqfLjklQxqrxYU5z'),(651,30,'1vYfUiiBATKd-U68PBkaOrmlXdK9zFPbD'),(652,30,'1nCinXRmggnF4EFuc6VEiUX-tzp_3fy20'),(653,30,'17L8hMr7h-6f1iLR1nDQZoyZQnfx1ZNan'),(654,30,'1UkkYIvEQ1alhbOxX7WVaERqZXFjefU4_'),(655,30,'1aMzp2Zp3af1A64jmhe6Grnpe1yhv0ubJ'),(656,30,'1YQrD_2CSw1Xszor6dReTD7NWl7yzeQOt'),(657,30,'1j9OgMZrYRHh26n_q6QZiybUX2ILO_W3X'),(658,24,'1OS4BHmIMSui0CE5JAI4ek74h2TuXLwJg'),(659,24,'1DaA4lnHcmjancW0NazSQ7ABQJTREx_kz'),(660,24,'189UpTuQjf3ThiakzWAh3mnPkUnJg_3n6'),(661,24,'19vImJPrY8Gdpodv_c5fgTwB7PcpVCI6a'),(662,24,'1SlYOmtmY272Gkx1uGKHQgZsyS1bHMKY0'),(663,24,'10o-VNEVAaPkAr7WSsrQYlEy-xzOCW3VX'),(664,24,'1m6vxzPE_20jytTkzLAyl8oO4_MmKxdWx'),(665,24,'1XBDEXmXZ8gx_R7WT053Mni0CJAk_GtPz'),(666,24,'1WgmC4i30to4lYNCE_XdJlLAxw6LrHas4'),(667,24,'1bE8SZt9lYMRe5qPuVfED9pBMVPgpqN0k'),(668,24,'1gxcHQkyfcKkRKF8jp0eU22VxT5EGEQS3'),(669,24,'1UDS5jhMuCF9i90qSiBUUl6Bwml8b2Fwm'),(670,25,'180hIZ7zif4rybpKQz2qNESGhq0uYkc8L'),(671,25,'1slMAIw3U9sJIVi1rmJE_2om6HKLYcO0y'),(672,25,'1fe6Q6U_znxym0_wWwOdhRz4AH0EGknve'),(673,25,'12lOEENmuXX8nptslQXKrU3t1easjeOpL'),(674,25,'18fMLay5amGonJslVSXO6mGfgI8nGgugm'),(675,25,'1Jw0J0R4GtedHyByn3DYTQ5WAkZ5bnI-U'),(676,25,'1valjykUPUlsEPmkJ__IzAhAhc9oDrAYq'),(677,25,'1yMovw5okMmNv0qRs8zbTQVRxkfSgQLwv'),(678,25,'1JxybU0Yg9CIMEUP_4X6hjkY1UnoJqQw2'),(679,25,'19Z8l3DJrlszYENk8Az_OMgj8Z86M1LBz'),(680,25,'1ng2bfiOf96KNVvtGWzEucqp5qttuKmty'),(681,25,'1lYQ83TDzQn8czT6AQiPVMoqIUQqoNY5l'),(682,26,'1O1eC8wSCsAm8UDtDOq3m5yRffxpc8OiY'),(683,26,'1S8b0jJLI4J5dOJ8lWZwmlHk9uKDPi_-Y'),(684,26,'1RyZ9Dl5RFHme8786RqYljjbIGnh_GVi2'),(685,26,'1Gi6pOJ5QZfTnRNfBJ2L-YT00ePbrJTCA'),(686,26,'1Om3iWiP6qR80LLz05BCEKAZitPOXqUgG'),(687,26,'14pOveuHUdNA1_AskSjdJPy8rPUzegGjA'),(688,26,'1gCHlPwbvCnDO3hq2RJvVpfvQy45lbcEp'),(689,26,'1GGY30Grymp0Yu3szZwmEXKusDSNK6L8g'),(690,26,'1BlfbOI3cvTlnt8UzWF7LdEQ-eGJuNqWX'),(691,26,'1yzmebMU_9FY2urvJZyjMKrs7J7-ZnytM'),(692,26,'1c0sgEyxMm7-xZKkSUaPojCLiu2-ARiB3'),(693,26,'16kzaKSWS6mymGWp3LxqWNkFJnZM5sLc5'),(694,27,'1HIbpWOSwi7ht4Ai_BPV1_h-MAB2w4-Es'),(695,27,'1sHCcG-k37ppeuCWaTR6u-nkq2Vz1ZZ0T'),(696,27,'1IzQAVTjsFUbUmxweMo0YS144JmrDtqZF'),(697,27,'11x8cQPax4X2WqlW2zi2aPeSlhU9eUVfh'),(698,27,'1fqW72fE-ASByDeY11MrtjAg5htWEfyjo'),(699,27,'1v7KctREDrMMTEEf5O6wn2IseGpSdVAUU'),(700,27,'1cldOJga_TPxxbY_Qo7ph2pR0diqICPbU'),(701,27,'1buYBIqZ3_InaiedEx1gZxr83AegrQ_rL'),(702,27,'1nyF6E-gDw-5eN3b5cl2Q0hdvn-rtwGfs'),(703,27,'1y-EobA15mUWxqxX6ToiU0-WOdwvBf2QQ'),(704,27,'17WaEj-xdUHa6teNTS3m9RXIDMeFi4N7r'),(705,27,'1gFC8frYM-jhgyOHWvoroFl8Zp_y8Hbfm'),(706,12,'1B26xGg-N-YFqsMCvxcPsRXLUhsIZ1N8Y'),(707,12,'13MLLh1EVIiUnBiKdcOJOvFDs-rkIywl0'),(708,12,'1ECZ3EKzhZxn9TNY7XISuaW01cyiqxtF3'),(709,12,'19AkYAAC8QHdatwK_UK8I0IiTqUfDsH5K'),(710,12,'10k4gHuOXa82wQzv3loyS7TLQWITCitly'),(711,12,'1tgtq4-16YWINZA3Mlw3Utu-6s6Ne9ktp'),(712,12,'1rVRfWV174yegqD8phvshSmNiPwy0AZvb'),(713,12,'1c2GSwoWdkAnRLlbI21c290yFY6tf3Gn8'),(714,12,'1X3s6qmd0w-QBrVOaflXD1M4cdozzFXez'),(715,12,'1zpZ9vn8bbjypZaAAFg3__LokdsrhHb3a'),(716,12,'1yWKhT-LqZHWyftzS_TbyRkKENkN_oTfR'),(717,12,'1dLO3F-uSpQ9WlGmpZaRJwQV-oN8cD-cF'),(718,12,'16hLCA0EMWSs18FjvF6N_xXcrcc_GwKOS'),(719,12,'1OiSlRGvnnETOI4XnuLor4QrvONKr70Ga'),(720,12,'1nbS-TEOUrGxQqqn2ht1qre470TfHQDv2'),(721,12,'1e8a3_vnhe4J5m4VP1esQTpeHfXRD7FZR'),(722,12,'1JSP8ilF4kDSrrRWAo_JFcJEyQTAFnF2j'),(723,12,'1OoHqnU89IbYwjqkEE0HPesIX_fd52WJx'),(724,12,'197Z687h4HpZMMW2iXp0DqP-rvJaxtk_5'),(725,12,'157AsxMhOg4GtW63rcXlF0L-nVTKBQ_8N'),(726,12,'1YUj4FMXjhPHcV2c67FhMqc3pMNgZMmff'),(727,12,'1gYE7qtEQ9gg7ysn7GDN7eDoQnRXZQb2Q'),(728,12,'1Gx_PcoUblqA5-RxpNPuS5ERmKoH91eFr'),(729,12,'1dYr0khVWxbANy9tHtwGucL0cps8GmX87'),(730,12,'1qFCIVA_vjsT7faK78fBOItELSER4LcME'),(731,12,'1dLtu2WYBN03gU71QkgfVm888XGRIi-Gu'),(732,12,'1f2zrQj95GsUqmFnchQNsXxmjSKAQFtRB'),(733,12,'1rI4nSFABVVhJ0mY3rEUBvz0MfHHGU3aS'),(734,12,'1XuWrCwI_mXp9nd_aqGLO5fWJDOL-xmeF'),(735,12,'1Ckt1LB-hdnEepu8JcnyQvJl8gEFsXGaw'),(736,12,'1YAlclqqjEf_82zKPMcLqTr0gIs5XyXPO'),(737,12,'16BDL9vKbCHdSM6YtzLoL9lCyBgtZJIPz'),(738,12,'1ltMM-9Ky-DpWv7spC5GO4P9c2dM96oY9'),(739,12,'1GcoGESDQC6aQD2QNv-iC7GjfICheSz3m'),(740,12,'1eDobjpRAyN32PTrNFOwDUpdFz0759pIJ'),(741,12,'1amZTCuWMTtj8HuvgZ6LDHPKWbZoQDXoK'),(742,12,'195zyoyfEd7rQ0eqQWlVsl04iforoBSyL'),(743,12,'1aeFpa3C8UsOctX1UgtP-8Jyh0DbkLbGg'),(744,12,'1VmHc9Y0R4WFbudhN3UZrdMJbc03QNU8v'),(745,12,'1pNhtelcsCVbQ0WNpPV40PrEpC8dG8RSR'),(746,12,'1VPVSkf7Vu1_j0yrqMIPLe2Ou9PjL-BQY'),(747,12,'1yVNRtT3jeitI2CCQ6ZALtXE5h8AB7t95'),(748,12,'1ewJgLEf-51J-JyL94OEASEMuPOca84hx'),(749,12,'1iVrcDUJEyxJSh_4bGaX_RJngkHyhZCni'),(750,12,'1X09lJBEKEypmstal3WkWHBxgMMIQm1ro'),(751,12,'15KT1zz3BnTnjdLpd6JpHiXRxuEGwj9j_'),(752,12,'1qdrztgmgIMIOpvZwf4oddra_Er172BHz'),(753,12,'1cGTLFJTx9qiy3n9FhzJqC0vTcDceFdf8'),(754,12,'1R1B0k-CWaLkjVnfAabbTE6SOqP56HjFX'),(755,12,'1GFQY9ukvQtcFgC-WOYcOCnZnALinoNol'),(756,12,'1p_Mp6g4KE0-4qqjzSVymRCXKbUsaADMT'),(757,12,'1PfWLd8B7JDX8om8pQgUuO3_S3GLfeITa'),(758,12,'1StKL43okbEga1OO36jn2-hyLli28w9oE'),(759,12,'1Ce-B42ItuSb6-XmR23_assYmUiRVPjDa'),(760,12,'1epP7DmeyY6NBYdv18inzcPA-8w2TYy0_'),(761,12,'15Q6MHixtuZ_CqBcaR2GIrvr7ioRAp8Zw'),(762,12,'1Ih1RFAdqUGQFoMltiErIw9Jrm8bu-JLV'),(763,12,'15kyOQsDB_C7FjccztNQbBBXp5h2eeWXb'),(764,12,'1t9Or5tKnJL9Gp_HkjQDso4wl-3nyLwzV'),(765,12,'1uKSnXyZSQFUgY_qIg63EFcDNuMqVtaDC'),(766,12,'1ZHVgVGMjYzwOz4TCICRt-NKPVAhb2A5z'),(767,12,'17RKRQBi-3i9x4pvOhbnfuE1iv1lbX4WP'),(768,12,'1El4o-dhJZ12G9mZyZ5ssolFKP5d9OiQn'),(769,12,'1baq0YLR9w2d2SdxJHDYg0Dp0TaW6MkSW'),(770,12,'1lMdvpsRyKdEit0whBESEbKXqweZoYUHM'),(771,12,'1oqgdHw-qhxkrno7g6u8cvIByHBxyMA5G'),(772,12,'1PTqIUBIOal6hfNN_N2FmD_VT5M9Koc11'),(773,12,'18LyYpz-ULWwJBWPV8XFgfYfjVXRO74Yg'),(774,12,'186BX8arltC_MnhmoLy1RmQRrQ1FJSNuC'),(775,12,'1BOWVTzq15L8JVM3HhkEXyVkjeN-wEgC6'),(776,12,'1k_4gOAJwTcAi1bLO9axMqMjaoiflClIq'),(777,12,'1D1-BqX0kzAb4PrMru7Ys3qi1noXp-mgE'),(778,12,'1FFgxSoS8Ya-3f9SKe_TfjqM4Y2KyeR9J'),(779,12,'1o6QyFU4-0Yf8eGbzzkaFf8Q3nNJGavU-'),(780,12,'13XqIt9VKPbkFTdInPARKkd62YcP7aWz_'),(781,12,'1QN7QMWEwFrhZiT9Vugt-LsknJ2IReLBZ'),(782,12,'1-C8dz21zuGDPCjpS8D8pa57PFkKhUgbj'),(783,12,'1y33UoIUGSYeUeywEpj8UwS2sk5LYqkKX'),(784,12,'1r-I-1y8_AsLyzl-jDG3xwq6U9cBmIgW2'),(785,12,'1r6lPOT7EAEmpPADDwb-SMsObG_YjaKtY'),(786,12,'1PLhq-qvaKsl06b5u6XydQt3y5ft2-Bcw'),(787,12,'1CK8bbOlvrBG9sszxEKnGJGMojeldgWNE'),(788,12,'1vDeRy14FZ2sS82WSXWxZOnbE7Oe8HpFI'),(789,12,'1okQ5oCWHcu5XwFG0HezFEWOmWBp-vtL7'),(790,12,'1s7dtbNfXFCvkNXIBFPwmSa5o2LkKeFHy'),(791,12,'1X7-5vhUih-lGma2py4AhXM8S3LiqPAS-'),(792,12,'1idyqj252bfGbY1SwwTvPghWpOsQ2tEc3'),(793,12,'1vyDVD2cwP4d9_2IZoW36N6XFrvHli19h'),(794,12,'1-Q29GcUWgZ51mcfbukErALMU4M412Ua8'),(795,12,'1FVdeP1aN9liO5tUsb7f-UP7HeJSp3DQD'),(796,12,'10OV1yp-icy2kpm2M9a83qpccsd03IARe'),(797,12,'1bGRLb5qEXcHlWzSkbBiRjn0NxnPA4yaQ'),(798,12,'1_4i-_RRsRN0rhGQ7y2y_JHP62W44nS1b'),(799,12,'1LZE68_f-XQ0QWgnRR0vizLLzXqoJEAF2'),(800,12,'1ngSQ8BttfvMkbcNbmRC4zA5cvuXLRrrJ'),(801,12,'1KBqdHqrlZEgXdd34PAa07b9XA1hcv9zV'),(802,12,'1axzGf7_cgF7QK6NmFH_EbuXmGk3gS0Uy'),(803,12,'1d_8PIcNowSCjK5KXk2aav-rUd-zqrp6I'),(804,12,'157egIwtHy4PthRCMASxtuNAf8g2LCkYW'),(805,12,'1qoSKt77ZoZjWtlKvzDamaX7uAjmXt139'),(806,12,'1hdQwb6Di_sI2MNeHgnacZI7GIIpqKrqC'),(807,12,'1rzRkXI0UYNeen7M6f3NETtymblTfU3Jw'),(808,12,'1pUu7P4Nc9jOKWRHozrJSin3ZvC5QBTDP'),(809,12,'1oSgWySUlR8q4-AA-7hh9Y91P_uCJe7tB'),(810,12,'1E8HtCwhy5vmTZkECW_R-oMgWVCKSmFfe'),(811,12,'1GcTIBZeccGwt0zvqLmzHOIfyFkGPVXcq'),(812,12,'1L_gQCjGrmWra0HSQ4Xr0dg1kssh7H9Pf'),(813,12,'1OXMJe7jA5tVzmbgq-rz0_XY8fJnk-CCb'),(814,12,'1oln5mp0vcmvfk4Iw62pBEXRwW4na0l5E'),(815,12,'1DFoSIzXp-uL5dCmvY5kksXo_rOysXtkX'),(816,12,'1u7bPjsTQmI5ym73ZT-eFn6HpiGrQ0mJx'),(817,12,'1zPdSRgtNCresaPa2TwJ5RrP8xSzsZulv'),(818,12,'13CMJ4vrT3mBUj0i2fAn5pmFkipqtffZ1'),(819,12,'1afAqUU_RPmV-RyzMdnrsmY6WxPq0qtOK'),(820,12,'1B1Fx2jcQDYzJFGcGWep4e5HjprRdkaqK'),(821,12,'1vIx9qYJYYBQBtrbv4VTWYlN-h8MQ0Ts4'),(822,12,'1hrfjautlfK0DTUN2To15Tk0cs1ytn14R'),(823,12,'1ZBAojnzbkw_ZRBhsNH4-c1pjAada1prs'),(824,12,'1Ak73z3hiaT2ow-bEw6lCxbOYR6RUdlvk'),(825,12,'1akGVUn0N1eWxFfTh1D-V4PsDQ2f2LaEE'),(826,12,'14jOPS7sw-BgnOagTYEgpP6F3M1K1dImd'),(827,12,'1OG3lZcBybl6ttyMuXna7VZbDgNdfgKa1'),(828,12,'1wEzf54-En354wy52CyfqHaJEij8MROjy'),(829,12,'11edvHoCZRR1W9UL7DjBlmYfdKJiHmyNG'),(830,12,'18tGUt-oPa-ADANO-dcjaCS2UwRup40dR'),(831,12,'1E3uuhsRcBdqOmhMYxvdoTCzZNMhrhnpE'),(832,12,'1onsBZZdxdZZ7S0oiJr_GV9rtzCHCNs5D'),(833,12,'1-MRu7N0RCRfDlUafwbKjjwYJBviiIZ6U'),(834,12,'1tKrODN2UvM8kPY8LiJxlF0L5oYP5sjmL'),(835,12,'1L9MilXAd1x1Y6RxpMJlVuY_V4D7QEKSJ'),(836,12,'1yLgQ6SWHfglelm3IlS4rZEOKUw7k_h9O'),(837,12,'1fDH0mSP8ri9kFuSJ2dor0dPIYVZiBZ1C'),(838,12,'1VmEr69pbTRP-GjIsYaS7PYyBnt431G97'),(839,12,'1pZ2CI2eZ3ynszekfsUIzPVOgK3BAAHEu'),(840,12,'1DFYctvdQQXCWTyIXGGZYeHyP6jY_0yEy'),(841,12,'1s0f0FB8mydYZKln_QpUSibKxK0NI1WHS'),(842,12,'1Zz8BxizvxUBQavMRUju5XOK7LPwpxuJl'),(843,12,'1G7JNCEh5N5S9JUk7gEYYmueo7KgHNHH7'),(844,12,'1wRskXXeoGE4QbaNjYyhqg26aJTjOydTB'),(845,12,'1P4oB7FeFrJ-MhA5EIXabGtNKW3a3mHtg'),(846,12,'1b5qqiIfi_eT-ERay1QqOyefYl17_GY-K'),(847,12,'1WaAm1TT7-r9zvD5leTZvaVquqx32rubg'),(848,12,'1eGoc9NMb4ck7V5zr7b82_Cb_MSJQPe1A'),(849,12,'1dYSF6FaX3ViKUPQzwbGd2bh41hYBKMqL'),(850,12,'1vtj-fLICXXakFY0cuSkRaZGhRTSAMlWg'),(851,12,'12FzaHMwSvkmAwwHueqw0XP322fMiEQmT'),(852,12,'1bO0kXhPChNlGfa275PPAQS0c2VoW4hO6'),(853,12,'1SmfLKIUNKnAwaP6dyGIr0VhtjGGtHanj'),(854,12,'1o36U9cnDNFjCd9e14Yr3SrcKCa8zC8o8'),(855,12,'1qCnbAMB0zLCnrlmjbMZYL7ScHdC960LN'),(856,12,'1-eT0YAoa2-gqV5kAMuWZLEc_SunytPhp'),(857,12,'1Rm17pKzHJIaCT9y6ixZyEYrozlv7PcsI'),(858,12,'1kYyc9nD-iePptN-cFXZz_GPCqnSk-09T'),(859,12,'1XK4PlvDWWX8xix4PR6FXSEw_dkmLpK5g'),(860,12,'1vxkXaPG_ty3pVfwd826KUG0Tf5OHWPYV'),(861,12,'1OP4JP27iri67w7c4tMuD3MDF-MPerZDu'),(862,12,'1zIHUv_RsayJlTr1qRB0S7OwEjZiqZjp5'),(863,12,'1TM7AfMv0ZYnbgc-m79D95kMkLQ74k79a'),(864,12,'1y-p7wtQxKPaSGGnxlGT_b3Ez4SlTQStC'),(865,12,'1Rp3gawbA7o_VNeVJshGHHuSv92s-vRPZ'),(866,12,'1bunxjveiLBxmY6w5d79aBFHd6UKfoz99'),(867,12,'1WRIer8q1w7unPFyqkW1ct6wgGW5Q2uwq'),(868,12,'1UcScq0LRjJqNatdf4uyc_pj0EAdPpLO4'),(869,12,'129ppksbLIeFYQr7qynqexov8f9gNL4oO'),(870,12,'1QcW0jTqdAsHm_WcoBY0NrLtIpFSmk5ON'),(871,12,'12hqRIR1NBGWZ8qhFH3t5NU_AsuNXg1hI'),(872,12,'1UJnxBoZAGPP6r6S0TWE5jMZgKuF_CSWq'),(873,12,'1mraxgk5KPvkBFFo-tb5eDSz0U3n_qzlc'),(874,12,'1pJT4c5kizN2p96na14aswgyhZO3KkSU4'),(875,12,'1v4XqA1o7OtW9vWj7dTl6tamHalAPyV_w'),(876,12,'1v5belhXPo23EO7oD50RU5KDqSN2jLO2j'),(877,12,'1Bh76_YpB74nVAzDvweinRJRy_Zta2nLO'),(878,12,'1PzgeSINdM7ZBsslmsSnjd8DeV29ycqHd'),(879,12,'1y1HMpoTadOzPqPiwQ8LEXm_N-P7pp0E8'),(880,12,'1a9M1T7xjlG7IgZFrNjdx1pmPuj4RcNUw'),(881,12,'1ipgogaQKfCrFhbffljEliagx6EVJCOKn'),(882,12,'1V26580RQmPec_511qTBS-fP5w4bsyUtm'),(883,12,'1JCq55sRVvU8lnRpu2Z0aHgSpiPgjEicq'),(884,12,'1fAf1tFI2K7ESZGrWWGCUY7BDaCgASnA7'),(885,12,'1_IveBsc0wOLyzjxGLGb2YJDRrVFDRoS8'),(886,12,'13SqyxSBINudAGQlgeaAEajf_lk4wNCn2'),(887,12,'1NrgBDQNozxE1FmY4ccvKbsJUCBS-RWkS'),(888,12,'1hOVuKqVUsCMPGO9OATdvJgI6pldDLIME'),(889,12,'1pplyKUaNTdYCiNYEKrJIGvSWqW_dk0UN'),(890,12,'1kdDpkc3aiDrxeXz5Q53tyVzCMKbW8kZU'),(891,12,'19IKZcct_V5FRtT3tZO8J8EJVw83_Ewiq'),(892,12,'1aVXOg6QTyYfeZ__Jw5eKs_hRknKFbyUe'),(893,12,'12exWDIdMSgICuWsfUrmmic2qf1v3UNqi'),(894,12,'1DVQ0IjOFN_pkcxz74vtb3QoJl_NofSrd'),(895,12,'145ph91Yl2ubMNvoTAy-tDKXB2tDEiX4h'),(896,12,'1S66s7beSu72_R33FTt6F8xLPeDsJvmlm'),(897,12,'1S55Wv_pCJ1hdDUGzsQC83x6K4dp4xQcy'),(898,12,'17PMqV2Iq7-R3kYwaOR2vQzjRu7zAiQRU'),(899,12,'1YMx_2YYbrgZN95yeheE5m7o_5mNZ9NXD'),(900,12,'1vqodV4xO-oYcO1RJbqwmZyy6SAcZ6E-O'),(901,12,'1mWbmQaK-Fz1NE8VaSdOaGSzZlPa_x-ZT'),(902,12,'1DNFGOizzrYW7NGZkVrIoA2YgML-ohSW7'),(903,12,'1wTeTI73wNxUUXF39ASsW0CNSD1xBanPd'),(904,12,'10k1L75FsZZe0JJKl_VUDOYJIhjFJvh0N'),(905,12,'1A56lGboA0o0DRspQcJTnHXbo1lFkdVsd'),(906,12,'1d1TnLgUxJfZ5-aGQzb3z_lBo0VSHnmsO'),(907,12,'1Lx0rOGg5WWn8W9rFxSUdgIl30hGxZQ0k'),(908,12,'1COVRBjEfmwqS5mdVScWAAkPjJzDEHaDM'),(909,12,'13rnQ_TnLuzXxbF7Eq_LolU5_LoD8G40P'),(910,12,'1PUnGHWtgpiP9r5Kxo31XPhZi6L6Bd7ZH'),(911,12,'1XVLEeSSJUlVhrCmo1iUwp6Zh0FMYkMOe'),(912,12,'1VGQMRHBLPVuEbX3r9Ksz2NTMxzRYHTnc'),(913,12,'1gXqpfqZ_g4akfpprG3Or10aqSH6iUluZ'),(914,12,'17fYZg6MxQQaZCRKEpLhKdASti7BgVQt0'),(915,12,'1ZL57lJ8lRbmIVjVaWg6wwRnc8Ub_qT2n'),(916,12,'11yh9R9UW8b7P2m5qD9HDRICZVWQafKo1'),(917,12,'1EtkfhjM7CxIDxjpYCOHxdRDB07czzOsK'),(918,12,'1KuTgsjKuhcaq5Z3jPvb4oSI4asC9xelp'),(919,12,'1FqhUeW3gCJPWrJIxyDEUuFZCZ0_siNd5'),(920,12,'1n0KG6lxJ2r-3g94qyjBikzm3dXEo2iSC'),(921,12,'1rJru1z46H6MQsNF3Uu85G8gQuspQ0YVc'),(922,12,'1jFX8psRk7yvoDcREEUpMEl8zR45VB_WI'),(923,12,'1V8HcMCigUdIy71xwP4Z1GCELJDuBisrZ'),(924,12,'197FbgpWs8bpAvw86s_LXxn2jMGUEXSPO'),(925,12,'1ILuWYlV9C1UfNAwz50rfawI5CARw3JTp'),(926,12,'1J6d37-gIJgYYszP4shVquY8-RqlBG64T'),(927,12,'1isAljBfq28UokZEF5YticvAdaC0Jp4G6'),(928,12,'140spcbsuTX23170YK4-x3sTqdScj5XHK'),(929,12,'1ThNsbpvFOgLZpj2mALLllTY-yPvkUoAA'),(930,12,'1_3emRgAOZ8Kq5DnnY4RmtsZaJ1oKh6Hs'),(931,12,'1EhhGd4SdzhEOrgYmq8KSeUzdq9M_Xbw2'),(932,12,'1TVhFKeGTlWcbFHO2kICZZf3Iac7I6Ovn'),(933,12,'1J3aeLKrgnp6Vvo5n4wT6lhmAH0hctIlr'),(934,12,'1XB92yhAv4d64Bvwpg3z7baSi6TkqEvcy'),(935,12,'1CcdlyaKsKl7oKb1xGTcFBdmMsfS62lQI'),(936,12,'1PIhqP7OlJXAJLRhTaVL9WGmFqbu_Iuf_'),(937,12,'1SAZjqAatrcMHts9G6kj-Cvuv5jX4R9kh'),(938,12,'1EXoYjwsa8x_fuVgQCBz5q-iSut84RFmo'),(939,12,'10rTVEdzUCLrPLBcN1NEiwOlTTVVkoML9'),(940,12,'1qS3Igw7FRulV-OxbOd0sGVqOBiqMI2KF'),(941,12,'1Fy4LQD9O13a_hY-y35c4f0sJszDcScuT'),(942,12,'1m4V2ymCp_wD9c2YafWpqiiL6s_er3jQ4'),(943,12,'1tMJ2Wp5b4_Udd9pdUyo_86AsE57-sJwa'),(944,12,'1SO1ozyp8B-gSFr8hF8bT1gr2zSDtTdwf'),(945,12,'18zRI7zVqa5lk6VKApILiFpGzXzePi-M-'),(946,12,'1RQthVv1Z_QkNGeglMngSNTGuYPFaSchp'),(947,12,'1LlDvKxmjeXuw5ooOXXcQkTspP0FAvLEb'),(948,12,'1Ve6ZBAH6CTbFFAP6ghKCjP3TF6XjA9P9'),(949,12,'1UOj5E4JhFWWRUTI-HKIJpOF3pupyj6NC'),(950,12,'1g-siiLjpguNgcm9J66SJNCKX5aYKLuMs'),(951,12,'157p3dJZZ_vf5Od4B5M7UF62ERF1RFtXE'),(952,12,'1SgtGUr5wmPK9g7qB2bhvVlRDOPKIHkgG'),(953,12,'1Stbz-f8fsWlA3qD1c6RAhRW5JjnnwFnc'),(954,12,'1ngxSG1YikU3lcKr3n1VzrtjlP71OVTdD'),(955,12,'1ROeNAjUmMeJBlU5UUTpzwzJhmb0f7x_K'),(956,12,'1VPDKAULZjxuo_tECDMba67njirNGH_BN'),(957,12,'1O8AGnZWs-x7psUzOHpd3rmzTjH6n93Ox'),(958,12,'1a0o02iQKj7BQmdUW3z45WVSAn7lJWuuI'),(959,12,'1e4RV9rENXmvnkZ_moQH8cQ08xarsaNVl'),(960,12,'1owNcC_7fjzp1HWFQvzLBzMPn-ngpg6Kf'),(961,12,'1CDHfP8KvQON5U68rL286kQl7QZfnDhMR'),(962,12,'1MPkzHhinWancpXSVcKmmpWL6p76cLnWh'),(963,12,'1chW5F1bsW3RLaaMDYZuR_ReuqzUiXdoN'),(964,12,'1Dj97_-h4dLTShlMzKKq-DZ_3iZfqY0Av'),(965,12,'1eJqvKkJsd6kkBsUZi7t-0XIn72eQgqOg'),(966,12,'1rw2zAwnHrjxdIpLozI3umsWQwdJiQNf5'),(967,12,'1duq-tjK7HuI7We_14vpOqcineJdN8ReD'),(968,12,'1--KVNYpFjTATv5WbpY4fpGXKHsrbNeqA'),(969,12,'11s34RtCySmJPHv1E0cr9C_sxu3ZqQHYQ'),(970,12,'1ayNKLpJt89BeEQk1qwOvWrETOUoFxX50'),(971,12,'1L-0VS-TUiAXiDbyUeJjakD-UjI9SN8eW'),(972,12,'1A9J66lcCeb2RpqjCmq-kUNHIqG2N63KY'),(973,12,'1Qv3yXvB0Mk-LHZOFn16hM32TyDw4wmzq'),(974,12,'17deuWb36D0gxq_7wTu8vne3Esc7MXOCZ'),(975,12,'1e_n013cOEHVGzEVR3D_HtxREBQ_AIDJB'),(976,12,'1L5-MZtNEN3y1hwtCghuGfn4SnoAD2-Zi'),(977,12,'1C_8NH2s-IA74gLI3Y515ptCUpHSPzSgG'),(978,12,'14QKxU2gdfNoQ_j8PHBm3FgAyPJk5w4pN'),(979,12,'1frBZYX-oSDM_qOZ4ZT9C938BYOD2Jm56'),(980,12,'1HGII8kgdTIsAYM6Q8e-XvJeUH58O1-mz'),(981,12,'1Q6_eEZS0HH-g1LppYfKP5eRflCHgrGfF'),(982,12,'190GbVqW4Mooa-LtCP1wVx3W2uVAaq16h'),(983,12,'1PM7r2vneMPR6RNJMD7exbWak1NQhbXMV'),(984,12,'1tGheglUu8Mlf_qFwRECseHYuelMa0dY_'),(985,12,'1PiwHNI3D7InsZ3c3U7hbe78iuOLJQYNl'),(986,12,'1MhGUQYxBh8rDwGPybH_WALbzfekXo0sE'),(987,12,'1GpYEC9-9CGAF7-l2EbHJi_OgbjPPQEVi'),(988,12,'1ILv1Y9F9-XgpMhc8xlYO0kwvYkFd_gZm'),(989,12,'1YhVg7_z1lH6QpG9G7n--ylyYtqk1tI7A'),(990,12,'1NfVbfqozPzCXJneqiNwxX7r2MieVLSXE'),(991,12,'1Z8eyFr_bK1dofoIRTS-OaRFUMVqhlvFV'),(992,12,'1v5AToVSo1t20ndIEXB4EyldB95qSopa8'),(993,12,'1q-TBdhZW15HhiSdkEbDnhEyxaCz2emMM'),(994,12,'1cFhyoxQGUTQVDqaGOo84bQBLwFQCd-Iq'),(995,12,'1mRSNOxJV7uZGW-0d44PdcH_Ux3T8vuoe'),(996,12,'1HcG6yhnKxhG4Bt2nUGljuN_XN6c1p0KM'),(997,12,'1CbDBShex3YyvwFW1szVSKPJplSn7_LkC'),(998,12,'1PAbpa2IaL5_BKvyJzG4zp_2PhDcewCGF'),(999,12,'1wyLwGlBbOAIkSrhfZM7IG9U3UL62vAhB'),(1000,12,'1YN8nDNs-prXRyzwyPCLKmWi1kTJrugFJ'),(1001,12,'1Rn6VMwJ5H3twXaCpbxZX7zxjCkNtrWq7'),(1002,12,'1jNwMsRe1bqlsZ_c6KFXkmQS7wSPCpkFg'),(1003,12,'1zO5P6cFpIv7_nUdLm-1mxixy1zxwZvYX'),(1004,12,'14LkFn_JwVKcJnnzQ59Xgiud3wkPg3mdk'),(1005,12,'15NFwmGrCL2KBGX5oY3JSHqkU6NXyXrmo'),(1006,12,'1Jc-JyDYtSgBMl4azAfiNa4RUob6Xlqv5'),(1007,12,'1hU1vmBhs88cSLDCSVSrkzmolgl8UIsmH'),(1008,12,'1cx1GhutbrgKS_WG0yKASpZ_TEnlyRJZL'),(1009,12,'1wwdQFL6fdPA9Lx6gJoE0Lw1IcrqZcpxK'),(1010,12,'1yZVn2eMmwEhIaIvQdk0PQl9Ry0dA1f1I'),(1011,12,'1xySs1elDyClQHdurMeKgwjwPhp5J6AYX'),(1012,12,'1w09_z5lxcg-2j63eSSEBX2ErWrXngdNT'),(1013,12,'1XUS61EXJV1R4NYFsnZcnkc4hpvZxfuu7'),(1014,12,'1QjgFGmRsCBPlaNU4FByiZ8mvmGy5QlXY'),(1015,12,'16WCDaGx5Y3eEP_xrTBVbSfOHpCjtoQlu'),(1016,12,'1rdhHILQcUse9lwdrakdK5r4fnMHemxej'),(1017,12,'1Soiz3hBMv6MG7PCc6bf9zM5_8z_49foE'),(1018,12,'1Y_m6Wzk_pVhMzPPilk1TPdYjJU5iD6mS'),(1019,12,'1lVrunNPmR4vTi--XKsQ43LrW8yHfzOF4'),(1020,12,'1hi1W6HATV7Y2nwd511e7cY7PBB1i82UA'),(1021,12,'1tiD7pdtZvGQ8I6U7CuaCSVyiqf0dd0j5'),(1022,12,'1EItH_O5dVdYqsvmYIGfuYFgRADQc4mNb'),(1023,12,'1Vgl_F7BrF3jcurLMxGOmlEdf_W1yOWKY'),(1024,12,'1sgf5HZupGdy57yfBKNCoXLGGfRaAA0F_'),(1025,12,'1mEBE5lyucFvyFrTe3JgeGBKyGJa3fEUe'),(1026,12,'1PNRDBd1K-oiO-eRbbzXHKkin9-bfPV8q'),(1027,12,'1tjT2KpJwOENV6XYZCiR2J5Cx8SROp7po'),(1028,12,'1SZJq0gpAU4WVmmcEAAx206OHGl6ZYHt_'),(1029,12,'1JFD1EufrTo70oex4aSxAa-D9ARCC3wJ7'),(1030,12,'1ZZioMu_nWg4oKGqJQrdX1r81VXB_q0X7'),(1031,12,'112oRYG5vg2FuIOWqPjoXm0fhlQ9PqWjd'),(1032,12,'14CzMGGA2wHvcdk_UcWUmCVCmjFVwChWF'),(1033,12,'1nGgEavBUQrbpDTDYKf67li1xn-GwUQE3'),(1034,12,'1cBsf3Phd62axenhQgarZGp7KeDVT9sRJ'),(1035,12,'16iNL16buJMUVnbHqsEMwpCeHPa4ibiLl'),(1036,12,'1ho84uhGymvgI69lNv6_rtqp_DjUqODiw'),(1037,12,'1lF7aKEVIwM6P6PyX_JtlnyrCbc7EYN_p'),(1038,12,'1nrdyZr0VbD86qaPuR1iHsJZTgRF4fDFS'),(1039,12,'1oiJkL1YwVn_KflXLeAoXe9dKTtwbpMSk'),(1040,12,'1W5ppGT5hB-7qJvXWjJsrpjUWJBUCkkRd'),(1041,12,'1g4ZVQ9PfJmVXLr0PrYvaJStnStR06afB'),(1042,12,'1OcQ3WPSEf_JtKYSONJcHyI7pirjTkFgw'),(1043,12,'18ew7wYSmZAoqi-_Sd9MpEsGbG4lcRGWd'),(1044,12,'1ap9FaLuynKrjmJQknKLPNUM7UmqHtIah'),(1045,12,'1jFvWZgPfK9PTyCBMf6mv3zEsrOquT-7z'),(1046,12,'1usaejTkpthwh8gaoqHZDXwxFl1e3Y_Mv'),(1047,12,'1ixMj9Ry0xN71shXO0M0GUAfvwY9d_xMj'),(1048,12,'1IPtkp3q0-_FufB67VQNzLCFOGUwf3H_I'),(1049,12,'1inIEicg-U8NFgwbCmZUlsYcdhDfgafAZ'),(1050,12,'1X1OCB5FanSKdyiLbYkQL7CE1onu_aYt8'),(1051,12,'1wSdllBM7GWl-qgZJX7DxBadz1gyVh1_K'),(1052,12,'149AbFqniDZGU1oMaaRrQ-d4TibyxmSTQ'),(1053,12,'1tbTSGvQb5pUlCGXBtHqG-DBVyEQqn3hw'),(1054,12,'1obVsZG2evo9BXor9n1sp2JzE_qzau0vX'),(1055,12,'1lS8vntMq8s3SVgsRcWdMHMWxT-kVOU7p'),(1056,12,'1bi5L5SWw2RjrSlQmLUpqjPqJk5w2U9cp'),(1057,12,'1yzcTNEziV0xfcSb-dnlItTDcDHK9j2BJ'),(1058,12,'12KMlAaoqkdtwEFHGWSuQx2AMjzY8uKxP'),(1059,12,'10HJ3D6OlsnjN8eRpwQV_sHhmIBImPU-A'),(1060,12,'1EBl66Z_-yopEYsJnTb4iLzOkEUzaew5R'),(1061,12,'1aHwbFMC5T5J8P1I0enV-3Dza0QgsA9YF'),(1062,12,'1Q1FQUxPiBTAY8jIBAr437l9FKViwpmF9'),(1063,12,'1rM2vju9huVxfJwLzSwvMxsdP4N9fqZq4'),(1064,12,'129wsnd5eSp7EoqarZfceVrloUzXTOkkn'),(1065,12,'1aDyKlcaho-89ifX2h_lzY-6oHEVdyYOu'),(1066,12,'1qGoJyY3uYuuXhlcNFFBDgXzkC8V662OF'),(1067,12,'1hM28T0ibtpLoMpXPE_4w7ZsiG5kaJ20b'),(1068,12,'1xQliyao8sqXRWbPHSV-4_ASu2WN0ZbuS'),(1069,12,'18OZfwO3r8yv_-A83Gk7U0GgwGC027rGA'),(1070,12,'1mRrEnr5g17pmkCCDFsP1GMHjY0B0-OOA'),(1071,12,'1m8EPXK8BJFuMBuQrFuIy-rfo8SCJrzfP'),(1072,12,'1qvbG5HcvTdptTGCYurMAYZzb9RZgZufl'),(1073,12,'1PyAyNbiVCNDoFeCjeH5QT-j9LwVwhZDn'),(1074,12,'1zll1zL4dbU-4AOfM5LlfDIObpD4d6-b5'),(1075,12,'1C5G_M0clqfzDjfPrg5_ncd4qWuC1Jfbh'),(1076,12,'1aw28kkZziaJex__9wcODDU_1ynUwH-lz'),(1077,12,'1WKCF04PZxmrPplS27GqfcxV6Q_kSkySN'),(1078,12,'1UDF1AQ-NRdXS9fazumITuQoYqtVwHH0X'),(1079,12,'18spITcAah81Aw-YvOXzr3KESmKqCH7YI'),(1080,12,'1V_NTpy3s48-qhU28YJIpQv42Byxl92kL'),(1081,12,'11RLFXLexgToOcAsVXVxsYHYZpNophFME'),(1082,12,'1CIAytmoh27jwVTMniy1IzOwtpxlg_UmE'),(1083,12,'13SvvCPb4_3j1psAJclJQ1OmpkLiZevHI'),(1084,12,'1n0McemRaSfLQ8PU4HQcbakXmEdkDBTaE'),(1085,12,'1uGIffKQJal2vue4NdwUC89sXoQ94hl9w'),(1086,12,'1drIVWpkV2oOSeLmAXQoOHbBK-n5ulTEn'),(1087,12,'1z50It_uXNm2SvW2mCzDS-arGTxi5u0CK'),(1088,12,'13mu5fM0wxfk_KAYA8V8dkBkvlNbT5gNn'),(1089,12,'1swapbLGfnqpyMZjhpqF7WMfzosJ4D3E-'),(1090,12,'1yGI2DSNpbdiQLvwY4AtHUM671w-6FO5r'),(1091,12,'1_cv4LwtO0yYyFgcRNUYVlUUojLXByBnG'),(1092,12,'1DNb1_NHJcrPMYA-vAMzl4-7qvs7cDFwT'),(1093,12,'1iKjSufxeLNYfbp8FMERyjDnHwoBzmg_j'),(1094,12,'195VKY40IuAYMUE_z4OSkY3o3XkSDNumB'),(1095,12,'1vipPvrT1uia1ZSpfdW_JfN_GVqn82KWU'),(1096,12,'1pjqaTWP7D4xpv3eWFC8NARi741NcuIn6'),(1097,12,'1JFMEF9NQ8mRyXrh17AxvQo-tj3KwQU3x'),(1098,12,'1fVUl9TsJx1yoORZBEN3nlUbn3GmAJK7j'),(1099,12,'1vQD5vKQ1Y5luPNvhpuZjLITkrhJy6tcZ'),(1100,12,'1pEEpThemx_0djRZla8gm_gyUTfp3N_9b'),(1101,12,'18FUgYYH5MDurhG5jYgiIMcOjive5yfbS'),(1102,12,'1QGESAqx1pu5uJq0iRGzxmK0bn-jvKyVT'),(1103,12,'1ivXh6IiGkJeJcOrb6EJOK2veGFvdPHQF'),(1104,12,'1VjbezOhfGMlwJf9zCim6vl2irzmB3x9o'),(1105,12,'1b1YPiNzUTZj64Ffph7nUrOLmseZpfs-X'),(1106,12,'1OrgQ0Yv_HIjVsnOI6MAtmejHmPFHoprQ'),(1107,12,'1MVT6sMyRxecKKDyOGbhJCo432G9fruID'),(1108,12,'18niV4T8Zj7qz6Xqfct4AMvXDLm041V19'),(1109,12,'1T7oL1NxNiu_g5HqY2oAmy0uo2TQnb7tC'),(1110,12,'1daDl3NbdLWgyASG7fqwn7StmjCdjslPk'),(1111,12,'1_EWnpO76q70d8hptKMaA3ZtAJM4Ch9yZ'),(1112,12,'1uLHheoTJ1ijlG8AWUMsaRx4blUm7OIgg'),(1113,12,'1nVqXkl1hZEXIML3lWyA6j20oG4IzVoLo'),(1114,12,'1wIn8P4Mv5cHEQbY8DcoetThODC1b5gVs'),(1115,12,'1FxqAZnTFc413L0v9IxbFy4CBRYWVD38V'),(1116,12,'1Kqse38Y4JX0Tl9Np-CYoypBcTaoeDnlC'),(1117,12,'1T7aYX8w3TAK6ZA7d84_3ySiLunEh5l_m'),(1118,12,'1QehZLOfLpWl4hlTGQ2FdB9X5957czP3I'),(1119,12,'1FpsqZuONyWP-9g1UPoFeSYs9VJ4oDfj-'),(1120,12,'1SX7dSENMhNzzWeeyPuhPyTEXK_iCKBA7'),(1121,12,'1LY8quvXvrK-sAcCf5_AVO-d_KgY-ecny'),(1122,12,'1ZXUJ-u6e-g9X8F275g4srZ1j0sO3uUez'),(1123,12,'14jv7-HreTo_Et1DEdgSYKFAevpfvLyrs'),(1124,12,'1UoSfX4rs0w_QW2JZ8DESJ5yt3R-8aJYm'),(1125,12,'1YWcfIqDt4wDTNWUpG-JBKOn4uyzAZYyO'),(1126,12,'1IAwWxu62kgs7NHbDTBh1ydnbC14QWFj8'),(1127,12,'14VYCUu_6PoZQEEnq401ISOj8WtUiipex'),(1128,12,'1pbmRGQV9VCulLTILar15ZJ2TKeZsV7Ka'),(1129,12,'1Q8CAoQZ9sUVJxZJMFebgshZBvz8hm7i_'),(1130,12,'11ww6-w0ZtohFSk9Tv_QCW0YFXBozoHiO'),(1131,12,'1ZXa1AAFYIlknlzek-sbzmOJwzKhX-x38'),(1132,12,'1XL05b57L-dF3EmfK5uRsXqJuXxuKeI0l'),(1133,12,'1WPmPEkKJi-CMNFjCj_WkVsBLVtyo3Qtp'),(1134,12,'17U6ZwzrZVZkrWXdbfZag77TyYUnngROA'),(1135,12,'1mfwCp99sjWd4G2Q9E1Sw7_l4UbpD1Pte'),(1136,12,'18ENG_51E3uZZ9ePsRkbS0iiJQan1FxSt'),(1137,12,'19p5cNNym1_xjz4rtlnJNbu-2_CLzUKR9'),(1138,12,'1L54RE2y-Hw_2PnX1Lq1Hyip_PXm3N4op'),(1139,12,'1mnjbWGbaYDKdpVosAgOdP7bHciviUGgs'),(1140,12,'1YF19jIFhHp00W1KMBymKqGF6LDe88qgo'),(1141,12,'1PuYJximR5G-9eS5Zx_jvw1jrYq-yq6ng'),(1142,12,'1VSwH6b30IOQJMWcGHhVnUUFj_VmrYAJ4'),(1143,12,'1vOCH9qhYtrAX71uE_Q9mMQSsfI27lotK'),(1144,12,'17MWi7yuth9Ub5VH1Htvckmk8KOteLXhX'),(1145,12,'1l9k5CJOR5Q_javrVgr1hbLqAnX652ZCY'),(1146,12,'1ch1ABo50EsXKpjoqRtgjqaI0GLlpwBtH'),(1147,12,'15p27LDlt_X4pMTvtzDnZa4MGjBdIbn-t'),(1148,12,'1xL0pg6Oxkp3YcB3DDX2eVhD1odN5k8T-'),(1149,12,'1pNJFZaoKX0mGt5U74sxB1c6iBXSux0_i'),(1150,12,'1hkz3RJctFh2cJC5Dg0PcdGh7f8EDB_4Z'),(1151,12,'1OeNTQuwqnp_Q_PiGbY_VzP-5o0uiowkb'),(1152,12,'1zivMvMhlGpVq9sbZZt7ogMGDngbA7Exg'),(1153,12,'1vlITTTMtQDiE7vgQvxpj7rBF6oqc-bNa'),(1154,12,'1L9mO0x-P_xSlxRgvTs6c0p7gI4inIMi7'),(1155,12,'1UM8BeD3AMdC54kp9fsrW1iT9oC6kGIW_'),(1156,12,'1oLL5Msh3-fJDIwiWjOP1su09uxcoTnY6'),(1157,12,'1QANtbtfOAWYKJ3mwTRdBV67U7dELICYr'),(1158,12,'1CsKuUrXvAEE4A4QVygZmj-4913PVSbVF'),(1159,12,'1qpgtbmaHUjgggP3ww5HyWByC7qDmEWg7'),(1160,12,'1PK1qECMqLLxkOrQRL2Q5Ih7xrLDBe6ei'),(1161,12,'1HUcAcKQQ_ueagDLVT44vB5xqVBUJSDpM'),(1162,12,'1jspZt-o-ZMNfELmnJMRJT8z8Ye7WTMa5'),(1163,12,'1rR4ZCzAuqZOEDXXc1zgVzE1mUfFxM5t_'),(1164,12,'16DpX6bYGzHBECIQruA4ZBnYKQiGXCqGL'),(1165,12,'1oIQ6BYvJnPk6c_ZImbaZR-geYBE0UJHs'),(1166,12,'13sjisSLGf5cfVepdTYnbRzWn8LwA5Jsn'),(1167,12,'1QjMTqenR-5o7hq8LW7s6uNoTS9hPYb69'),(1168,12,'1VzVGBISySvPS6Vtx3_zeqghsuaGQnZXo'),(1169,12,'1MvRA6UII6D4w0Zs5IQ2p8s7wdN3D9SPZ'),(1170,12,'11Xb0O8G-zG5rJL2551gPx9qDZQL5mF_J'),(1171,12,'1Zsl_6Cgz_UqvJaX7B5gG87QYotEphK-Q'),(1172,12,'1LEJ3cPaz40PBhOtEksoViC7wJLdBDJ6_'),(1173,12,'1VZ_Z--b8MEobhad-B_nIY8lfCzH4cPZ_'),(1174,12,'1IJKCFPJf5kVU_tT4gaskEqIcX13UFpbC'),(1175,12,'19hfLvgZhDuYeJ3aQK56960kkktQR9d9F'),(1176,12,'15lIZnK7kkKaMpZb3ovYvLS3qUefPd4oQ'),(1177,12,'1OrLyKtfa9BlBGhncLX1d6SMYq5KGVrmj'),(1178,12,'1bVAZ2tAFetVL7dj-ks2J_wAd65W71jht'),(1179,12,'1P_RvbDjv5SdiB3aG1FDCsnDtynKoBFyI'),(1180,12,'1zal7MbXS5i6urqSpSN85HKYfTuezFNaP'),(1181,12,'10SAf2xmRUYj0YnevPIYxuhxBPI5y0s1b'),(1182,12,'1FvYafq9BAtZqMT2UwDJidBBLmdomzeHm'),(1183,12,'17gMk_9-C9fsHIPvFDRKQpNKsozPP6Phb'),(1184,12,'1RCN0D8YDNjP_kVl08A07e0Zl0zau06BV'),(1185,12,'1-y-cyLnv3R8dkQ4FjEtzqk7muZDpQO2r'),(1186,12,'1lUmJ1GeEDpwCPM3HDnTCrN7Hjf8XyXnj'),(1187,12,'1HSmtNOaMOnR5yeXzIqjj_qUqKW1ii0Hr'),(1188,12,'1KSNmqYkNlZR5ULnoll7cV9K8eZl4KRLi'),(1189,12,'1RXWw7YddceWZRcdfB6ZP4AZ7AuAapsbk'),(1190,12,'1Eotdwx1xVeA_vqgz5acNJmvNeQkrEKsH'),(1191,12,'1snlRaLdWYZMdTy9TLOSWO8cE1BUG09kk'),(1192,12,'1J6yOAua0U8R3jT7eGVR9nlTcz1BWgN6X'),(1193,12,'1hMPXdQ0Tit-72sj5vcWTomWa17bBxP2B'),(1194,12,'1SqqBObhF8drvHPetBE4MoEfvpZPSF7Vq'),(1195,12,'1QG5yEiw8E8I4pR-h0npZtq5xppmEdqhE'),(1196,12,'1up2W6zNxhjKOBjwy7APpI7PMlGnQYQut'),(1197,12,'1mw9qy3OxudwjfwtgF6wOaz_LzmZuy_dW'),(1198,12,'1Ek1FbsYt5XPPIqqCOVpzHcPXzNmIAyDA'),(1199,12,'1Z5--s-jwWTrV_1ZgZRwplnZuS-xI5xFv'),(1200,12,'1hJskEYcacTvJP74YbXK_wl3qOKqPb6K7'),(1201,12,'1Yij8Fzsx0Ys6ogeejVMnqyg9rLr6qRUJ'),(1202,12,'1xiavFCSvcpHFp7pAP8ONlkamdmJFjFfB'),(1203,12,'1oJDvT8it8hC_wbjr80k7frxVddp9Me4q'),(1204,12,'16MjG4pYZW98msI9DjIagKZIgKbTtgVKp'),(1205,12,'1AujO89oYEjHMUyIbldNd8ibvKOefysdd'),(1206,12,'10T5Fr__10v9WFSjyPfB7vZuwxwtbMD_t'),(1207,12,'1Qt79Q_P8OCZqzBAu5sWku0CjCKVANj0I'),(1208,12,'1_-b8nDGxLO2GyFN7DOwk5recDi6bpiV2'),(1209,12,'1wr5Xa6c7NfAMaorYXQ0ULKDuBzwT7AXs'),(1210,12,'1k98gHfpXJX-kOGLbPq2f2jBTTe44d0Bh'),(1211,12,'1cm7DxV8hpOFx2otWXyYKqN2iez_C1vQf'),(1212,12,'1gOZ_z_ok3uDV_1i8P52XNw7YYVgwvIXi'),(1213,12,'1OAeW5vXXjmWskOpG8LP0_yMKjbjiNhVt'),(1214,12,'1SzY9eN-Bgx2Nh8TxYhp8eebG4u3sgS6b'),(1215,12,'1jQAhfFpMtnoi_BkN4TQ_5rZKpxDDXzsb'),(1216,12,'1BJUIfZfCG8C7diZxySja7ehC26RKGHNG'),(1217,12,'1_pjKTodJYlGZvFiv6djx467OFUfZnKf_'),(1218,12,'17TAfaUbRZtht8YgSijAOgSn4baFhUajA'),(1219,12,'1kAgQVhZx_Fty3AvkrGOhOuG5PKdUexTe'),(1220,12,'11oh5924la4m2ayuj47GPKYqyOUKOGfAA'),(1221,12,'1XJt9Fe0T6-y8wVsxICzK0yCUt8R_Gs9t'),(1222,12,'1Cj98YC9FJ7qf03bH8aNxmZ2PbyF92GzN'),(1223,12,'1MkmACikIbJ9yJT6gAp-kB-RDgYrqPUys'),(1224,12,'1Mjp2ezLYU1fa_TaFlePpNefv8cflEUEs'),(1225,12,'1YI2PZuWRnSS-sEaZzFMge8mhOW4atdey'),(1226,12,'10WuZ2ej8tvUqrhK_dXS5FbNPt9ymzc6A'),(1227,12,'1zwkwNzx3wnuHfsf-nQKmqPb4FgqSgmPB'),(1228,12,'16Bksm0K8gywEaMPga9ssfdoAHXknJgRt'),(1229,12,'1I7lsr1Cwl3yvBWze68evMl_RBT-LVCtr'),(1230,12,'1CVO3CB0lVdoqOduy50hL_TEaji1_rwrD'),(1231,12,'1r3v_pfmijTJJltGkKFtRGvC7-W7jpn75'),(1232,12,'1MN9C2ATeRl-LX9razqifKrXZFXmyBlE4'),(1233,12,'1A46hHidNgfVMxf5Bxhe7nGnLwLQBNSz1'),(1234,12,'1WO6XtNeCNzyvf28jyPaDEF7H9tjtgUxZ'),(1235,12,'1hVVsFZ4AAXe2ncCyorN0SGwQmRJ-rRPY'),(1236,12,'16MB2rc8f33lQnJpgkSprW97po-Ogo46S'),(1237,12,'1T5D3fb7ohzu_ggjW7KDZeMtA6mWqIE5L'),(1238,12,'1W1-UsyrUtM0r2j3P4nNEMQlweKDIY03-'),(1239,12,'1_um4DlPK993iW38-3rmesex0fqS5HTIz'),(1240,12,'1CLqxkIc6NaMnv2LB2wjGJG6YkXuDYVTc'),(1241,12,'1pW84EDLQbQKkZzenR9XG-wH2aZGQVf8_'),(1242,12,'1ln1O3g_f76izbJbjhsA_bsolwnc8MGEP'),(1243,12,'1kHNkmuJsQbj9cj_yTBEWq4MqLsF_hpAV'),(1244,12,'1dF0sB7CTRtCcvUvXytNKXwn6rl5X8QuG'),(1245,12,'1yXUQ40YTxzNF3yEK2JB3Mbar4g7WAKBx'),(1246,12,'183Jjf3g2mlZ2X6XlnklKqqKvoXCfiKej'),(1247,12,'1zU6HIzrUMKvco5qRZeD0-8HRaAiaEaW8'),(1248,12,'1h1JY8p6ROL4BalPM8on81xwVftTJbRPy'),(1249,12,'1ODxkYNe-KFpdchlj4fPH8m-ZFWazmUfJ'),(1250,12,'1_fiwSkH_e7tpu2BwbjH0mVKXsrhjhLiA'),(1251,12,'15v72yVVoH9Q0rSAD2MZyrxnbkhLE9iXb'),(1252,12,'11G9jctsu-MfINJyNwj3wswlJCOuWhObr'),(1253,12,'1Jftj_4t6cbwDPesJJhgH3613clO03EDV'),(1254,12,'1itw1_EeSZ4ZhH2NQL642jc-7Gpp70lIH'),(1255,12,'1L2aXfIICndNRedXbz2rUvbSV1cE_db6m'),(1256,12,'1XI6XCbT4Q5oGjnfcdCd_hc42xSFdHI7N'),(1257,12,'1N7ISuShMVKVWFYlDRzdgfvt3NB6oFa6j'),(1258,12,'1jlB0iC0lPXl-FlBNy3Pr3mMtsn84r1sP'),(1259,12,'1CBBKGcAkC62OcR0VmHsWU3ruRbSZyvqG'),(1260,12,'15vr7s6786qODAIBDiG3i78UrFkkBpjAV'),(1261,12,'1pFI79lltqTBuEo9fHTZMT4ED61l5IBdZ'),(1262,12,'16EXQzY0eSyWT82vRJ9IRywU8uo3_6iT_'),(1263,12,'1RDBZfMnobSStQu_-q-9bfcTpvOA_4bH_'),(1264,12,'1TZtiQgP-nnpfo2LQPKZJluq8qpxT_DmI'),(1265,12,'1A3JoyJLZMgqHi1iV_AwEX4qTVZ5Tb4uY'),(1266,12,'1zt5MJGgG0E4-yUb6YIdrpX3eWyDEf844'),(1267,12,'1c8mFFEdcfSpCMah6PlfOqjMpD0Nf2JrG'),(1268,12,'1b24nsfS54iB90O7bm7jDNgrMXhIM1CEQ'),(1269,12,'1jkKdlSQP53JsyuUmRuCOM27jxMco7ORh'),(1270,12,'1REdrpOn8yVzHLS2I7R22NrWM3q_UKnqQ'),(1271,12,'19S2Eo2fZt7D4CfHkq66W2H9-6x1rRxQ8'),(1272,12,'1Bg_u-ti-EXrqTBwaD-snUr103sY4x7Yz'),(1273,12,'1fBkePER-O0CDKV4Y3e-nToAh7rFyzCFA'),(1274,12,'1hO4Pki7cxK98o3Dua3FpeiH1Ba6Pychk'),(1275,12,'1STCHepy0sVoFebY7EAUAH4HoBxga-I4g'),(1276,12,'1IiQudf3cVm801sasZBVxMD6g5xJhsNv7'),(1277,12,'1vcrsyweQvtd-kQteu486zK1Nwwn1MaGb'),(1278,12,'1abdGmJU7C9P1-HOWZdg0B-lldYnk49QB'),(1279,12,'1vBdYEUp_pvbqpATwNAxmIIEPMdP-IA2X'),(1280,12,'1HYIgnA6FR5O-_c6y8O30o7hWKV4uUbzA'),(1281,12,'1OpMonc8YaVPT4x72716ph8wzUqTMwS2F'),(1282,12,'1hqMtIG1uSuW7vz0EMX51_-6LRpNRbJ4j'),(1283,12,'1fqCAo3CceNYYv34xgm6hGoZEs84FHRBm'),(1284,12,'1AnUJ7aig6Rt0reOSlpJx3Jdr2cqNWXmX'),(1285,12,'184pHK_S7gd1iX3U34WLyH-LCXUL8ORjg'),(1286,12,'1j0LAh-k0oexPz_X9Q4kGm7-4SBK8TttR'),(1287,12,'1rxO59kj9SenHq7VzTpRMJRBXyRWs4V7x'),(1288,12,'10tRg8vhkEd6l2wQrs0qsoHJ0qF-Lm8Cv'),(1289,12,'13tehNcbMVOlKq10URLFjAPC9Ebwwu-TN'),(1290,12,'1ZZoMfLyvosgcfXlKS_dMir_defSjG3cN'),(1291,12,'1Tzxbyrc_A_hsrcQf04Ef8lCy02ftZdur'),(1292,12,'11NUEReCVLSKg4A30Bj-olehBwPmcSgRu'),(1293,12,'1482TQOQx6hCTRYimmqmvEsJmcSq4gF59'),(1294,12,'1iQM0ysijqAxIDhLBE0uxfww46k7CyBQk'),(1295,12,'1CNbt-fe0W7p1YBZW4EZ1-KuCXvKRDCnX'),(1296,12,'1s48hwsTPMmeAz-aYffD-kMDHbVab7ruI'),(1297,12,'11sSyCOoZcW0dEy0Un0ZiJb0P5a3d6pG8'),(1298,12,'1SQ3nCTCRWUC0MLSlSwvsz1bP9ufeybjq'),(1299,12,'1EG9sS5MoMFERoV4Kyp464sgb8vLrdriE'),(1300,12,'1srmfUJWJpoqk-VKJTQbRIVhC7UF_Ulti'),(1301,12,'1Tdr3HmYMDGfUYQGqxNte8vOKF4BBbHtq'),(1302,12,'1kOyc4Z4Or5oyX0gT0S4GOckRB_Cb6QzH'),(1303,12,'19DVZ7MmDE3-LPR6rWdS6c_jONrjIcKHM'),(1304,12,'1pQWtdANucqNtNXZxxMnMqth9wgwK_4U5'),(1305,12,'1x_bulRF3QpwOfM3xE-2D1isP5NAhiwLN'),(1306,12,'1jRdPzeZY2dntwdNFN355uy5FA9O7gGsF'),(1307,12,'1R9U5swJP_yKqg1RGXFTBoNbNH5bS3WBA'),(1308,12,'1NQ63JrCGsqJRljNmMa7pvRRpQoT29AjM'),(1309,12,'1OyRmRJlw0NtboQoDkBIniP-4zBq7ihye'),(1310,12,'1xbA-8KpGF-1hbSBUDDZRe1aoBmt208Y3'),(1311,12,'1Pfnlep0SC7THR8uFsqWbB6XKT8fKLbWx'),(1312,12,'1Cn7HxyaM8xvpsTCckVkSffRx06ng3DOI'),(1313,12,'1KMqP1FEIKgvPMurSWOw8ovGgNYAFrxJ-'),(1314,12,'1snCzOZ1JfSv4_CvHuqWeTEuqjNmuGZYT'),(1315,12,'1w0Zf1t6d47yh_8JBusJYx4dLhh_K0tr-'),(1316,12,'1omh-XmUlm8WQyjbyUOkiRoJZOQvFajFz'),(1317,12,'1pCxfD2xp5BBkBWPyyUwEh92uoiTJ-59X'),(1318,12,'1X21ygkpYDAGa0_PR8UFx6wWhGZBueQbV'),(1319,12,'15oaNSkra-pr9Oa0K09AIm2BnynBgkr5O'),(1320,12,'1O2CjxZGr2oftp0bOcdfaCzuJCjEHT6xH'),(1321,12,'1nHoh866Hf4JuVquDF8sgaru2jAq72-Q6'),(1322,12,'17hlMSZsniKtdcUoD5znvAYPOYSndjt6z'),(1323,12,'15e5WuSVye0bIRFXJCLQmQEOAXEExtFNZ'),(1324,12,'1fUdYfOAYb_pYQi0s0kelwPN7S83oOqDI'),(1325,12,'12CFVI_W7CoVLV9keqSvvQ0TyCH-cPpB8'),(1326,12,'1MtDt4KOUscDOTLW4W4exGoCy5CHcl8JV'),(1327,12,'181YrJ2rXDw2Knuz9uhd-8pTidI1MrR_J'),(1328,12,'1W2yClfX4xSp4g2Q_xLJd5fZ4kzdMwiQc'),(1329,12,'1YxmWfg2hLk1mjBojlq6KnsgJeH3_g8l9'),(1330,12,'1mvhzG-FUook3esIAZj88MbVnZOHPhruP'),(1331,12,'163ENSn8YSBbZ6aSH3cMPYxQpozKdAI2W'),(1332,12,'1H0oWUYN-TOHE9jATO6h1Lz3RzUsA2Cg1'),(1333,12,'1rBoZacZ6FN_LyFB62Cadg2Oighx3TL25'),(1334,12,'1_nwh6o_tA1s9uaamRgsLq6m8l1gF3jCC'),(1335,12,'1hsNsBSyG5J0LXvFUPkVVW_M8GVtcbt6m'),(1336,12,'1c6AL4gLO7FriB7uXV9GO3AZevzB3UCQH'),(1337,12,'1JocMtzDkqcz4rg8cz1_GuDXFyPnrzBYK'),(1338,12,'1I04FXYSGrriTwFy6dlLo8CtyeEWH4v9f'),(1339,12,'1B5XOAnC-WdMbi14TZDzVgkEmMVdzeThD'),(1340,12,'1dTFRalhut87UmBqP-_qEKVIc93Gqq7Jt'),(1341,12,'1Tf18fjpKJvaNLjENTg_vDTd1F_T1wQAU'),(1342,12,'1R7AiAqV-V8eauubzep7ehsEgZ_XCWYbX'),(1343,12,'1FZC0bGMXVlY_J1pIzSa0SB7zjSQNJY_J'),(1344,12,'18olWep0HUUoWzpy6RXaMGdn94JyCRhes'),(1345,12,'1ygT174c_pbgEqlF1tHFZbMCbBhvEAt32'),(1346,12,'13qQEsOBs9TZu17ugCvZr5WMYrHwtD-Zw'),(1347,12,'1jZh9bq3QVAmluJGuodyNfhE2k49ErYxK'),(1348,12,'1pc-3UVr_iKLtvXhSSac3dTxCZbrQ7UCQ'),(1349,12,'1oI8z_2EPhAq5PHCrk3uC3X-rUOmgJ5xL'),(1350,12,'1G5EhGJXNEiaOAFEWRxCg_C_gX_7yL1RZ'),(1351,12,'1hm_CFpQo8IbLlkTdyKNynHyDqrqGAP_c'),(1352,12,'1MKFipktR5aIDtUcuhk5j5LKBi4FLLYFb'),(1353,12,'1yXulc0wOTSzpceft3HJ6eN_OmzyQyKkv'),(1354,12,'1w0mT680cy2hi--ps8R-MxMJ6PvzWrwd7'),(1355,12,'1uwd-6TIYUWWJAMkzDVMwY19X7jIl7P8U'),(1356,12,'1fnaMvIpGo29H0oaVtmyXYc7wLSWGIg38'),(1357,12,'1ym3B7HB4J6GpWqzov-0P5Go_pL9JjXWt'),(1358,12,'1KMp_1_appMGc97w9l0GW0BdKNXBEA3Tt'),(1359,12,'14i1cPxFYQgGkPVO72O-yUMnisTTunRj0'),(1360,12,'15KOMpwKkrTlfqzm6bTSu5zL7xzMzfTIn'),(1361,12,'16m-79O3wQCXZmNcVTYhIu3Ym1F2PEc6E'),(1362,12,'1tWtturl0J1T8J7FyarAKqchO8qI8v2XY'),(1363,12,'1zthOAlY2-yxhl2YH4kXzPw39GgxqBWu0'),(1364,12,'1VkOahO68vO-ViWUKFWogCeh8W68gTyTG'),(1365,12,'1IDPP6GcgPofwlWQAzS2RLM9D1DNXu-vs'),(1366,12,'18w3ZlnJtcDcXNkFP-SoouEzqRc1D9iLc'),(1367,12,'1aykfgZKNFJAGjKMEggSChOcHaJrN4tLS'),(1368,12,'1d8HFa2KLdRYSd_gDK57QYUzQzlfyJc3D'),(1369,12,'1Morx3fzchKcC6eWXlIrypy_HUXh-xcyP'),(1370,12,'15ibNqDM364GJa8jE1Y7p4fjvq3YGiXcc'),(1371,12,'1j9XnpAjoYUnJoPfBb61SlWwTDb2zYTHK'),(1372,12,'1eXBh85cmLBL6Dpq2QdvP0R_XU7VYHFrI'),(1373,12,'1l5a_Lz4kDaomgZqi934pVvLIB24SfyFP'),(1374,12,'1iSZ1pCnICkjwnnpNHiTBr3QWdMs1Jbq_'),(1375,12,'1aul3GHZXIJbT8VOL2LeOPnb-kacA3wjS'),(1376,12,'1jrT3yCekITxK8sm4RCwU93A5FdcBIVg4'),(1377,12,'1Mq8X5I8d9284e0ZP2yvhfPvLyW3bAlzc'),(1378,12,'1UkGgKG9Haqi3y4qeiKFRkX0lLrIwWU4q'),(1379,12,'1Ta-oWrVYA60qeJ8qFggaimBnsQdUgOPP'),(1380,12,'1UyvY3TMeilZ95nPn5CrFWc_gbgnr2b8H'),(1381,12,'1lGgJk0OgP5i4s8BTK3VfDN_RAA66B46V'),(1382,12,'1IvUxWtuZ1VO7tBvaG482lHef3uBXGLT5'),(1383,12,'12MtcpuJ-lku905v848l0qF3UsG-039I4'),(1384,12,'1EnoD4wvh4vBZuLNnewkM8JetAJsckN2A'),(1385,12,'1KcJGG1gYxrUtYImWdK0PYQNQkGkP7i7i'),(1386,12,'16QvRw4ptFlnner_8wZScTm0uVn0c44n2'),(1387,12,'1CpXegG9VaNdJ8aMpfqJrgBtEooy6fOJA'),(1388,12,'1zUVCYUE71qmfviO5rM3XCO6E_hKDfOCP'),(1389,12,'1teAGVN4z54fSDYfwyggUQzqvjFp9KjOy'),(1390,12,'13xi3-WeFbMMgJV4U6itjHX4HeoewvvL_'),(1391,12,'1xaI1owE8Z43uSc8pfpfZ3LR_0w7w0sb0'),(1392,12,'1kEgBTxfcxGYUDPfwobUNxFHPW00qhx5w'),(1393,12,'1dYxckvlgJ8XrCA0z6fYHJrxRXDdl_Kvm'),(1394,12,'1wvSKZn3NyV_lF7NWbkjQuhrXju_tcwtn'),(1395,12,'13yIF7RNJvHrF2XnrICQKvw4Phq_czPF5'),(1396,12,'1xVttJPS-ID7GAD-YpBxXZsM8c2m7qkn1'),(1397,12,'1tE5v6QsY7MluWLnf-KCpNGr377YdkPCi'),(1398,12,'1e8wcK-k2B-w7U6y9eVhjo7RESwHBrgxd'),(1399,12,'1lxpME37xBTvcTQj3SwNIP9QRkcVTUBnC'),(1400,12,'1_-agaCuwrU9O76qD5LC1o84oqo2bSyUM'),(1401,12,'1-qlnCNB1aqxZYQs_yaxmg-IdWSoj2kiA'),(1402,12,'1SB3hcksFA9khZ2w8ZBfd1OUso_YoTpA2'),(1403,12,'188qe2DreHggCHeez6ZGHp4LUpQMmDjA2'),(1404,12,'1Swo996u28AvlAf2n7vXyH49Omqir4ats'),(1405,12,'1Tt6LvKIYV87J4oxsg5a7yQOXj0sObcOF'),(1406,12,'17pBQX1X_yPjqODZ9oXgMCpgNNgvNN7vB'),(1407,12,'1KWtusJrh7y7iGHmEfs7ypWtgzVkenCr4'),(1408,12,'1D0dkkrS__fcIKvGe2IGfAtsCCmB37D3N'),(1409,12,'1ADSOuzXqDBjQB8fPyj2L8m2CLYUCY_Ky'),(1410,12,'1C3RoFvoKGvS3mkX7IpcdfypkArGb1ePK'),(1411,12,'1RQ_UIN0UC-p_lmJ7ZY1KLYp4RoXsW-YJ'),(1412,12,'15NBAMjfMQFg9sLB1IqF7YKjUvIeCdaHw'),(1413,12,'1cPnvUWK3dVXm_5cYYlNlt5N6Vxb7dQa0'),(1414,12,'1XA0Eu8V50rJo1sMstQnDqWNVmOC_hv4P'),(1415,12,'1bu8-p3ODy3XzZZ94duqsj-zYG-REYdc_'),(1416,12,'1xeurLaOL_zGwSm27FuSErFaTOpx5XCd4'),(1417,12,'1CvtI6xwrvINviiijolne04RUNKJot8My'),(1418,12,'1sMDqgqV2-qQCcYUU27xuDFAWFVysR38g'),(1419,12,'1bwcZS1LxbvxwevjPnDcdoHObUm2J47s3'),(1420,12,'1IMwWuuRy8XVU9avNOoQG_2oyOjMudKEy'),(1421,12,'1Qe729feboHAyXwnkAi25wXGrdYLf6VjK'),(1422,12,'1OLyywC_FAx8oGAfIZ45WJhedFrBdd8UK'),(1423,12,'1WVn_-kWiYo8rTJhflhwg_SUP6oixvpiL'),(1424,12,'1hvGuDMILDfzGCcs-FIvDqiHxupHN-Jrp'),(1425,12,'1e7lCpENTqb0MS6Rg1zmxpbRWIGOeuk9e'),(1426,12,'1NRLyTUJuTNWUsKpn3XgCeXK0EzaJBbxB'),(1427,12,'1LxorwGLXBXfROsYx5EkkBIhQbbB2CQz8'),(1428,12,'1mcibpB2zUyav4CWmoLs1z5h6CR-eLBHT'),(1429,12,'17HdMQ2vtwyha7z4XrttEl8bydjDkG3m2'),(1430,12,'1euXcynIuS2pFEB7uDCfokoV6M1HeyYQ8'),(1431,12,'1MreXu5dhs-0Er7M2tUkSy7J7aGJL5SnY'),(1432,12,'1LmzqmJ3XNVHrVf9QlC2nHxdzR5eXpD98'),(1433,12,'1RCpWIOaQ7ITb3upYxDbPaxZjwe8OB2h6'),(1434,12,'13oGha_U8p13OOwEQmvvBqWOBIbrFPoju'),(1435,12,'12uvJPASsg5b2wGuBy03569f-eKmV44vu'),(1436,12,'18_RR9iqUt7PItEwXJ4xrWyF4SCVIIROx'),(1437,12,'1TF-cEE5Ra5zrD4ocph_1pCYvApA8W11V'),(1438,12,'1aMWbFdiMPpb-oq7j2etwFXKd5lVtusaF'),(1439,12,'1ESng2DZwagqLOgyeb3WBniI3UwEWFIOn'),(1440,12,'1qDwjIA-05L2b1X3aXV8sKBBctNTTKMeQ'),(1441,12,'18PaxYBP414ujnWox3Dt4PJVQwRyNIPv9'),(1442,12,'1FRUrDqUpOYFJMgh2SJA-C5byc9hjP-wh'),(1443,12,'1jYKzZOq3DBEdQ7ufzJL2u4NScPuzxFZ2'),(1444,12,'1XU6veMdYoUlV3BvOz6XE-sBaZW1jXp93'),(1445,12,'1Joy-xhPbXPW9YK2BFvP2eSarcVOWm2Zf'),(1446,12,'1GUaaC6auPjgG0PcrHzWXt5Mh4x4uWFTv'),(1447,12,'1oiicp08nanwXzWP55q1mkQPEzUOY8TbO'),(1448,12,'1CvNgEdLDUp4h7iMeiSVxEk1pKfEgSzul'),(1449,12,'1OmgbNWskyZXDhskJpPWupnuvTJwKtma-'),(1450,12,'1RFf1TgczgxmxYu-Wuf8IvEXAhXMAQC0j'),(1451,12,'1FGLVVOSKoQJaV_B0wc8auDLzRZ9uSQAV'),(1452,12,'1xZOENwMJaNwYpy8ZPu6ftQTExOQp4AYB'),(1453,12,'1mmtPy1LeC0aPN-d8uOYY2fyt25euVUw3'),(1454,12,'13kBp0QcRWMkxD_8MxaJfnQEZV2ByXnjE'),(1455,12,'1xv5dX-z5vFv_gGrEIb9cig3X8js_y6Nt'),(1456,12,'1YP1MNeND_IG2hx0v1oJuqNnE4UzfjfQg'),(1457,12,'1_bmlFZJrjzjr_6fcpyFSGudlhTa0gF8e'),(1458,12,'1C1x98m2WiLtG55tVyu2So9PihqFz_bsK'),(1459,12,'1QOtZXM_N1e5VKg1impPVP7dMqC6Wvpzg'),(1460,12,'1p-64cn3mgtJsuW5Ayaxayu9PogebofA0'),(1461,12,'1SdjxbkR9Q714-Ql5Jc9m855ymznXzxEH'),(1462,12,'1znv71b7guKuaJ9mZDu2qCCRMDr_CFhAt'),(1463,12,'1gI-AZk0Fg6LD3CIXqP_uJMKM7dA1vTPk'),(1464,12,'1xdbfrAQ4XTtukMYO_QyqKRpceUDWfCsR'),(1465,12,'1utF8H-_325clfpsFQCJtajlj-1x0x2HB'),(1466,12,'15AQrKs1vAZ_W2F-Gl1PPk6PigP1wZRPo'),(1467,12,'1XRM2Yf0xE2x45Ma82jzG011EoGjXeBQ2'),(1468,12,'1btD2AM9XJZgKydim_JnoQp5RR6O2mfaL'),(1469,12,'1l2mKUYUGkfpB7emR7KiaRoQMAVfALY_W'),(1470,12,'1KH_hO3rNdlkFMbFom6B1YR574lNVVMIO'),(1471,12,'1zXpek2QgR-rZ92vR6XWeMSamqzfXjhyi'),(1472,12,'11wFIZ5763DTgkh7Q9ePgonENC00tMOv-'),(1473,12,'1lbsmOefSrO52Nl_3Gm1d3TXEoqSF4M10'),(1474,12,'1w4E9Hec0GPfWkE_-85e5QgL51hwVibyj'),(1475,12,'1_OKy0FF_P0kz_KfArfeWHGzPtzYXrdSc'),(1476,12,'1oF_G4nEUHWyKxV-ikvn_1j8gnTjtQMKu'),(1477,12,'12_ecmlPPv5-3SJblFeu9TWTa_ITW5p4E'),(1478,12,'1sUZxArdEiYQQqTJdWwfkTrA0M0BSFhKs'),(1479,12,'1a_TN06e7QcAKibDsCEv3WwBYv0igVYxu'),(1480,12,'1jhLVjAnNhVD-ghbT0G2ZJ6lHGrgGUNCW'),(1481,12,'1TCco8JPwP2FNCUkKHXTmWvULhn9FvV7u'),(1482,12,'1WjXoN2XZ5oqD5-BujtuCHh6ky4fQNs2v'),(1483,12,'1_Pgd9cYB5WfLuY2O4zY8AOyyV3hFDR_P'),(1484,12,'13l1vgRWv-LYHQbWEoy4NuuF1zjyg_wvS'),(1485,12,'1liRkLYH8uLun2Psfueb5Fzh9Nk58i9nh'),(1486,12,'1OrK3pFXZd6K0XSfQ4caVXk67RXS9Zrj6'),(1487,12,'1836WfelE51idOT0fErlOadE-lbcWZT0D'),(1488,12,'1Ie1hWT2ilLx74gzCoaM0zCsNxQzqBk3i'),(1489,12,'1sNaNU6kwjJEBTTlQ0J7er_uC5qHFbQoD'),(1490,12,'1atCfFlSFNq7mkPGCWMT-qaMX8-ejcEjT'),(1491,12,'1If9ywWlCrxxVfv5cQF06FTRztVF7Surv'),(1492,12,'1JZq3r4D1BUrkcZ7mi33xPzu67j3phDxJ'),(1493,12,'1x_yq0y20cnfTEFcRc5VzYDerxIcHF1F8'),(1494,12,'1rlA_1-91A-1Phstzh-FT86i_h0zLlzdQ'),(1495,12,'1B9dsifefSompjdE2kz6Ly-I-Adssoc5T'),(1496,12,'1jgBpVJrE_LJ1_1s3IPvNkeaEqRzU4Ccw'),(1497,12,'135d3JwQXXge-pQnKV_6gsszP44Pa9r6E'),(1498,12,'1tZRx_Ikyf4K_oqvWLEEP9V9bnluYAKru'),(1499,12,'1kAUHxtxwcPQRIvcoQ1tHoVMszia1y14Q'),(1500,12,'1vzciatvhrxRx-ThfcgmhmJaS5ul_gUnX'),(1501,12,'1l17Ps1LzHMyrUK67Q4yrm1a0THHIqZtW'),(1502,12,'10pUln6hTCu7H35rS7q8pSeCqnbPwT92E'),(1503,12,'1JcWWeWQLDi2DP-x9xPdKPUfbKd7dYMlX'),(1504,12,'1YssZHZmjUgNX4y8kd2wjxqLmU-f4Brck'),(1505,12,'19vIsAklu1NnEeNZXopaxity-RmArvTlp'),(1506,12,'1-czzUw0amvr-hfgdAfDNVm9Njl0dkwDj'),(1507,12,'1oAbXuW5Usvzh3bhcQrvicHsC2yKbj46q'),(1508,12,'11jaH-C1dYUPWP-Bud_XA6hmZo5t5dLGl'),(1509,12,'1uAr3QMVgvBaSaHbvhYbr3LDfPUTUjK8h'),(1510,12,'1MeF3QhFTXucEtAEag2qUVdeswk6r4wkd'),(1511,12,'1tXIVliZmoVTKA8ron8u2a7aQJRaZTODN'),(1512,12,'19AfLGP35L7rRqiBz8Y5du0pYfTxHsohz'),(1513,12,'1Z7PrbNq-s_XSPtI7SuHT9JW7La1etaa3'),(1514,12,'1sJo9A1GFO-cHppS9vBi15mSLSr9dXGTe'),(1515,12,'1begsadTjhWcBx0o6LZpBYB4kuaKImz6c'),(1516,12,'1qS6_1yBtLjt5joG-645wCDEP6YBg-tQK'),(1517,12,'1_AKuGqFeIlOu-noyJKNbKxQ9p-r8zGD3'),(1518,12,'1BNz_MG7BdJYQcqczCaccsKMpaB1J6S27'),(1519,12,'13OCEPw62C8yA1GHNr0TfBIO2OiufcizP'),(1520,12,'1akGvq5WosUJFrBoPaMPst56oMpCG2Jao'),(1521,12,'1-XYlzhck_V4vDppKxtTxSfUdEhV3lTqP'),(1522,12,'1u0jmfqpt5JzDf5tdjblnwxT9fsYy24AK'),(1523,12,'1HJzhnU4L7OrFa8O6LDpNHUuoU8SF6uIW'),(1524,12,'11WK6qDCe5IDIyKZehJaZyntwwAOwI8m9'),(1525,12,'1Z0rTmdJ1oHDZLD1EdMCoqScUxVXa9i_7'),(1526,12,'1s_r5drDvEymjEZB25g3fbDni0-biJuTm'),(1527,12,'1Y-ce05jAM_gnoheDXUfvUe_nAFtphDDU'),(1528,12,'1o2XcBFq39GCp4VAN_DnP8n8TQ_NpVqyN'),(1529,12,'1VdU1logH6hv7W6RysBPIyB0hoRj-nH4h'),(1530,12,'1arBHhhz3NhfgdVZVZHSuZWcM2jrAmSUZ'),(1531,12,'1g4ESz_Hf7mkF8H0983fU_5yzWDBv80fu'),(1532,12,'1fBmBm1lEG4lIEfMy1bUKtCptzGkSnPgZ'),(1533,12,'1d3qpcA57bqIBBRaJMDyCGwHWZTDpitPo'),(1534,12,'1VJKskkOtdEcUQ2Yk8j4pPekFwgJYczDL'),(1535,12,'1g672HG5XfVoj_J0dO8PC6GVTf-i-Pa6V'),(1536,12,'1Ri5A8ozd_TZbCCieEArA9QDQ0iCbG7Rh'),(1537,12,'1OQ2igyEjR1wK-xtEjXp-k2ozB0zuXQD3'),(1538,12,'1t6zyVz2LPA3sfT-Ik9c7r7UXr5JFplmb'),(1539,12,'1X05zLpeR_zjKAF_o7wrDY6BCBw-1Nc3V'),(1540,12,'1ay0qJwaB28xx3iH7-FfA-FHuRry4qHV8'),(1541,12,'196wJ19A824CC8HagBs0KlE4J8kNpK6NU'),(1542,12,'1yC0ir97tPbOxxYRVSK6BXWUwUwp1MQMt'),(1543,12,'1NkqFrtKtdjhRBJZO_NblaLfY6PRjaTLw'),(1544,12,'1QDlD3GfDpZ6Pr1UmFep-Vlte5ojE2s5F'),(1545,12,'1438CPcNPZS1RyUtnkVJRkD5of8eRi1tF'),(1546,12,'1sBvIAD4AzjOolrP18pYaOtHe90Ko8ESw'),(1547,12,'1LtrW1uQBMeNv-VDQlBtvRWXgK8pPXRPD'),(1548,12,'1yumLIo7ot0x0ymBoDSYUr9AQdoa_I75N'),(1549,12,'1GQPHsBAORAhHEKXAzHQoIb8PbcWovTFH'),(1550,12,'1crZYM6x0_Nz5inUgwtcJjVFNhR59wbaB'),(1551,12,'1BLyymvGZ-MFPXZTWESVMUTBrn5g1VdDq'),(1552,12,'1cypZWLUwKSaWJouAHocK8db0kBzqpVC1'),(1553,12,'1OU7-iuLTr1yKsG8wB9q-MxfipKULv-Po'),(1554,12,'13R-PqiKlhIJFstGkeICQBw8YXEorM1Fo'),(1555,12,'15YqgWMfMSS2jhqQO2o7YwZxe-l9oZxgH'),(1556,12,'1ROU14zMiyYVyh8Ofg-GRAK1b-_UzDVJM'),(1557,12,'1fOD6L_nfjJR-2UF4IdLpjCuOQJcNwsbZ'),(1558,12,'1aO4orTWOz3P9XvpHDA82IGL7NsyjFFnU'),(1559,12,'1etUSnqebCHienumx3mdYUady9LLLQiAT'),(1560,12,'1NBnRLrdOslJ8INhFo56sHtZpjIv7NK_l'),(1561,12,'1EgH1HZ8hzbtJK03jM1eTaqgZIkYbT9t3'),(1562,12,'1YMD3pDyE0R5MTGCPhJfJpsFUduw7qeti'),(1563,12,'1UFRBJobXmr6h2w2bqgmHRDyUGK35UQ0h'),(1564,12,'1eAPrAibeMmva8o1T5mri6B-qZtz4yI7E'),(1565,12,'1lbEBV2edooRehxNFBjqsG45pXv_OPiX6'),(1566,12,'1XxVm083wSV_423yQDO19VsSNylyeH7LP'),(1567,12,'14MSsf4RtbIKxmSh0DnTDDH-kx165Tx5g'),(1568,12,'1Rsj2L0Vj6cBGgM2fNSpCp5CDNXK-B04X'),(1569,12,'1P5PSvuAY2ma84Qi4RLjTelQnW-AdMt1g'),(1570,12,'1kvu1AShtR_W0CcvrSX8SJHpFB76lTiXQ'),(1571,12,'1_Jd9bjcOL2mTitxuy8oALFjjwN_eec7F'),(1572,12,'1ZWnR2yMKRKStdpQTFHdje_A5fOPvjwZr'),(1573,12,'13d1h2gZDZEwfBWoa2rUxeYLfhUc_2Ady'),(1574,12,'1vsA4S-SpM_sJHVNotjma4bIY7WB2RxS7'),(1575,12,'1hsfaSPoznJIuOtzzT_ZUFs17YWCG8fPT'),(1576,12,'13k7DhQFwnz7_sE32sYgP0jVepatvRVmE'),(1577,12,'1pVBd55ObNc1MzY_V7D6c-I3nX8UqIY5o'),(1578,12,'1i-Nx9r8uD0kir4CmukXs-GUjYH8uXMmB'),(1579,12,'1PAeG3Dr6f54ddrO5u83iwrkyo0-azFMP'),(1580,12,'1iTmA8dbAgeiNouWf2Cb1u8N28csiSLat'),(1581,12,'1mD82YzF4t2mpS41PLqqjgJ5TjiMPuQXO'),(1582,12,'1no2_XHI-90RaHgOcEtkP9MKgTmfQ-4Qx'),(1583,12,'1OCPOWUwgjy8l--SfUGOT8aPtw2gphWAI'),(1584,12,'1qO0Ip7Zk5Qpt1bDMUtu8afZdonmGJvGk'),(1585,12,'1vRHSNWM5yKig58rrdH_d320c7HXK9AW7'),(1586,12,'1-AB6jhYgUfFVtrB-lPeVq2P_Ul0EF34y'),(1587,12,'1lZKtXswWHcTaT38Fe5b0862yO45TGaae'),(1588,12,'1uB9EJDy5F9pp_R6l_nXqQlDJAU-JNm9T'),(1589,12,'103SotLIOIGFJJszYK0ciOO7pjkfuI2ur'),(1590,12,'131d4LaoVXshlXavr5I6DsqqEah9JpTle'),(1591,12,'1oPnBijhk6JBn-lXItXVd6gIDKU-gDnWG'),(1592,12,'1r0h-gmNw7kXxpkhVN5W5VcXs-7toc0zh'),(1593,12,'1qIxSo9bUihN-OP8Ev0ZMykoIEe7Cy4su'),(1594,12,'1LpHTACRdLR9tlZioXtttlWFw7QCLnbwK'),(1595,12,'1X8fL9ef6tFjIhtEKKZ0FRbuBpUdY2MXp'),(1596,12,'1E7b-u8xG4PqK4e6FqnUK6BehiD8pLLIb'),(1597,12,'1Pps2U8MnPq8ucIS4T6QoNq4ToVXljbwO'),(1598,12,'1mWtzREYvxt2g1EXFx3zaOlEmryznXjv2'),(1599,12,'1SIXPPFu3PZn7OHyWuAg-Pj_ziCo3QApZ'),(1600,12,'1tcMjQB_WL0AiiikgSnDpUgzmzvGmoSP5'),(1601,12,'1za37ZScIWEw49yUZEZT-zXJNcWrM1olo'),(1602,12,'1jPzQc7piNy-y0kxMI6nZZnFqo09kL7iP'),(1603,12,'1w69kC4vbeU2tZ1TxnQr_WYlqADTDNTZS'),(1604,12,'1Lih9RrhC7aLDDigmVJHILj-nLr_tjYEv'),(1605,12,'1kM-XEbAZov3feYeK5Om5q85NnE9GBtzj'),(1606,12,'1jmA1ULqfdOevwDZ1r_s4RIXljfi5CbVI'),(1607,12,'1oPaYl39as3cEgxSdRidOsCwHrkSrCLbg'),(1608,12,'19ZGgXbudtCTkivxAS_z2zTs8Vo_a-w9-'),(1609,12,'1w3slUJCsloZbm2cn4uMb422dPlBWFmbC'),(1610,12,'1KSAnUIvG9xFWIBLmjw2gqzOtIFrd9gNk'),(1611,12,'1cShHfZsYMvDNP2dnPRgTScplfKBNU5d0'),(1612,12,'1VNJm1ztxNSJQ47L9huRq1CAEYJP7JlGr'),(1613,12,'17_Ah7i7yVHeNcA6VwrhvYVBi-zdYBcfQ'),(1614,12,'1yI1gIpZx201MVnQnaE5aChHISltE22c-'),(1615,12,'1VR0HQ2hc0ZwGAzRr_k0DnRUhWf0-57fU'),(1616,12,'1lg7pgPMtZqvsO92cLKegxfZexpF6X7Rj'),(1617,12,'1IGXKqicCHowtuoQzGAQ2vbi-FIRU7iAh'),(1618,12,'1rXeDJIciMMuqzAd0CBDmxyc1P0xxujKF'),(1619,12,'1D3GMidodf0Hxpe-nZPt43i7m36ULLZ7B'),(1620,12,'1j1uJrBOpE-fwLV_Y_Mq5RY9eFs_CGx4D'),(1621,12,'1SYpVY_DU7eFxSynLpz7TmgBbGZEDm3rP'),(1622,12,'1eCHexw7Qe8BZLa0bmAvTMweFIWc2rwH5'),(1623,12,'11iQEJRC_0uMNpu_Dzgxd88vanX9o3c_N'),(1624,12,'1UXS2WxJa8JYHdR2Dp_XiW1MuGSe230Qs'),(1625,12,'1d4Zis9cFnKD7082n07mFhYX7KZpuCF9i'),(1626,12,'1It5-cSi1fiZ4tnElzCHa8zbSAhybDA7k'),(1627,12,'12WYrUTXxzSg-_iOF_XxjHW106uY4gc9j'),(1628,12,'1Tw8xEbattq46GJpfCmAWspHiOhyOv1VE'),(1629,12,'1SwEsdqe6Z0R3LPz3hnSy5H7HdYajM-hV'),(1630,12,'1Eonkv3HreXsBvxBm6etw92NCIECBFFmm'),(1631,12,'1Z_boFeTUB-YxYwmcsnPgq6xH-ZS1a18j'),(1632,12,'1nHVEwGg6HNKe_BO7sM3BuxWe-npTZVXZ'),(1633,12,'1JIxsf7A1n89CILniD9Tp91mi5IrJgtWf'),(1634,12,'1gW8nObJHF8Thv82f7TdRpyeey6tutk7c'),(1635,12,'1YI_mYa2OwyIFwOOKbbW97R_MIeWa8vta'),(1636,12,'1ar8_eSIYkgtR9N5JAW0mi9MBj9iIDm3I'),(1637,12,'1nXIRiL_aQIINot6ITupU2SFsW3rxSMp3'),(1638,12,'1GsyV-QXHzcBzv6dP6WErzyFLRz7YMue3'),(1639,12,'1VhzPGsLYB89kylhErTLDc-NXI8XvwWMi'),(1640,12,'1BXWcR75TjkMIbaTk4aaYruZ0oaJmEYkK'),(1641,12,'1_Ze5avY-vd2aLQ6Cb_McDpjgYvWHLsNR'),(1642,12,'12m-UuRFTQj9V4A2BvwZAWtdFl7TUGV-7'),(1643,12,'1y5Qpi5B-3wkKYXFmMDwQnDgeA7X0YkLO'),(1644,12,'1aXtYqc662lj6I2Cf7MNSKIAy6A8SUdGr'),(1645,12,'1wL9PWS-PWQeBY2oTy3sNB8naVwnq6vhe'),(1646,12,'1tX0yE8sww1fppQF5dECy8P_KotX9xNzT'),(1647,12,'1S2ZXCgYcbuwabokXvrxAMPfmVnZD7Mrb'),(1648,12,'1GyMONm9NuNfpgi5o-TtBvl3Ss5Xm5hK6'),(1649,12,'1IXmCBo5Fm2JHIy2hHq47Ep2GZ4BDR0N2'),(1650,12,'1LP83eXWLoQ6p_yF5y-Ok3P97GndNal7k'),(1651,12,'15o93WI8EVzOag5k11sE-K9pfeXdMluiG'),(1652,12,'1K_YJ9RhAhgMlmokPIP7mkg4XFv3e5W-4'),(1653,12,'1164tXlrGrrZY4BtZsWt0GBN6NcksAIvS'),(1654,12,'1XZ__QtBcXzTSPfkEfb9R6h_pL5FaP5pa'),(1655,12,'1YoFff1yP5pEA4qvqFtDnvjpVcDql_Iw3'),(1656,12,'1t6SVdAvb3Q4KbH380YiW3diRwwNGtXLp'),(1657,12,'1pQTHLT3DVk8PleNlFqoVuaz8z7EtW2lP'),(1658,12,'1eHkCSV0E5H8E-vKoSdhv_QcLzhxI5bid'),(1659,12,'1DxJ6r1OEC9nosOrm4T-s9BEdT_AVhxyB'),(1660,12,'1lBG9FiOEr9S7Kttpgc7WMmm7p2AvVhQ1'),(1661,12,'1Xf3I6fgwR6dMkjXhL3-JxCtYM03xyneV'),(1662,12,'1q4i_q4bxPrJEs27_MGz5bAl6uZWvOTX1'),(1663,12,'1U578ZmuuAE4DNj34ZMU8zWCIqbdnM2nV'),(1664,12,'1br72dqgQComPSfESqryBXCkPeYe_hq-Q'),(1665,12,'1zJwsrw70Dmy-Tly9mLCevUuBh8VeEM2x'),(1666,12,'1Vsd2jT0mTfr9SRexdRF4uUQ42Z9iSZsC'),(1667,12,'1snvk9Rj_npO8fePHy2ttg9WsjReoMyTp'),(1668,12,'1e-hwdF_ftaE-UrG2jpucVKTx21entn6_'),(1669,12,'1TODF2xk_3xcD7eVnZHmgMFFreMgLgHzK'),(1670,12,'1xpFR_ujKiHNFFojeqzGxopEMXhZRq2zB'),(1671,12,'1ejV8ihtDIeBQ1CGS02lZt3YS8Q5nDcnJ'),(1672,12,'1jaqfD1KaO9b73Gxek2UssqvHVJMRWxGp'),(1673,12,'1KoPaSocyrlF25cDyxl77J0QWEq-DX3_G'),(1674,12,'1nh3rPgDlhy8bdTQBicUaJZ14ZXU0yP7b'),(1675,12,'1vUl2iLNAIeOx2NCRQuUA-7qu6X-6IO-U'),(1676,12,'1vnxAjEWhzU7c86avIYNYCZ6I44dofCAv'),(1677,12,'12cIVmQnuEuqcTPOhG-xWdsQ10y78z4qp'),(1678,12,'16FsDvcSfdumxiKrp46HN2QoV_Prnrnju'),(1679,12,'15JoksfoSv8nR5OD6qR460RQnc7K3iSQZ'),(1680,12,'1KMQmUX280DSkAdn13SgTyGElOZ2BmFvZ'),(1681,12,'1VGoCpEtDD5C94GXkyiQElMOaw8h06y-Y'),(1682,12,'1erycUIh7TzOZiEPAvnD-uOjyW1qDeapD'),(1683,12,'1uRHGfN-PTyHJSvxYWQmD26ACrLUpUIUC'),(1684,12,'1DHTMav3xFtnkjQso4f2j_QzzTXow-l58'),(1685,12,'1mLE9mRjmMQJlRYQ4jseMSxuKJBAlKr8k'),(1686,12,'13pg2i8Xxq4dfKgL6HObrLgcpTdEmfiv2'),(1687,12,'1AvJL0MehTepeYClGqwwpr8brQCJIKXTm'),(1688,12,'1GWV5AoeaHMUQuodTMsIMkHZYERZNK7O3'),(1689,12,'1TVund9pWI7cimiufD42LOwMMWcQmI76y'),(1690,12,'1GVkGHDgAvto70XB0XC4i1wCxr_VuxZTq'),(1691,12,'1NO8cQIzFe-2J6IMTnBl-iHeLPcPW1CFG'),(1692,12,'1oLupYpsBpLVQ9zWQTFTd_YsiR-bB2ARZ'),(1693,12,'1To7Tje5xGqq82eF0u5wifAXqFxI9ZtXA'),(1694,12,'1vcxPkpfiAw6ZlXs-nm1wtz3euhYMDNgZ'),(1695,12,'1vbqjgwveNfP-b16C6wWMkFe10ySDRuqt'),(1696,12,'1XyOoeQ87-yp2Em3mtwr2bdUW4Drfaq6M'),(1697,12,'1CIT0qe5730wZ3kstsBCv1gUlTv1CqVvC'),(1698,12,'1rt8NGLdb4dUqLg8qZ7nnLqvweGJAAiPj'),(1699,12,'1szGjFyrUaDDDF5z5leIJvyYCoSozv-rK'),(1700,12,'1rGhbG3DAND-wh5lkT3nzOF7uFFNMsp2P'),(1701,12,'1eNmlkPQc8cCdn1lMxns4WUzF0GjETK_H'),(1702,12,'15DDPAkq48I5QwhZ9iWL7K1sO0t_y6_f8'),(1703,12,'1jt4-Jr9XGhH7jx6GII6qcXBsrf3qk38p'),(1704,12,'14LNuIMzYNq1U2GL6-LfdIEF8XzhNDffn'),(1705,12,'1_pBvJxw4oFcfjCajt8RAuGMAyO7U_nBn'),(1706,12,'1ZvpfEKWt969mNXbwkFcCc4qHxwl-RrHi'),(1707,12,'1ULxYplNdOY2ePVDOo8G8plUVSi3s6Vw_'),(1708,12,'1ASvvZzO7NbafRFgTl-mwQDYm7U7VW656'),(1709,12,'1m7vvLVaaicrHzikgecdKI9H2TuRCpQB8'),(1710,12,'1LpAV4bNpYq4_K4lEh7wYODyp4-jeJx0U'),(1711,12,'1-B0c72mBNCu-kIBudJZ4M5hpSLkfb9F6'),(1712,12,'14FbQoprh1Opfiki5XQ7cxIgjd0OS39l0'),(1713,12,'1bEbnfvkIcbfDW9YJCad8vQkRPUKUYxO3'),(1714,12,'1AE8AdWvuXggXxA8RClIJix3QroPQLNZp'),(1715,12,'1a2tNZ1RUxJMBF-xEedg2GpcYs2puqqZn'),(1716,12,'178v7ixkJriqq296S9uWL5pbYUFIZO-8R'),(1717,12,'1Kn2FcqZw_uQ-6wcNB0UVWcXbgwN7ET6u'),(1718,12,'1sh6L3qUe45R5hPhRiPOHQU1msnOw7l57'),(1719,12,'1_iuNAF9FBVKSsEsGRTXhVSHrPsN6f61N'),(1720,12,'1imHKapggRLObEanOJX0ghPBBiC6fImL6'),(1721,12,'1_J-arNTYZR8Q7JX3pSLWdtSARPku5CMF'),(1722,12,'1ZbFuNeZ2xKueNheXU5pvYYZu7C-5w6i1'),(1723,12,'1iFL3ttFFBFd9t_4i0SnPZvAWOWEaNJzs'),(1724,12,'12Wrv42BW2ty8CNaEdf3DYj89stn-nxGJ'),(1725,12,'1X3HJJqSoBbSsLS_hu91EJ83bPax8TE1k'),(1726,12,'1Tm5CZxRKhT3STgfGYjxHiSpyEYHe_cMi'),(1727,12,'1uVPgvQsunalwYo94BbZtEbJh83rTKYyN'),(1728,12,'176jSzcxLtN4ijYiC2A4XbsQpps2aLBDd'),(1729,12,'1Wdyho6xaNhzRms1C4V7gKhYRjxS_ihW9'),(1730,12,'1_U_LTPJyWU_FG3HirMIg3gjxQAAqUaTZ'),(1731,12,'1imRzVwGQisZIkxhxV_WRZ8DegGfSy4QO'),(1732,12,'1lKHH9jkkHEEgz6gQBzC-G4Biq5G84DyQ'),(1733,12,'1ksEqdPuNKN8f4SxQ9_ce9BdTADStsPh4'),(1734,12,'1Gam0U5JqWcmOy4dmLhAcn97J4l4QazEK'),(1735,12,'1Hps7Qxkv8NjGH9DOTgCY-KMh6Uepzfc1'),(1736,12,'1Zn03RmJNdqqNjTbAO3himkDu0xwLJeCB'),(1737,12,'157UvOXu7B1NcoXXhcLNepftW2BYd_8Qu'),(1738,12,'1UkfqVSu_E9wgMHJxkG5HsDb_dtUK6RnP'),(1739,12,'1GoQ4FbO__aV9-QnwzobIrkTGTaz7g6bC'),(1740,12,'1aGpDBfobWe0YcI9AgjucFaW92j74ezN3'),(1741,12,'1y7DS7V72atgZlkHLsQvap7VrQv7n0bdl'),(1742,12,'1KsknB4ibqvvB3st7iPG9MaqHrC8VVBry'),(1743,12,'1fR1ziXBRFklGC9LjEFD9WY9zEC6Vf61m'),(1744,12,'1AfI0JoUnuA6U1jI8ensFvDipWReFTsV1'),(1745,12,'1E6qF5otpSQZ24xiiu3Tjg5_YvwHaDv7W'),(1746,12,'1JZ0T0PYG9TOhsQw3uIpvX62Qv6-t2sD5'),(1747,12,'1epVQnHEBt5xJ763_v3tYUvffj77Ja9av'),(1748,12,'1CkvFEjnMrm2Gjef06TQxfG4BCO8GuPt5'),(1749,12,'1KzKrDtnDRjQ7Ea5XBrZdebdZXEi4sNQi'),(1750,12,'1NVGHBVzUckYR-sEMx-StF5cdjBbP-S73'),(1751,12,'1BRUzyattQEqr2_llBFZDPgk-d72WDsfN'),(1752,12,'1MbN6XxQEZZaLHhBzytsNt39MWFC8khsL'),(1753,12,'1FMA7eERbMLtErfv0sE6WxSrvOu2IpTwf'),(1754,12,'1bKEbiRiEUIaJZwUa7F__b-2fwE9sF_8P'),(1755,12,'1gn1tCELhJR-T_GVF4yXP15tTcke3xTMs'),(1756,12,'16r0J7SEib7UYk4PuXjRETyXDSYkpFDCV'),(1757,12,'19e0KglE1kOjM86Eqhpbw_HFaKI8TRzI7'),(1758,12,'1E5xVz-gNR3yoOr4MCfpuVYmU7r2L-XBH'),(1759,12,'1q3LAhqs2gVAKKIFM1c_qCPstNA0urknV'),(1760,12,'1CJ6pu-1YswC3gqtABMN2ZEISUHSQDdPW'),(1761,12,'1Am-cfctW2T5tY5EBcwDUaSv46_aJlO4I'),(1762,12,'1wBAByK_2hWh5LtIv_upsFr307Rg6qd8s'),(1763,12,'1sOuUxG8uzt-mqpOJgpCkQW_yoUpiZQuF'),(1764,12,'18G-6gkVg5h0hSosXVGseSSsig2py2LdE'),(1765,12,'11TnAM8pt1atPQ3YDr0C4vfXmieCK4DoL'),(1766,12,'1gyj7d-dKsrtxJkzI5QgixZxhn7VUt31j'),(1767,12,'1hjMI3gxsk5jwd8QOIs81X56yYCIwSbjg'),(1768,12,'1upkXWqBjIFpc6LklmAQPjXZaEVEydtOt'),(1769,12,'1qa5e5D3DIS95EcabVuErRj2X_rZJnzp9'),(1770,12,'177kPmuAEohNmlthfeTVLV3j6QayDa9BH'),(1771,12,'1H5l1ZX_sxBewnPLn_C2QhtMKK1ky9G2p'),(1772,12,'1gXD8OMkNl3tuj9jYcQ40HADrXkK0YiDU'),(1773,12,'1Rr_435qgsk3rSaJvnqpEjEO5g3HDGEhF'),(1774,12,'1KSoA-MJ1SClncYQPDlghnkgzNq8obfhf'),(1775,12,'1tUIFN54dVUTL3WBJ7ztrnZfocEAYWgFO'),(1776,12,'1XqYv8_-aCYodmZ8P0wa6ly-alBjYL8Pr'),(1777,12,'1PMN7imJpbqmlx0TihAD3jNQeyijp2Vbp'),(1778,12,'12P9FsqFkDCxESshEvshHVPNpdcIZgyYl'),(1779,12,'1hLtQwh_7YwZVbGwLeiUC6WFzE_WoV_QY'),(1780,12,'1ahaelC46aMzQztaBxVP-Z-1hg9m5uMc-'),(1781,12,'16jgFvrgPib-1bhA09F0t20mXBz0xPomT'),(1782,12,'1Rp9wzZH5e7R87PRpGCRtikDT9TMnMjbm'),(1783,12,'1_mPPsh-blL6sVRF4_2NOYORJazF39_sO'),(1784,12,'1a5OgE89LC7b61sYQfuHDAaVTtofEnDfm'),(1785,12,'1eAwY44gXaQhB2UqClOc6piabnvYAhLnU'),(1786,12,'1Qu0-hlVi-n63Ngf_a7pCGaHajbB6OQfv'),(1787,12,'1mEKiCsY0BStRMzFt1m-nud7nILU5a-CL'),(1788,12,'1K3MfHagyIUCXaJoNaELMdsLPBO6-cCqR'),(1789,12,'1FQ-fFlCc7dYjobezDYbV7cKwj5kxy1KO'),(1790,12,'1QK3A8FXaU5ja8UNfz1sPfFt4_yeQ_uvD'),(1791,12,'1xxh7MviC7pJFLee6HFY32x--DpYlOxRe'),(1792,12,'1oxy6BshQ4j8XWbu4O9MtsrKum6uRQa6T'),(1793,12,'1F-J6YI1ETfwHxq2OI_DMYMeOjyJ2nlhu'),(1794,12,'1g4SIQAr92qGXC6IOIv6LyvuMGaUtjKWf'),(1795,12,'1P1HWV8NWgwYHpBPZLBG76DBwZCo14Zg0'),(1796,12,'1L6kOvS9XBzyf0hdOmOBiQu8j2tZ2_7Wd'),(1797,12,'1NAlu6FcNZzo2cidiLdTAFe8Bn-C871ox'),(1798,12,'1_2VFdn5vti0pOU7ww293cADgj9sIOzKK'),(1799,12,'1Kq0Y7cI3KZ-AUFvc8jSDn645BVMI5wVA'),(1800,12,'13DNcH481sJiSIQdEXU6x-FH0sx2QgyQD'),(1801,12,'1nQ-2hErb7sGc90S68mbHkrpbNzPYjRsD'),(1802,12,'1QXByAzjImodzbhykFF6IYlG6qAy0CVRx'),(1803,12,'1N2HnO8QiTghxQ14Co4lPiyeoPuvgN5RO'),(1804,12,'1Vw_RApIiJK8M6aWKprd66aMbrq9E9gwg'),(1805,12,'1qQ5oQOWhPUFtA3ssy-Itzf-CTcGvPtEu'),(1806,12,'1cTFm4sMbK0I3niI_HK7KAtiBvoTP9fI6'),(1807,12,'1ySVa9G1IjPQxJa8jDwQns0kcgdcuygzi'),(1808,12,'1CFw7rkK-oJktF9lrP5McUshMoyVmpIMc'),(1809,12,'124GJTPDx6RcsIw0yhKSWelsBt4xJSeKz'),(1810,12,'15iVnSQRsfQw2AgMjwwV0LO4VRKnR6J8Q'),(1811,12,'15H9gdEYGEA4Ho2Umav5KCr73RluDSKnO'),(1812,12,'1_JCjb2iHLMbdEKo01U9TQ-BDWKuevHAw'),(1813,12,'1fXcZ1MrvJwlu0wj16ay2chFsjvr9x8ba'),(1814,12,'14QvJmg7N6ZdD_Wl_8rb7hxp7_GDeGC7f'),(1815,12,'1RH2pDRwOvBLTGfmJ_pnQmh_nu1-ARlms'),(1816,12,'1VVOY26dcw7RTkQXoIlKaDcNjPZPN5qav'),(1817,12,'1Xo5UL854qf2hgx-8iNrurfq4-CnmOWKb'),(1818,12,'1-zlBK5SLLibGDymrdv9VaSpQvBAREqv_'),(1819,12,'1grE61rhLAZz0DhuTeQTt1u1maoO0BZSS'),(1820,12,'1DVmA0nctoeR1anl5hg1DWV7iY6_-rq0L'),(1821,12,'1GDsxpzUaBEKqPuTwV7AAGA35PLlWx8dB'),(1822,12,'141erVwzQgZTPMcIYjpliExRR2Hv_Ravl'),(1823,12,'14aFoADO1Mfz9sSNRtK6EevSNZH2fE7Yj'),(1824,12,'16oaz3w8MPXTrr_mnzcQ7QKPJTMIt2L1p'),(1825,12,'1xv6s4P1AdaxbkDIgroicCnE1LUGJsGY2'),(1826,12,'18JoMqBV7ti2XjApZcgCyZgl6WB-SJrsA'),(1827,12,'1cwwoPesO7FkbZerY4FHXvbw4UsDMZLS5'),(1828,12,'15lNlzCPDmPiJ4iUjfZdaWX5G4mrdx4DL'),(1829,12,'1V4wpC1b52QrYTibQrpc6j4q581mzbZMj'),(1830,12,'1bQpy9wpENXheMHaWwoaBlF6uU2Q2SxHQ'),(1831,12,'1oP5KHQoIb-O2UPkqosixA1hcSoOJ84DG'),(1832,12,'1wfC824Dx8kxYmjY-NRryXPX-lL5a3VCV'),(1833,12,'11uUloprRQWJ_pbsyFzs5BNfEC2o_s2gj'),(1834,12,'1mq2bY_1Ycin3WrMIbZmve1hfRCUIituD'),(1835,12,'1b-8qcXyymuZUf_AW3wadlccDGu1pbAP7'),(1836,12,'1EZZ2algXiFn8GL-NHqTVbD2wGID3lC6o'),(1837,12,'15ggKNR2Cpskw_-M5APr6tXDeJdFSO_16'),(1838,12,'1rqETABLJTe66Ff_uSSBDEqH5fCtTGMIh'),(1839,12,'1UWezMYNF7cVoS4R_mZcFzhXksavPfEww'),(1840,12,'1XzjGKK4FaNqRZu4z7bKurQP3qOJriTfW'),(1841,12,'10hyhQxtHUNcP2WtsFz7NBEzV5TarmVpn'),(1842,12,'1uIvFQEV6v2jjiySNQZJf9t3j1ObUdIkT'),(1843,12,'1x_Y6Nc0Ewa-AttgMIsvn42a85mXvVOBq'),(1844,12,'19qG5t8DrN6V0HUbqvotP5awLXwrk2qhn'),(1845,69,'1-B8vWZGHByECYcJ9sRwcoJivqNSdU4YE'),(1846,69,'1I4pAWfvkHRVuqCKJSvNSmu_UzGPVgcJD'),(1847,69,'1_MfroFocjg8fDfPd_0rok40WEGRpuHkY'),(1848,69,'1--qfQS-IUCnpYxwyslvrvG32SZ8pq1q2'),(1849,69,'1PhcVyZd-XzWs3lQsfN5bcuNMIqWZpUoR'),(1850,69,'1EUzJ--ZmHR4iNwOE4AwqvPlr8re1md3M'),(1851,69,'12rbhIAiTC74mZv1GE_KH6y9fi0LZvyFw'),(1852,69,'1tkPESU5OsiyYCqJtH9epZy2N-ApSrE6i'),(1853,69,'1kFXRlSHwqwD2mgAwp-u-fNBdoBPWDmxX'),(1854,69,'10HeYXUPcpklBwjBFDyLaWEZoDmvKAF4P'),(1855,69,'1L6o0IOmfFJgWmGN3xCe95U9KCCNh-POS'),(1856,69,'1RXuIAL443C7tAv_CL5F07Y9YrU6-Y61s'),(1857,43,'1Z7wN4uJ4ZpyIS2v-sbbD770Q0KTSZ31E'),(1858,43,'1j-7oVg2apYXNuTXMSWw1jwltdcPwXQL7'),(1859,43,'1hKjamGyynHNQhAM_mvs3HlTMr1OzwxBM'),(1860,43,'1D9i8TusuUnRC8qRdK7lZn9frZNLvgNfW'),(1861,43,'1Ij7ptio1rUjqcMPyjvYwnzdRxp4oX-kz'),(1862,43,'14mA0kaJmIGnihfOEh3Kg4s78BauGpTCD'),(1863,43,'1n4R5IYa_Ys4Z-BGIXEWJBaPpzSdQ81P1'),(1864,43,'1KAAZPk6G52Lb5O6d8ySLshXVDbyNPyIa'),(1865,43,'1P575eapE9tBf1ArxDPYCyJRNs257_goP'),(1866,43,'1YlWE5rRAOWx5264ThilQDP5gBD_faah7'),(1867,43,'1k_nzoaZu4gjGBYhp_hbxUrFfT8rtyVx8'),(1868,43,'1g3i7nILuJ47Ef48pvon7SEB3zJsHN51k'),(1869,43,'16u7KEpwkdJaT8QQcw2mkP0UgpZsMWai0'),(1870,43,'1bmyhc3r9UIhGqH1DjEBAL3E3gap6HZEd'),(1871,43,'1-QiirQ5P7qpnczlUtwxc3-tZPjxtSJHN'),(1872,43,'1XeDAv1tv-J1nqDrq9gwsvCylRb1jrahc'),(1873,43,'1gBOwoSU6-Rv4taLoB_88z9hDNPmOf1Xq'),(1874,43,'1IqCtVzPwtQPkni-c3fNoY9shnjIm9Y0M'),(1875,43,'1-TBroHDtG2UNUMLbkGYQGBzniazYS9ae'),(1876,43,'1SZ7JNDpSEiskTU0ymA8hon6EbxmT34k-'),(1877,43,'1QON-ov7nfFYHvmYoGoigx6yr6FV4FZ62'),(1878,43,'1j8oCEBAwy2k9AphoWqdGSbb4vOJPYTnH'),(1879,43,'1UDAubPb3ZFI0K97GWJFHOrPGCmhZLEVk'),(1880,43,'1KYcj1ThYCijzI1uUQb-JXRf_OcYVfEZg'),(1881,43,'1T5ux_45XAzNMMt2ujJ1ezyexL-kxLSOe'),(1882,43,'1IO_yR5xuh8ge7nUN9k902YdoCBXQPsDI'),(1883,43,'14BzAb2iZx1BJTaezSPTM-Zoi0_gt-laQ'),(1884,43,'1CoHb1DqLs5W8QjRP3Yv5-X-SrzTITvM9'),(1885,43,'1Y7AX1sYEnhK4lkZWMfPRFJYWMZZBkcul'),(1886,43,'1sEFF5p30TEWijlDiklnPk_BdAjXNEBkO'),(1887,43,'1dKXYdFopK4hDBpfBTme7_n4IO_TuZ94i'),(1888,43,'1FZgi-wehPCY62QVMCAS5te4aASMi-TWf'),(1889,43,'1tjo4Z1dILdwtMSI65prcfPrdUA2_-upF'),(1890,43,'1IYP4BL4Qe2lCX2iHTVkzQjdWvIwLIoPj'),(1891,43,'1RWaaZ-h1WHjMvMbdvQlmOn5djqCiaPf4'),(1892,43,'1L2WN3X925-7a6BMqzZMcqHA7Rzef8_o-'),(1893,43,'10F8Mm1q76zjfTnNNCGvfWBczpyCdOs8N'),(1894,43,'1SzLIa9cfyUqR3FgqpQQhAnZFkFR5nhMl'),(1895,43,'1vVVx_JPmhtitRnQ1ULzCRiPKe0iFJbmV'),(1896,43,'1ZV4dEgX-HDSAj5uVg9sec7eqUHZygWJz'),(1897,43,'14MsvxkftRzrE5inYe43hlrC5QqG6TeZp'),(1898,43,'1ibC5WMj_JoeTPKr04iwn1ckptJvGzWSS'),(1899,43,'1Ocmed-41-4YNdPTTe-sAa579KhwUynah'),(1900,43,'1lmjCu2ZzktVz8oT-zY7p7vByqC5HhJJc'),(1901,43,'1BRMAcCOQocj8up_EiudL4ipKu-9SRICh'),(1902,43,'1dAqn73wtu6Kt-VrWVcWyGQ1Nb2ckk2tr'),(1903,43,'1uZcj8XQ_HizGRFPf56xOyhdqidm-bJJk'),(1904,43,'1kb68EAVw0KCI2FSFSyAF5qfWySirBdc5'),(1905,43,'1Ig5L25orP1jIt6SVYszRODIlagzR2nOu'),(1906,43,'1hVbd50RKg61T0l4FSxe6NQQeUcWOaL_8'),(1907,43,'1tlDiQMyhISKcbRmJQX30qw-uAOW62KCA'),(1908,43,'1ROQIe9LtMWoK679F0OPiYfYPQAFlXNzg'),(1909,43,'16WtGs6xzTWItDvtdKjwI4QErDouJoeqE'),(1910,43,'1DDOOra9KkfK8AmAVTLwU6uiUXZIdB1Dj'),(1911,43,'1c0nJMZkw7cUlnZTl0SyccNIH-efh_Xkj'),(1912,43,'1tYXD_VuL18qr1OAcm96XC453o-X7otHo'),(1913,43,'1ppqftOk5wdg8_ZV939GjUv4n4iuTw-Gq'),(1914,43,'1J7hv1znNTln5maeiz1LgvurSAU40CJOL'),(1915,43,'1uzDabHW_XkzhNKkAKtnBHuj8OtQsaLud'),(1916,43,'1-_jeyezW-DKg94m3k7ygcRnLCt_1YZks'),(1917,43,'1vdhPou24s1QRzj_IAmMHuXNTKY7WcKZn'),(1918,43,'1zUBeQqSE537ZMp22Z9OR41IvDCU6BSwt'),(1919,43,'1LWlEZvIiK_H2ZrGa607fiA6VHVlEmjXw'),(1920,43,'1Ndgq_kdGpp3DlWwQnJ3BtMr1C_ArNBpL'),(1921,43,'14UzL82Ma5sqbw-VNCB23sZ8cmqg3uE9R'),(1922,43,'1Ti_3JdppIZvr3YPniwDj15w-YzIote7O'),(1923,43,'1NmC5QhS884rfUJReCPo9maJouN0aI5yK'),(1924,43,'1EBN9slGGCzYVK1BEq9dmqdasdJsygEJe'),(1925,43,'1Jng1A9hcPULmtUbcqcIVKAZLdnkbMDHT'),(1926,43,'1cQyqwDvA_rEVU90AWeEtoKSIXMii7czm'),(1927,43,'1f0fW0JBbpctK4ee1cVvjmadPhew-E7fD'),(1928,43,'1jAnCZciisBmq5bwqvqkWD8KbCF_nFjnu'),(1929,43,'1aLHiCk7t4VeYhC738TypTxcK8qA68gQP'),(1930,43,'18nLjTdq_EHqF6RH0o0aX1FyAVz03jTrW'),(1931,43,'1CNElcBEZbW7r8JrwDUK3xebvoltTFvgx'),(1932,43,'1OsvKuTwyBxk4JlvYpwAxxIBzU1E7ThcS'),(1933,43,'1O-TybgZYp57UOrSsOjc47J4Z4cNQ0Lm6'),(1934,43,'103ub1U2M60K7jZhHZR0XssLELbNoI1Qi'),(1935,43,'1S6jQhtz2gGI2kNVUOa6Xfo3Sg9FvEOdK'),(1936,43,'1XKyZFTCRiiFDwJBP7AN4yF9V13X38Pb5'),(1937,43,'18bYQFRaGQdhvMi484mnsDXYR419rJpxa'),(1938,43,'1UdnHxNWMKd4lvylarquC6D5r-v3YjAq-'),(1939,43,'11owaG-V-4ujlkQ6cB2UD3KyI6H5wNj_j'),(1940,43,'167S7jxcwfZFIlhQgmMNNL941GnWe6IZb'),(1941,43,'1_1Z4YpBT13KVm6A3fiRbhd6Zd3gCCPIa'),(1942,43,'14wuCkUvTrb-V-RRPNJKDnNlZJiRMJZss'),(1943,43,'1tdSu2onc54duuNArDl4fq4mnHnIviqfk'),(1944,43,'1EGFmyWWZpPY-VcCGAYtEfdULS9UXD9M0'),(1945,43,'1fqAH3RLx2EP_ziZYfcShGXn_X1QDNo6Y'),(1946,43,'1C6RbOA_ob-t2wWCIMUdF_1G-3lygn1tT'),(1947,43,'1Agb8b50sykwCKJUdbwQ2Wai_EzInTNzJ'),(1948,43,'1nX2JL81wvyPmwwB5__HIhE9xg4OxOz-a'),(1949,43,'1chJOZ-aGRiwUtmG1cPzmcg6-f5rEuW5C'),(1950,43,'1kKy_1uv_BxU2i3qb54zlEMMdM6FLvDYc'),(1951,43,'1Atetj3WsPUmaRiCScgXgZ8dsBPEx1JVy'),(1952,43,'1NCmnvyBoY7r_6A8S1FTnhoRbBF6QQmQF'),(1953,43,'1AxymV5QlQn1BlzvxZIGZbhqThG0chshh'),(1954,43,'1oS1Iz5Eq3P-lCQIYJzAt7KHNI1_I_oWQ'),(1955,43,'15i87KcdEIFmJvjH9Pv5rv2bJqYOYfziD'),(1956,43,'18zT1fyEtyoCSIQns7LG69eZ-NfpSL_lV'),(1957,43,'1khsJ2YWM8HZJvIkYrzzTUtcEuV8WIEp5'),(1958,43,'1LDIg4KPkXWq6yLzX65lgX-jjujDFERDk'),(1959,43,'1nt3PNHRVgSkutqTz2BV_znPZNxGC2dAr'),(1960,43,'1YIl3yGOAUDScwwnUFPOAxR3rKgMpbVM-'),(1961,43,'1_3R6kNMvZvH52iAq5ft937_6wwzHKWrz'),(1962,43,'1r6XR70Cpo3ydGklRfPRrq58N502EsfnP'),(1963,43,'1amST2MXwRsXy8ozNCgAJk8R4GQJyFYlr'),(1964,43,'1QQ4HRTWua_tagKGeNnBzmbEC-8b3QbUE'),(1965,43,'1aXO-pTo3dNwmiPhmG4D7HlghyIZ9vW5s'),(1966,43,'1Lr9nGanHZURvCdyq9nwwHtUxFYQ-pjXi'),(1967,43,'1bLPhkJdhceLhzj2nvCUj65uzBcBCXNKn'),(1968,43,'1jnnq2I-Qek3omby8GEni9_IGkzJrToFG'),(1969,43,'1Y7dV9MGhXV5AhLmoZnV9ByCziI14SAKO'),(1970,43,'1DRcn6gOiGDDCbyYHoahMG653VvEcHLXj'),(1971,43,'1wrm3lHDyXOOmqVMd-8ILIw8wYr2i25d2'),(1972,43,'154xGFOo62eD_TSO5WCyjgiqbjJAUUJB8'),(1973,43,'1phBcxLrDyNaDqjioz5NSrfs8zoLGZOB1'),(1974,43,'1DbzETrE9x-bLR7itL0MKNDSazHDj_pUJ'),(1975,43,'106OkpWTQbNHzsdQ4jA-5_isJkP_4IGBr'),(1976,43,'1H3VC4yTNXgRRza1bGCqzI-bwg6kMKZ0q'),(1977,43,'1P_KGbrS6lZks-skrHRPcg7C-afBWRDY8'),(1978,43,'11FVqFvbijFhkHxVemwZL8OhFBy5M52Z_'),(1979,43,'1StylhSmAAAhYMRllxKqK_VH23m1vzhzK'),(1980,43,'1Z175Bd3CQ7qL2NG3b0PgogXbkKTG4_pN'),(1981,43,'1WTfrEHlp6hv1PoAiPmuZDq92UnUySib0'),(1982,43,'1w_SzTg5v3vrzhXwfAk7I0E4oSFwZCl8K'),(1983,43,'1pYVkmxwV8PmOMPVxz8aJPPGksKgLlS_M'),(1984,43,'1CeQ5p9OCA1gTNzKndE8MNcfDHAb_Oc9D'),(1985,43,'1r0aqWdyzu8lGyDSyoeOJg2yfJdgQ3X7f'),(1986,43,'1URAbRpnMytheWHBQqukqFphjCpDsl6EG'),(1987,43,'13lS4rodleKgWVfSgqfVJftnsIFdaegln'),(1988,43,'1NKwLlrcCewTfwQc1VmHzYVsltDq4_qLv'),(1989,43,'1laZx8sZectICU8sHWqmtg0JMWUdest4O'),(1990,43,'1h-6VXakEH9KtKSzzib7t19PTZXnQlk9X'),(1991,43,'1CJIGo-dtS4HgJaGOpSiY3zqXh40kpcy6'),(1992,43,'1QZ08z9espo_DFSzjysjLD1NVsgcmCYg8'),(1993,43,'1l3VdOhkLYbMz7dkKdzUDklcM_EO9957e'),(1994,43,'1qN0l5bTmWUa7chmh5A3B_ma4VRcj9aNs'),(1995,43,'1WWQgN8HgfQcb4dlXsO5lokzwYwzLwoXL'),(1996,43,'16e9tLtEGgyXY5GQvRo4Jp62Iqq1jDmag'),(1997,43,'15oXUzefzm0KCBrIiwnou3bTgiAShFbFl'),(1998,43,'1q0_KyKF1o9kzQE5BGIOgUcyjlJC9XHTr'),(1999,43,'173Da7ZQAqAp5vU3MoRQscIf4JlQHlW6X'),(2000,43,'120h6p3ZKolqY1ge_xImtAfs6UrDpPAa_'),(2001,43,'19z5e3ytvYgMKmY2sL71rAjGzxQ8koOX-'),(2002,43,'1dgszssz_Gc3kCHj6mgZ-bCRQY7PY545O'),(2003,43,'1MCNAcb16ir1L6TAtjB_kKKL9XF_jDDHU'),(2004,43,'16Js26TlM8rdgAwpgMIiI63p8KcQRvcJT'),(2005,43,'1b53BGxc4VeW7WmtUXzKBCHBEkj3UcyB8'),(2006,43,'1mfRYNsZRnxcCyFcwRsWYPor5a_OxWVT_'),(2007,43,'1TIkQTzVzhLb6daJ_rKTbJVObAas6cDHn'),(2008,43,'1YX0VhtYL0d2BDHrIWGLRHGTv1XE3glYD'),(2009,43,'1-UiWn_OvFk8ZfCv4wQrPfxHN6hb7QSvk'),(2010,43,'1PQaMdURhfe7hX59KSkAhGeBTlYcJ6GP1'),(2011,43,'1GwNyVZtGJOYZkb5Yc7gcok83H2FbIRlk'),(2012,43,'1g2VxFpr92wxn8MA8cpI69npRi_JDqTyn'),(2013,43,'1zH9-5ae5lEhfIpRONfiAI3DR56HcHnf7'),(2014,43,'1q4TQhAz0xzBTCbsea1RiM8jSicSZ97Qk'),(2015,43,'1zFx9StNTb1pApvUpYSCUYSPhUQdt1jqv'),(2016,43,'1tpeSztMwDH-4nBb7EDTwZPfsKSNPV6lq'),(2017,43,'11p-vdRftblo8WVyacC9DGww817CFIsZC'),(2018,43,'1a3G-jG1ha11QZnJyN0J412Se0e55l7xS'),(2019,43,'1KyQ-WMjWLecwJoz07cjid8prKt29lBA0'),(2020,43,'1DCZXo9UJ8LWUKXnCMSSqb_oxBvd5JIqo'),(2021,43,'1lFbPp4FfpGAjgQSVQCHxIpGi6QQYyvKF'),(2022,43,'1s05D0p3yuF9mstlncPaVzCsbEN9iEYLM'),(2023,43,'1anExgy7tb9oGxBKG_HSLjK0W6d_x1pC9'),(2024,43,'1KJ9jU22h2cn080xQNJVEwEW7Mwvftxh4'),(2025,43,'1wPIhb-4o0D8Q8vUzhZoeFpR2yis9MnWV'),(2026,43,'1EBct6vYBm2bRKDgOcaFCpKxfjn9KlYKQ'),(2027,43,'1yl2UPl1byt-2LalDJFi3fRWB6KPHl3zE'),(2028,43,'1VAREoYH7EcBxf4QXdRAcprANE-8WevRD'),(2029,43,'1hcioGVb_D9cdctWhLg8cjmTtKEEAC34T'),(2030,43,'1Tch5Y7OrilNJvDNfeGgGUaA9FO3pa50u'),(2031,43,'1drLTyydyJ2m2XxbRlgbpd7vJYjQduQUn'),(2032,43,'1f59Z9m_bNz1go79rxv8gbR0pt8sd_Hkr'),(2033,43,'10Dpc3CnGXAK53lneidwiLaoMCaWKdMx8'),(2034,43,'1DGXHFVOs4BdX5jEGKjBLnB2cC00cIH7e'),(2035,43,'1JLUnWsxWNLFtoxsotw11Lhm8bbRrIu7r'),(2036,43,'1qo2jeqRBS4acnwdpIUNtMBwQr8MSKPEP'),(2037,43,'1PruP1yH-qHP3Ne6wzvG9SR58-uXAcGrM'),(2038,43,'1vzx6QTnv5MjKoJ6dySu3iZg7UAFtjrpn'),(2039,43,'1vZJzINsspg_-jzQdnkcOOhyBGKRP0fAS'),(2040,43,'1dkGeeAEc4TziSV-shsA_hGVUdJ7H0otG'),(2041,43,'1p7thTxh5dzy7WGT9kiDuAn9ACd7_-8d9'),(2042,43,'1V5wqhZD5zLs4WlmWj_k7PraER9KAZDa2'),(2043,43,'1d2pVXbegbkV0lPpjYNZtnBjDdSC5X8fo'),(2044,43,'1ItLzqrQZysprFV_HdYcNfNgzSGNTgVgv'),(2045,43,'15UyVicVS2R6FXeAbrEBfwUWxxXQjT5_M'),(2046,43,'1pUOXkMh_gajbM_NwM77nmZJtWByuTIMF'),(2047,43,'12CkM7EN_rDvVX0H5ybea_FpdShnA4zIy'),(2048,43,'1sRT5faoReF9cRnYBBr8peQxfNv-1Jf2I'),(2049,43,'1V616DCz-6CKaycuDdhZ1DqykTP40R3sd'),(2050,43,'1WkbdzR8uwOMFyDxnD86ZJfTd24ok7Sp6'),(2051,43,'1TezKMddZbzU-W2lfqQS3svAIe_o8x9Fi'),(2052,43,'1v9x_JUQJwH-lkaNF7JJUVQu35-7970mT'),(2053,43,'1thr1ODk2Zd64Crz8GOhUmRFjLSHGvUc-'),(2054,43,'1eFHoXL9IER-qItRqWaGBuHqUsHryCZnw'),(2055,43,'1jau5MOQMB4uwn2GoS_nzYCND48A89mEV'),(2056,43,'1AWxhZajDaWrCG3JUNFYd8YVKmMGhKW8Y'),(2057,43,'1CBngxOmcmMvzubZSFFx7LBjPvHeHYFhS'),(2058,43,'1-k0cmiVUf051lsCBDgkqV9dzKanrsH2B'),(2059,43,'1Lt9qLMXP8MToyLVkC0geF3myi5HcPxrq'),(2060,43,'1W1RyihtyqUjPXyuGxteuuiId4t1t_j9C'),(2061,43,'1NSOEDXOme5Y7iQ7ndaZicEN2DkZDGUQu'),(2062,43,'1lki-6d7wUj4YGIjmXTnbReuUzxJ4W7BU'),(2063,43,'1JNVmq0R2oCdu6p_Ul2fuqk6eaIi99lYu'),(2064,43,'1pM_D5ye56gYMcIhXEu98i4s83J9PCfke'),(2065,43,'1X6ci5YbRlYOOtHZdG4CGbOeW5Yt6gV0R'),(2066,43,'172Iw8BtrWij_FGCcIznDlcvKmBxB5qyI'),(2067,43,'1dCtrXrgl8i9pnAMpOoF3dclAAMmFeijF'),(2068,43,'1IAPyHWFCLGnsYR3SG5fVKCO2qRL9bn3c'),(2069,43,'1UwOI6i44kXoaYjN12joxj7ASvSNDPM-z'),(2070,43,'1G5e6KjOXf9U3kGVa4-avDEh45BoufvHl'),(2071,43,'11qPqjlNwcgtpcIdY7U0Tp7zO6d5tityL'),(2072,43,'1-gNwFSP_B1RSgtKGyuYOn-a--ahlbmEp'),(2073,43,'1ioUPPnyRUYlQZBzAcgLhdyUqS5pfp8ig'),(2074,43,'1tbwypKe9h2F5gTdmDG8XfkqWF70TrXHd'),(2075,43,'1pAMg1wfofbsEAhAdUqgp7vZFH_vsJwyv'),(2076,43,'1DRIeaeumght2cS1lNPqNqGlpd5pCW3Mh'),(2077,43,'1J7db0l3FOXccWwFi7_YZ92TjTjRafm7x'),(2078,43,'1-CJJOjt4A3yGGMZlxBWtABmukEc8P2RO'),(2079,43,'1COIju6qqr9iyE-9tbLo-V_rWMBohA8vk'),(2080,43,'1ZCo_J8JUJwaA2UH-YJ3WRRWTzU80UU5j'),(2081,43,'1QBOBkE2kns0MGKzQaqhg0mAAVwwm0g5J'),(2082,43,'1I8C8nW86tlDt0QKozXUq0AHRZxwfbgK8'),(2083,43,'1iMspjBNNaiXe_kB3MZh8SNlvapBFGryR'),(2084,43,'1c9sd_-OIwGewRDq4b1DyrynFQDjE_HkF'),(2085,43,'1y04mNYZZ99Nc_IDZgN1Twde4MkPmmIE4'),(2086,43,'1SnyqWBmVz1jnA_tjFF0Ktat0TjWKRBhc'),(2087,43,'1I29vMnVQQuoS2lHc5w6f3wY4AL6uZZxM'),(2088,43,'1YF0Je6aiSrQ6ajfFzdLmYaLfns0gZ4kL'),(2089,43,'1nmNGPhwHwO2GtQPLVtC9y-551bDQN9_T'),(2090,43,'1oA_J21sTIVJmOjR8_V_QUPQwkzmv0N6D'),(2091,43,'1TyhA2U1QRykAbEyL9X8pcbLvOSgnohCM'),(2092,43,'1RJBiO2bhEZRbIkLWzvq2QF56Gvbu_YnG'),(2093,43,'1oNntjyHZkeOs8a3-_wMTAIWZStjxv_2R'),(2094,43,'1uZRhcW_JsANDHbM6ALOISswiqMnwcH3d'),(2095,43,'1GNeWmkUSb_FTQKu28ulb9t08ksVXvjCL'),(2096,43,'1IWJ07eSuzwlAtty2Fc1gOP_6vH4LKRwz'),(2097,43,'1TUkDrfaLkckRrQcHzVL8XbukmwaGpLJr'),(2098,43,'104I0BefnfgYnIkZ5YgMUE1P0R_phKqTd'),(2099,43,'1TkAl_04erzUJ3NnSz-vgEVLFW1RX7mns'),(2100,43,'1h0XRlEQBXW88ZlEjcSicMpWrLRSQF6Dh'),(2101,43,'1COv1MVMwhL8KEjW6b34JxFQE01rakHP3'),(2102,43,'1ZPUIKIhH67QRhvqR_LtzyI7IMYTOrPt9'),(2103,43,'1q_fqYFiIW6hXqbh6QHPByEIYENxcr_7d'),(2104,43,'1j9_m9688EnFiRg-ngBb0sLAco4VOgDjB'),(2105,43,'1ID52vE4QGivKXcKIMr0acFwHYCfPhChT'),(2106,43,'1LMNn94WVM84nrRfx1iIiX5lx-yHr1HnP'),(2107,43,'1rN-jyV1YCIJLD8p6J5zS8fUXiQ5m-dRu'),(2108,43,'12k_AXxxrCrOJ2Xsd22yUK8ACETpWsgwr'),(2109,43,'13p1_nPEGsoUiZpkyNtvMuPrPSd-QgHO4'),(2110,43,'1CatfYQBY7vSpFQte6MlxsCDOK7pDyPD9'),(2111,43,'1bpBHR0qzIlgLFqCwhoMOA5SbvqkC6UGS'),(2112,43,'1WT1fMclepHUySRnju5nqUUZfYi7_mF-8'),(2113,43,'1Ft0HpEIs7iNE0ngAj6j4cjNxBz9EQx1e'),(2114,43,'1LMi9Ax0ubAIMg2P2QMyELf4RitTGjPJV'),(2115,43,'187KglTljkKUd5OdswP7mcDfIHzhvhBNj'),(2116,43,'1VWllH5lfiw9NtamFE6QNJZTEVyAsouHp'),(2117,43,'1YZihQwQtQ0vXfz2KM8pvnCF5HjzKHOMh'),(2118,43,'1SERvTKp1BFEzRcdj_fnM1PJhAGAU9uSj'),(2119,43,'11ZI75X3xW4nNkEwx5hsG-p7egEzUhhfG'),(2120,43,'1SXFNj9n5oMwG2Yt4_lsxdJ1e7ThzGd_J'),(2121,43,'1eyhlJ5j6t_AF-hDeEMhJ15eAcT7TMiT9'),(2122,43,'1CTa4p65vveto-ZMGUgaigM-HXPz87hQn'),(2123,43,'11Vf-h6lP1Ca-dYMvHcxvAo6aKNPWnT3G'),(2124,43,'1pdmAKvgh68SvTM3_DZqrUm1Xa8FIG2Yu'),(2125,43,'1XxODafQ58GeNGf9_lNnceTE4MVdWBL_t'),(2126,43,'1yFS49_3Ic7kpqIHnAvFj_ijr8qcecKEk'),(2127,43,'1fmvGRLpCRxAEP7woMIUreTNs15BgSKz5'),(2128,43,'1OcKm_E6jejWQyTupRmnT4Klveb8XkzAY'),(2129,43,'1ypMyTMROrQOol4JDTYcJBxP3Q2oHdj0a'),(2130,43,'1gAZDsSGoz4Uy7laMsLS38C-QRy86a_KA'),(2131,43,'1-uukfsOrwqF7HIIb9HOGcG9hWCWxowIR'),(2132,43,'1lu0T3eXG3y5ehd-85ARwE3lkQabojNQp'),(2133,43,'1sdk2RCdETi8C24qj9Lxy_kAtvLgbuRZt'),(2134,43,'1cRUCLqVpVfXh7uuTqU3h6ZwtkHt7P-4P'),(2135,43,'16hrX2KmSX8FI5prKZdhwQ1emirJPNNGU'),(2136,43,'1KwH0bARbjZZ7w3MnxRLF4dgImSQ0ipVi'),(2137,43,'1m4wzOGr4GFk-ejz7fffhvaTRXYM1cRwv'),(2138,43,'1OFN4H6ZqzSgHs-6AbnQLiGEnV9ecxv9T'),(2139,43,'1m8l7Teg8s2MuG8-Q4Wrofu2kPM1kyqwV'),(2140,43,'1unaz4D1JD1XcHB9hQh7J5UXp6hgozttk'),(2141,43,'1LTDLk3SCTv-vraAYG6l3H-okA_axVNS9'),(2142,43,'1m3OPPL9uMxplRKvsLn0GenjV3oJqJc-g'),(2143,43,'1ZHO35F6gG71B1MY2wC4lwNwQCqEJg5fh'),(2144,43,'1YbbY8qrBPYv48tS27IIR-s_25nw3WtW2'),(2145,43,'1aBjaEfT8puZiwa4RVCgeFHwHF-BBvllC'),(2146,43,'1BJSlrPRgBpMDwVH2YxUdnCux99ehN47J'),(2147,43,'1muOhdjbHh3FoQ2eZ-q3QbVUwwo6ANiJM'),(2148,43,'1uY0Unrs-StFXNu9bCKODNYBuH7tjpVNs'),(2149,43,'16YQLV7duQLfZTiYMv8wOdA9DcHloCPms'),(2150,41,'1XocpuYOigGgb5WjcQgL4gdLKPDcBOqsv'),(2151,41,'1S1NuFLnUG4tKN-1xJXnc98YXNBC1bfvZ'),(2152,41,'1TyhDmV9SJRPLmTcqxMJ4n121pt5weG_M'),(2153,41,'14v4u9Zmer0NMzUfaiT9u1zI39-sWUvfG'),(2154,41,'1WuS9ZmISyyriEnWJmaiYskQQsqeQ_WT1'),(2155,41,'1NQKNfXiGx_ZCZO4p3szxqrz-cwU8L_BU'),(2156,41,'11thwpuivgL236U7FT2F7LmhUjzhkPoHv'),(2157,41,'1C5u8eF2nYn3bGbY2EAW00K9C_AyHuOoJ'),(2158,41,'1T_YL42Im1kIXvq4ONoSyUwhuRKC3evCW'),(2159,41,'1ZaJybcCqzEjadJjcErqZVEULR2gsLiVh'),(2160,41,'1e-QStqtjSCqNe1kW75xH9dpdxTo_NP-u'),(2161,41,'1ih_Qe3_c6nF7OSssfp8nL13P04YQOxEQ'),(2162,41,'1X7DymOFrX4V9d6odgppkQfP3mhJsvyJW'),(2163,41,'17QTJ_vj0hZEUDNHFoLi0hi_N3Rr4CIR1'),(2164,41,'1366wUbRdTz0s3FkDj9FFsPzLd87ZHTqs'),(2165,41,'1jWOgOkZW6IF95kYHik7pqQZ13ICt4p0A'),(2166,41,'1Tw5Kjba_1iUXcTOQ3InIxk-sbwgybQMh'),(2167,41,'1uZmTSDOWrYNj8JnZHBlQ0g1dH0wMZ-86'),(2168,41,'1PNrXErmSKpPyPn3ZNcDmb8yTjKoMDWXq'),(2169,41,'1Q9VCNTnGxLIXGvnOhTKdl3SGgx1PgvGv'),(2170,41,'1ennnudUQNV9kCb8x56QTo4zmIJ9C46B-'),(2171,41,'1zewpbASl97bUwfDrA1lsYmeVNfhjrXDR'),(2172,41,'1Jkl0p5sHhjM8B0jczC11hW5eaAJcEUI1'),(2173,41,'16Lthjia9LW4hQVqbTqi11hyfhAuRdQD5'),(2174,41,'1V1ncXBkzNGjXBiu2xHDQFalFN1T7GuDU'),(2175,41,'1horWJOGTEvYsXmBvdv9QmNPUnIFcuKUM'),(2176,41,'1OjN3RPrSgIIr1KLBh-TckEHCVixJWinr'),(2177,41,'1M96nWCZ90Q4wjYFVv2Sn1YsrdJvKYmpi'),(2178,41,'1ekLMuFapZDLvZBHZwnZQot-mM5cdLPRF'),(2179,41,'1zVETok9-7BKX_9mjD7UBPVfMEgrAO1co'),(2180,41,'1WZF85B1iwAzyWlpoix85JvZa6y5NALQn'),(2181,41,'1F6XtehHH6qSNsOpg9ftBo4r2egH435xX'),(2182,41,'1mq_JtlwCLVYAJla6HMDp297ybmyrlkQZ'),(2183,41,'1F83YuIjTXEMdxkuRJts0Vj9uqrncM30x'),(2184,41,'1Ymj1HPKmIOlX28YOuasiy_S5YtKAy0dx'),(2185,41,'1q-i39OXvGmCDPuCt4-qi-L_zEVgj6GN6'),(2186,41,'1oJiKuFYeq7LtJQgx9uUc6C7_WVBLRDwS'),(2187,41,'1zSI8em-SYe6eD8s2SBDpIrXn7HKXdUXu'),(2188,41,'16zNZwSzUWlHIt1_tmUrOV5SAgCrCXzPq'),(2189,41,'141LRekK85YjA8e3D-ZEgQZRrB1MplAoO'),(2190,41,'15hpdO86bZD-MpYlDHcpysB_8o7FJb0eC'),(2191,41,'1fhI87UUIoKS5K0jWXbmFpJYsNKPFL8Z9'),(2192,41,'1ZVTbJbYQJHpA9MFdS_3YTU6COy1aQxRW'),(2193,41,'17vOq3mPitP9r101Zeg1wxDdUIe4PecMF'),(2194,41,'1hT9cu52jmP0tHPUanm5-kxbGXivJolIt'),(2195,41,'1nVBtOhzgsd3eEe9Sv4hHIzQSwxU-lpxf'),(2196,41,'1Ae7HkAkc1iRjSutfNCCsJwt61QisfxWt'),(2197,41,'1AG_in9PkSRypwJdIlMiFh7E6KTk5o9hm'),(2198,41,'1f8gZzdjhvMq6yFNdWA_dfe3NipV4nn-Q'),(2199,41,'1tNXT_v9GT5hIw7Vto6l2VMwPU-ucCrO2'),(2200,41,'1SBoTQcfeXAJyrpUETMF-sTTiZcVjUuQ3'),(2201,41,'1N2nfUjIUJ8U-tppJmOFwpe2VknF11FI3'),(2202,41,'1rXAPtqzujTtUCVPVEN62Gjuh545ih9UU'),(2203,41,'1En7ykqLDPlZQTFcLB5D-Bpy4mlJ7Cdvk'),(2204,41,'1kBG3cx4jKp2s5Rr6Frnb1Vwk7eNGPakk'),(2205,41,'168JdTQ3ulrmPzdtEL71qCpOMZD8HYNeP'),(2206,41,'1eaOVMQJ-VUwP8Li-RFUm3dlcGqRfkNhd'),(2207,41,'1vwCFimNKQ_-DCj6rZWr91tCAF2gYC3ai'),(2208,41,'1eEJSt8i6qI-C0fN3t2kDJ_VIZHdoO4Fg'),(2209,41,'1qeqDolG6vyM2FBMP59yWG9_CmuObjmt5'),(2210,41,'1iTepmGU7g06AuwvhUQcDrG2VvL1x5hg0'),(2211,41,'1WD732Ej6vC3cNpZDSukC-okK8LFyGd4X'),(2212,41,'1h0-1GdK7YMxSllphz3MepECohooN9q6w'),(2213,41,'1U-6cZvgB0Jkr1vArSRBrWjOVouCQ0qgL'),(2214,41,'1bL_uTDkJnk0VGTMQ-GIZHBzvSa6E5iYR'),(2215,41,'1KVa-aZB5XlZOv2gzYPeNK3krS8L_tYTQ'),(2216,41,'1cL42pSnJySmJmHeRsjrEJyc7_NSNZl35'),(2217,41,'1kPN5VLmy4ZHLCdBkAUjbFe8zNfpXctLy'),(2218,41,'1b_0x-ACwXrNDtB8eJZnLHNJglO2EE8NQ'),(2219,41,'1ihNu2ZONpJwdET0YVO_vvWqOmcfNbFUX'),(2220,41,'13FgdtUPw-Py6BXXTmmHXpi1yFtquRMSw'),(2221,41,'14mA_buAzHOZTiV172dP5qdUCxqFigsnK'),(2222,41,'1QoaWnQ-biC8TDrdDCg17aeL7T18Qq5Du'),(2223,41,'1pajw4MtQLHITgw02a5H86SsQn70rH1fJ'),(2224,41,'1zq9swx0qXps-5i86H314kvjeNpGJ88eN'),(2225,41,'1grq3O7XyO_Eyjd94MYBbGpwkNNutBT1n'),(2226,41,'1h6p0ZAfRe2oLOWRmtLrb93CUtT7SPjd4'),(2227,41,'1DuBo_Db_bw-FM80i62f-iO1tna-Fq3F1'),(2228,41,'1fbdTe2tfMfT26JPaExXt4Z8GdmWM8Rdw'),(2229,41,'1Gw5Fe0VxFlbDNDo6TXXJswnnp-pWv6D3'),(2230,41,'11QyBDyd1VmixFkZCfSAGadaD6ndNTHkX'),(2231,41,'1SJKrH0JJP9rcJK96_BgOIq4-Qwr_xJki'),(2232,41,'1_7huE-VqnjKa374p7YRVkTMDiCzYo2yT'),(2233,41,'1-owCjRPCUwzfo_stOFjX4lBmRXbXP1fX'),(2234,41,'1m-wB6PNjCmFu7zUY4R8iGolq5gMmrjeJ'),(2235,41,'1oa5zPeBqqVrppZqMJsbKxJiccO7g1mLn'),(2236,41,'171BPaoFIrHaln-LaeD5L2HqhlgSjt8fW'),(2237,41,'1XsnEbTSUYYYOzNkjGHO3nRxq9sp16rrK'),(2238,41,'1sFD-wbl_Ve7J510JY8w1Ynn7IvECWyHD'),(2239,41,'1SwPvrqIcnII14slb9sH_yG8TDXxgmnJU'),(2240,41,'1ziiE_GBVdY7T90GJK_i9_up5VDR59Jrn'),(2241,41,'1YUEqZCotmXLtYBFKlRQ-fSFKUyX-UGkg'),(2242,41,'1sJfBroI-To4e1EMW_SHrM68FKV8_LVu9'),(2243,41,'18keTXFbTUHvGvI-KgAbFNmVJJN0T3XYE'),(2244,41,'1Gap5aB508GlKrSR2Z6p2hsA-RIbIY4X_'),(2245,41,'12ZIgOn-lj8LE_z3_8k5Ji6bo3oGhhnj6'),(2246,41,'1ozB6Vf4FgNnHt0FtcGrR4KJnMPGdaCp4'),(2247,41,'1HCtrRWwg3WP94W0dNPzDKRiXiSJufcDy'),(2248,41,'1KMDdok_D2r1RDwCSPwxa9_L2hpzXLef0'),(2249,41,'1adJsE_slz5Yq8NLpuQY5DiHSKsyh8HwQ'),(2250,41,'1m8NcyF7Zwr161wDIDno38TaeZukuq5cn'),(2251,41,'1BGOXZZCPtdjP4z-_zpiG3_3B-I7_mjG3'),(2252,41,'11MClG2Oa7Pr_LLcLrep-AgwiwUgrkHki'),(2253,41,'1hOs4owKtVjCggLaKx6ZEeeHtgEEzIBYX'),(2254,41,'1PhlD0GFzuJfHbPjI7fWFnUxBHhBog5iu'),(2255,41,'1TzS53ZH3UonwrXAy7TlbkvLz8lAZ4URb'),(2256,41,'1yyE9cvCvQyj4JushF6ZzvOjM3UPVIHO9'),(2257,41,'1FDxB94R8-VasPtVHkxUO3flu2WZMgV2R'),(2258,41,'1F8ihrYauUNDDychsRxHpNL0VJK2eH2xF'),(2259,41,'1KkV-7Saz5hM19wo1O_AYJzTr5njqWo8S'),(2260,41,'1aYYPUPw3_7nVEH4HVR4qKxl1Vhe1hB5J'),(2261,41,'15N-qkcsub7fkvbJGETJeCHijtDa_BqL0'),(2262,41,'11WPXk3pShJygeMP8F_FBEElwwTJOyBoU'),(2263,41,'1xp8vTpsKav0A4u8JP_UqLdNud7WRBM31'),(2264,41,'1wmrl4vcN5O2cLg6akhXo0GqSzdkNRvZh'),(2265,41,'1LMPYISXu8CpAXY91SCrSl0t79PSEgi7D'),(2266,41,'1wGNmfsxpHLmtZd3GzLpsY1gpVCnb0zUG'),(2267,41,'1NT_3Ymsrl7wJb0ejIaP9pLXisSoHtt_V'),(2268,41,'1kah_v4NbJT8iEt_IIFn8LdzavyIApqnV'),(2269,41,'1POZt_p6_7FIN1HBobZNPVr6FFsABMqhQ'),(2270,41,'1KqS0bHqkFx9ziPG29Cc-TJpUaRQjMv0-'),(2271,41,'1fEQofBSio85TfR21ExA52NIta0940MXE'),(2272,41,'1cCS5BrSiXBBB97KsttkkKgmkxBQoqpNU'),(2273,41,'1XkkTMZP-qAUxvP03lH3oSh5-PZCEuyVP'),(2274,41,'1g7Ax-wvR6LcLSucSuU3Ssnhm7sIUphSw'),(2275,41,'1f1FXKLd5wgXVIOKKEf8OL8GWq-csFEnx'),(2276,41,'1EI8s_PT9mdPErnZL1M1d819HVjMKnkf8'),(2277,41,'1lam2r3hS8mW3V0BjVAkpzxHrkzx_2BVS'),(2278,41,'1nHMVQgERHzYXFkH1IoEQFRWMHDLwY7ik'),(2279,41,'1W00EYv2Zs-w7-XqOAwz70z-sbRODY0WP'),(2280,41,'1CJ5-Z0Wg6q2ARq_yuffLuRujZ07J-5jx'),(2281,41,'1k3-xfxmmj73HOXB7QthOp7cY8IcspHJf'),(2282,41,'1jXGCSGC0sbi1uLUn-HjqNu5Y4IfINQrl'),(2283,41,'1c_NUBjWIuLG_c5kFGpEq34HJEaKQlutv'),(2284,41,'13-CYE2QprXyAXxi8TM-ud88OY7E3mO0f'),(2285,41,'1Ys6kRHWcZVP7RHnlfQbCCAgmclsYfL-l'),(2286,41,'1Yi9EygOfKjssqql_fQzMhsM7YUCrPROI'),(2287,41,'1xedHtER_fULFREwmHp9FIhK06iILnroJ'),(2288,41,'1CaWEJx-qLaVZM8_xo-owbmvVictis6_U'),(2289,41,'1jrkQH_-IqKuTj58wpVluzn1fP-jh-mq8'),(2290,41,'1fOEw_9orxC5wmwC_A4owkHRYwKbiuera'),(2291,41,'15DJwPV33sw8wq18lghzhbYUq7AWmrl-A'),(2292,41,'1mym1ACQE3tTnN_V1gKTQXavA7xFGLN9U'),(2293,41,'1LsYzY4nHLWfGdJngkCWuDiIjj0BS2Ipj'),(2294,41,'1glRoWZ67XNK-9l1Ams4g3_Hw_e7yZkUd'),(2295,41,'1k1QDrj2pkVSpgVVtK5QgV4Uw1lweZNgU'),(2296,41,'12EjCOoA3WExyPmNB18pQeSGymQiuRVVw'),(2297,41,'12Bi3SV_lGu1UPscTTiWU3U9o9ecRRfPG'),(2298,41,'1YZNYHuFxwSY3SItKhgpQ7ucamr_yK5lP'),(2299,41,'16ui8HHLfTkzXNKFhAj5W1D80eYwb_fsG'),(2300,41,'1BTB-YaWveUDpDN1m73iWto5VCBZtEfqE'),(2301,41,'1LM-_vYIxnKqPUSJhNqSCA4SffxHLE-nc'),(2302,41,'1ADugSbDUd5E2_8jD55O8bbt6Z9ecDl69'),(2303,41,'1ExJi10d-X9SYsEW5oPNKHZaK6utmyT2i'),(2304,41,'1qm3Tk6rH1y9lRFk00Y7C8kga5TqsZYLN'),(2305,41,'1xQ-Tu8TE1hNq-zNL8BPyxNbkbRgbNo3C'),(2306,41,'1MSWO_-KJa9BEsrUw4NlQ-2uVsP7X9gDp'),(2307,41,'1BnV0ALMjTZIaPzfy-tvG22_Bf7ZKAggv'),(2308,41,'1k50MF56qY8BpNB1Lc45woRMXKaJ9bSr0'),(2309,41,'1Hm3O7P0a2Bf2-7L3apIeVpxAXjPyWLt7'),(2310,41,'1xgexmyroFLJrU5N0Mafu8fnRd6M39SD9'),(2311,41,'13ILzx8c1bDV4e65BMKTDCrGQCOCQM5H7'),(2312,41,'1txg0MjHLoEt5sLGeBr3_pjFacuwJGbvP'),(2313,41,'1RCGccxi9Vh1VWWcDRvF-92uvhsDynPSP'),(2314,41,'14TXqGt5B7w5sVS8zf7ZluudekyD70Q2q'),(2315,41,'18Uqn_VRAQYqbfl7eEfL5nfPJmLI7Pr19'),(2316,41,'1S2IMmlg8iKBVACjn5vJwJrL_1ccGtiBt'),(2317,41,'1Foj0ZVKZHcJpV_8pL07ligvwTv84tCNg'),(2318,41,'1nPfe5Hf7ZszcRokTdyRffESJYYRqqt3T'),(2319,41,'1za0cq3WjcFN-xLCJ4aByxAsuRTDUr7et'),(2320,41,'1JdaJjB1W18_4JLX3ANcQOcKek_c5v25Q'),(2321,41,'10TgNYM9BpslIjBKOFwM1pwDmqAN32uko'),(2322,41,'15H3b8lCUtfaJmgG63yfkMPIDdJxtzPq1'),(2323,41,'1KWPWFu6iFsuczykMAcnpgWquNjWsofBo'),(2324,41,'1DUFBOpQU5xI0qOnuZmRlE_MCsQkR9cHn'),(2325,41,'1EOaShqalTZ2g_KlhtDb2IxzpHXEBxCCW'),(2326,41,'1L2d3oATruTHMz8oN4YMmXbiuwE1wmxxu'),(2327,41,'1nwQunnTOuySZRMPCWN6VBm-WdkU8sqUa'),(2328,41,'14qi54PFfaqj2cqimgzBpnMMCqoHRMuLd'),(2329,41,'1-n1biH1n0aNMZgbeHWxaYOMBldtxajk7'),(2330,41,'1mZhDqWd_ny0r3ZLeiNPQXlfkeDr_KBOx'),(2331,41,'1FqK5RYBa1fuesAGm33zRGGnTKs59Jax_'),(2332,41,'1KHQ-maBKWSsknPozBODmoOwAEsVqPgw-'),(2333,41,'15se3St_pK0sWSt8fS1DNU8Zg1L3sNWic'),(2334,41,'1rkVzUnQ9s_-LvzaYoFbGY1MCGzS_rrqv'),(2335,41,'1hK1TKwxUUevGuM9s0NZFMAoxc_FMMCS0'),(2336,41,'1NRhthI7M-UzKQbdePgS1e4ivuOP-yDUG'),(2337,41,'1yNxpjM9_7dby9R_cUaPxEwSfSjhmDSfe'),(2338,41,'16possrTC-Yft_8hUcvzMFfD8LUEL_BUO'),(2339,41,'1-YpfivOSMNWcDPTur3BUIHNmN9ocx0-7'),(2340,41,'1GrKosPsjHjEwDzJpW8me_jlT5t1ysdfE'),(2341,41,'1dLqmUXiJJLiaY33NkMLtgZdgnnB51eKW'),(2342,41,'154ouWrdtvSUwOD_Lze0khaPj9AQ0O6-N'),(2343,41,'1khoJvsC9_Qu6Ffw9Bk1h_WVSQokL46Kx'),(2344,41,'175F7JEWRCLkL6dEX_WXR-ELmkyVaIlpQ'),(2345,41,'101xCEveB9bGgZH63eGnp_NKuhV8h9FGG'),(2346,41,'1jnhcDoUnhC4d6LLjI95NV1qY-LcfIYFo'),(2347,41,'1uE8MjmK3GCGYhTsCjVFy0_EUT67RjQwM'),(2348,41,'12xpDTEwlev0Nr-EUUm-wUV57jSEqs-0Z'),(2349,41,'17zaCSjVUtTRML_m2GRc06t53oGzTnBmd'),(2350,41,'1MMqM8_c4AKtikwLo1fGKEOu9j1ETAsV4'),(2351,41,'1xTSXAF1sm6-KDYsQrNgpXZ092pj6X8Cb'),(2352,41,'1H_ttW1cZb10aNos_jon-pe_PLNAd4erL'),(2353,41,'1OuvqER8wTjQHbPwDkHqRRuKo1VpxXlNU'),(2354,41,'1rKLrXfRv3xTgrWoQRct1NPeraea-Lj73'),(2355,41,'1dp4pihgIeG3axVYzNKFkYjlVbvmc7er9'),(2356,41,'1gbIl9l11P6hCRaHNMF5xF0CX8z6gtLAd'),(2357,41,'1BYWqbpE6pGZqew0ZRjXVvO-oqXke1ul7'),(2358,41,'10x4yEIA1lnrwnAwVBHz_0FVy0otmCsKj'),(2359,41,'1ijfrm88ZjTgSzDzubCRQi47Ijuw66P54'),(2360,41,'1Kkzq5j5-noawXD6_b5BGsOkdlAzBBc56'),(2361,41,'1f7zUR-kocikIP9jzQ822r8b98a-iC2Hv'),(2362,41,'1jpItxK55LfxRGsPsGCefNtBmANJvtwes'),(2363,41,'1idMZ4tWBvc0OzJ3wwwwvqDhXiFtt_mCI'),(2364,41,'1AzwyccQhWATVZ2g1-25YQ1Cj5Wu_117Z'),(2365,41,'127LlgFzePW1WCy33bUB-847bnTNbPD6A'),(2366,41,'1IZf33IC0DsJZsNWg-IrzQ1NOFZpzHWy7'),(2367,41,'11jdn4Uofydro0ZlvsdS2rYdy3FzKctUf'),(2368,41,'1fVfdFmksUyTfU5XdvlUQcr7d3VBRwtcW'),(2369,41,'1bm9nzs8ZlVzhDevzFqDoIltFwNlqZcDE'),(2370,42,'1KM3oV3Gg_FJ-MgoMQQvoICbLVskMSndo'),(2371,42,'1jqt2yUZHMNyeFzlIz35qJ2-A5RL5rYvU'),(2372,42,'1AK_fAevIs_NMpzBBxOBDrrrGWWRvM0h_'),(2373,42,'1y1KmYsbbKEoroXQvt_rlx1x49X45KYAq'),(2374,42,'1pafgWh-kFsAgRyaI98N6pJZly84Lmmag'),(2375,42,'1G64rte935XX5ErtR2vmSD-_Joj29OhxZ'),(2376,42,'1lYW3msFzT9DTIwvQtCw5KQn0nbrvV2u5'),(2377,42,'1uBPJc0eGJTVbHIEvAq-Tr_ruDj8EHvCF'),(2378,42,'1rjv07bSvZaP7QzSwT9AQCwRh1Yjh5vSr'),(2379,42,'1IlQGBsd7XUuTVEZVxlkgC32sa3ko95k1'),(2380,42,'1qJQfOGyWieU9jkzc1T37PasoWlczgbzT'),(2381,42,'1sWYBna6mo5EjRsq4ueRlHUiTLx4IHAJw'),(2382,42,'1V1GfDiI25jG4peA3NcLvFiDbUHgle-Zc'),(2383,42,'1TiTc0QUgoNzcn14VZ6qtKujPibD8lscD'),(2384,42,'1yaazcgSjdEHmXV5LsqKlDz3m5ZRQ6gRe'),(2385,42,'1lR8rMthjuUOMnjFqKZ15q1YXWmmIEidu'),(2386,42,'1wLlUtdAOhPG8MK1JJI5ZaIAoQ_If1Hyc'),(2387,42,'1CzkSPARG-D9zdKlI01lm7lZwrWwHKx3s'),(2388,42,'1GE6YlnIJWL4mW5CW4-Pf-9mt7unIxQqq'),(2389,42,'1aT_bO7JJxtDIDo8No4ZU3tZl9WThMaqA'),(2390,42,'1PV7iKjpvLSz5nVSeAKIlVNK0gHxga_lZ'),(2391,42,'1eEXFfACNEKD8ZRbgadyfcnim-LVWDnQR'),(2392,42,'1mi5kUEjnsrnlFxe9EzyGS9mbYmXTcXkV'),(2393,42,'1zupFkhreMQJA6ph7QwfV2aRucivQJMDR'),(2394,42,'1BSCmcJ_AdLeIpfAKiL_YvdbMs1uXJesu'),(2395,42,'13BydEYJKkegvtkJorSUVaIn-SFlDS1k7'),(2396,42,'1ykiHCSSSssCZpUYbUTX9nk3i8U2cvvnS'),(2397,42,'13nQzM9baR0BK6HFfqNkl7I9pwTidtrt7'),(2398,42,'1UzFwMUgbS2WvkNgAAggnPPvFT90VZD_6'),(2399,42,'16NjfCZ4GdXJsTXkRcJypl2ekwN3sEyuZ'),(2400,42,'1GbJxaZw2D3eFACkmksLP6nKLV3q_bfE4'),(2401,42,'1_jQBHWtOPwNbmseO6PMi4rdtKgG98hwK'),(2402,42,'1IJVxZHIHuCqTWqzWNaiVP0PSLacHPuAq'),(2403,42,'1fTTg-Vv_6g_F9YzLWmABfdK1_TXuyOc2'),(2404,42,'1Mnv1MuwUSLcmeXaz4Mliz_PPEbk_5XJ_'),(2405,42,'1q6KYpJs4hBjyNQBj0RTN9mp8X8DY-JR7'),(2406,42,'1cwnR3r3emVYT9dEpP83fEbD5jN8pad6x'),(2407,42,'1_6-DCyV0flVlkj3GpvkVYEhTNF-xEron'),(2408,42,'1bzER9rlMQ4b7KvHDybKtGIc1KCQ07fv8'),(2409,42,'1NLN4z7Fhm0Ryxr-Q-J6cFspJwhf3fYJl'),(2410,42,'1_s6EoEummoga1dlzVc1apkuZPRsLUUBU'),(2411,42,'1PtYK0XF-mmfh50ce0xNLqcafbrWxvxNm'),(2412,42,'1zXPY5r2ogFb0yyjRzpO0YcIvX_7P4ObO'),(2413,42,'1BXQzLZUDi_cd-fbDLrgTBSanAA1qEd7D'),(2414,42,'1fMx5Q8hDtU-qZo3abmXmzW9RDTTqrdjm'),(2415,42,'1sRXHOChc4t5rZvqmoOfpX0uOew-pVGqW'),(2416,42,'1x3SXxAbYjsCsyl_vjfmmV1IAz9raG6Bt'),(2417,42,'1i13FwsDytc8dxgtEPZnut65eWNNswBXF'),(2418,42,'12R0USt7nDqXMjgm-wYCZpXsoPoZHCpNX'),(2419,42,'1tA7oq2xJyDoYQ--gwgh86IQ_rP19miJ-'),(2420,42,'1DBTu9QSGj7azlEYI9hWWePMXhI-Opqv8'),(2421,42,'1bFllkGzNg4XNgVKgJs_PBN1xeOZ2g4rE'),(2422,42,'1sxxpiJXcNQVCVtYXeq_xyy64NIKQSMCg'),(2423,42,'1t2HcBVbRqh7cLf40WxFAxVHZgyTLI36a'),(2424,42,'1JVghYNzoPBf0PU4wI-ohMUjcpxzo6_l7'),(2425,42,'1JZqhhzsLc4ArqthuJdEJjuA0Yc0E8QGs'),(2426,42,'1mOf5LJHZoyXbFGjCOHzOSx7ybGB46Ckw'),(2427,42,'13-cU6w3SghklRWHt8fwteTK4HSLy58F3'),(2428,42,'1R1M5_1i1CtCjDlUZ7A3aq7MXb3j_OGS-'),(2429,42,'10-SXfxXYNFpC2-sAe8ObVLpJ9COVJFTl'),(2430,42,'1mJ0BuJix5bYLwhyp9UEtNqdYZKa1yagN'),(2431,42,'1kCtTySOvrWRrKFzqizAoF5EWQPQpcQiV'),(2432,42,'1iOHe4k9RPeuiQUwURhVhkFI2KsBzKF37'),(2433,42,'1fZ6-cJt-gcSdXziUX6OmfdPXT-Cv_CPC'),(2434,42,'1-laADhKnmQhJTXZ9pmLm9ZtcZmg_Bbi2'),(2435,42,'17LmF7hOQzA9ztu70jHo4XHZ39TgLP15P'),(2436,42,'1ZB9R589FUDrQps4W3bX8cAaAefJlvEQG'),(2437,42,'13QzTSzjQO3tu5cJgZNb86sInB3UYxRZs'),(2438,42,'15AitUcpXJ_6Xbv-ZBVjUwVJF2MoNp_Se'),(2439,42,'139Mn2MFxq6ZYMdHTwkZGTZUKa3YG_8SU'),(2440,42,'1VNoky7smkZMuuPc52kiLO3tjBdwcEo5G'),(2441,42,'1HdtyOwZZ_tRLsiELGqhYqqWxJjCUoNFu'),(2442,42,'1c3Em9OoDWcGYirfycdXNGS4gsr53x8fi'),(2443,42,'1SAg7prTm8j56tqejB2KWUDC4AnxJZz56'),(2444,42,'1cH8eSmD8ReThMGRqsgginCmdsMm6s_bJ'),(2445,42,'10OsXHXS-WGrGvKUjJCgZyOMOVkpalt22'),(2446,42,'15eoHqWJfnty07g0ao4cYaUQIfHN_WTKj'),(2447,42,'1aLzFJPxy2MseWdvXFGO38K5Se2f2fhs8'),(2448,42,'1VsP_qXNjXDE-x6v1Wp4ACTG4RNliXjrD'),(2449,42,'1LzyuQxlLG1181-z4rviLLRGXmnraYTDQ'),(2450,42,'19Hiqvpwkb-WTKk1jkDQCbnlKJ73pcsxK'),(2451,42,'1zoyzx8mfCQoHABB4swl7XlYCg8m1uWAQ'),(2452,42,'1GLxzObizPVRBK9EHyGoSWkNN4xeucz8d'),(2453,42,'1i-rUFhRD0P3ijQZXNo_8YJMPVZ8vnYR6'),(2454,42,'1iqqM2cOJtFofiQn9P0KtJMmVYZ7yMtsX'),(2455,42,'1grH5RVJ47UoesaAd5NnT6WH4Sig96eWF'),(2456,42,'10n-4p44M64UnIAwVMvmYnIQN8yQd7vRV'),(2457,42,'182dzA9GrmRokXcZ9iFHTFss64COenQRG'),(2458,42,'1OROGjO7oJKmfeUdCzVR5iNaY0W0UM9l-'),(2459,42,'1XjpZZ5ayG9qaBunT_1q6neXPzqsWxh3N'),(2460,42,'1OQu1euh24kVXcrA4RudxzOmgOsrK0aYL'),(2461,42,'1_xVMvKOaPtEfdToV7WrIyJ1vGwCMtM3t'),(2462,42,'1evGdL56-P6QFPkBHgt3brEmyUp_2lx13'),(2463,42,'1pNbVhypDJCEGc_tTc_E0GUpmwIwBbu8g'),(2464,42,'1xekb3H0RUNVNzRjecWrax-e_dEbmKe7B'),(2465,42,'14BmT1TwvdpuwYnru-ogwhXFZAsjx2aiK'),(2466,42,'1B6gZJb9GxmgD63lQzuGOJxW6bBJ40sG7'),(2467,42,'1iT07ms2uz7Oztarx4dUcymJVIxT2YBZz'),(2468,42,'1ZoVM1gGw39zfKB9cIkFX6EWNE4RngSwQ'),(2469,42,'1AP-dnu9fc8MMdmD9-j3brGK6pUVNoLdq'),(2470,42,'18dFnF7LneZpbh8djOAZuSi0Z9N0UyHGE'),(2471,42,'1sP3VrrOJPZYJA5E3EzzPdl72ENKXvO8b'),(2472,42,'1mShy3BzsVFUUWQSvZ_yDoeIBtNnzUfOz'),(2473,42,'1iJmJHMqnbQ4WMU-i_BsG_f0pQLygsoEq'),(2474,42,'18TZgBjXTc7jyN_8WjKcohcAEcAdcSGax'),(2475,42,'12FfdHVkmgzrpNG5S5yufemuztHy5qdgZ'),(2476,42,'17Nx2O2OX2zJxTCdu4_8f0yuZtkgwaJuf'),(2477,42,'1MczIKNrELVMj3rv-in15DOA0DVksFobG'),(2478,42,'1N0D223MtTAIBMWL1xywW-RXEnOitAYm7'),(2479,42,'1oHkL6EsAg7ZVpBu4m-YRpKMtk7PyHhum'),(2480,42,'17SA3cMnnZ3vCHHHTdJ22dQb2AOgQ8Ngc'),(2481,42,'122dkW94p1GX3XhxLyfizCKkC3OgfNirO'),(2482,42,'1OVKVtCTTgoPfEP__cfHW_2i-K2IlaRKB'),(2483,42,'1w0vhxPruQbNFrykk9XF_Al0o8qy7_48f'),(2484,42,'1xUY8sHfMDZTaWTNzjGR_7tURw8JWtJg5'),(2485,42,'1BJJ-ZGr1lcZdGV0cljCH8Ay3uL16LMEI'),(2486,42,'15UlE9jfMx0EK2pKbWkMmF8dGhaFMYUQC'),(2487,42,'1SnV_4YoEwrTRZmcnSkpyF2eXAMKMHQKY'),(2488,42,'1zybTpM-SGeFX4LmSxd5LEEZ2ZO7o5YPA'),(2489,42,'1nB_4SW_0bdsgRwuGSHyp1OyXvDx4n5YT'),(2490,42,'1OwWFF6c8u8T0K0JuQuDzlTgzPfBwIKP1'),(2491,42,'1OZkTrNlNr9H3rOarcwptCs1rzIZkqyd4'),(2492,42,'1dPewdXQjcLsqMPE9itbOYPF5e5Rve_VD'),(2493,42,'1JLJxqgJDbDTHTHDwrLde_b8zckVtuh21'),(2494,42,'1CQVR0E0kKvUtgnsogSePHGJLCRleHIH5'),(2495,42,'1NSJ1OZ0Vb6NTq9IC0t-Js0Kjxkan9Nec'),(2496,42,'1ygL57FolUFlSYgmMlijElLgR4n4TgUYP'),(2497,42,'1CE0yf3xMEv8x6B9nowHEVufQiVN2ynXZ'),(2498,42,'19fFVrND2JnCEgrNpWTh-GJd10v22NieO'),(2499,42,'1fxjBAxGG2aJK0rWWzni8UV_ewXnbzGSB'),(2500,42,'1LEVFMvMq1A0X6cDcJhj806aEpFeDJeLL'),(2501,42,'1eiBiIjA-sl1fALG0a9qGRuVeQmUqigD8'),(2502,42,'1HprHpmN6R7q640Xns6oqb4iSH3-1qWzA'),(2503,42,'1Z18hoCALzq8DQBIydWYVR6Un6poJQ6A-'),(2504,42,'1CviINGhN7l8g97tZ7YKhupKua-ham5If'),(2505,42,'1aNrmZtgrnlS4Hp-tsHt0bUcgzQ6m-cdL'),(2506,42,'1yKwzDxc1-J2mCCem_9HZ5l7ems98y__I'),(2507,42,'1RDtTkLXeaLOaPAotGm7jJdpeuzfyiN1D'),(2508,42,'1zGpHREIbRAemlXnCD7IsuP471xpqt77o'),(2509,42,'1RQpaloH_teAqrAjjmG3rRj3yBBk6EsD9'),(2510,42,'1_mPfE45RKOY3-iZ7QOxlCW63kexDE6oi'),(2511,42,'1P5AtXkloKKYjLz8tITu85ZsBzvDPkZoH'),(2512,42,'16jrOo4QmSG0aisNu8el7SwNsDmqQsosy'),(2513,42,'1orGuiBY8i5BvN5JbOizRNrWo_x8A6Bbt'),(2514,42,'1UpFrXAdHswdq2ma3z6OO8trvW6mqd_5d'),(2515,42,'1VNvZ5X8_esjRi4RBmDa31kuRHdEHQ5VV'),(2516,42,'1aoLIcb1iVdlfzE5EIqhVzQS8VW57b3yn'),(2517,42,'1k0JRdQ3E9axopNCTKnMQX034dG138TBy'),(2518,42,'1hR5fwisLJ6-HRW-gS-PMZaJNntU5u_Vi'),(2519,42,'1khmGDUlb-pbD-y4Nvb1zs5-lMNl2m4Hu'),(2520,42,'1_zeNgco-Toj8nDSHEIU8_qA2Ho_Rgn6A'),(2521,42,'1TipWSaSaEY5RkriA81XSP8XtK8c7JUGj'),(2522,42,'1-CBzvIghMaGsw_YMXa6OdfVkVyTju7Uk'),(2523,42,'1mryMfWqDQ34Zf1X_490tR7qeB69ys3xL'),(2524,42,'1B71IFG8sfoopAUcwmzdL-dngmtIROumF'),(2525,42,'1TMR2UDPP6KZKBxjFoc8UGYRFQNKKmOSP'),(2526,42,'18DQdODLshOj4BcD1mTh6XmbHuz6A_LwV'),(2527,42,'1SyZyJKrqv8QxDiUtRJkCmG8IbiYM99VF'),(2528,42,'1S_5Fn_1yUXKG4w3SmuDKMbID7FOQHhzo'),(2529,42,'13h8kX2Ua2wVrIUZOj6xubKy2Q4Y4yzHi'),(2530,42,'1QHMCOSbfmWO-YrVkNvntmBlVWRBsXRYm'),(2531,42,'1ftcOH0UEbov-2MaqBRAD1Js8_k-l-bpZ'),(2532,42,'1oPeCO-1qtOnNuj4XpeGBMNKTSjAW1yzb'),(2533,42,'10QX6YvxUNXOVCKbXneQBdNuXD-fBCpt2'),(2534,42,'1qJVXQB3TCgeJQ67AlQzVYncniVD7vtEw'),(2535,42,'1gZp9Q8035DVC223WluhDT_E4_iyBF2uE'),(2536,42,'1S1AeRyHOVj7QvzLZ5Lt8Y6L8za58pHCE'),(2537,42,'1M5tkIjYkwGF7pyEDPYIYzm9iGZGPmW35'),(2538,42,'1ac0CxuiD6tLJ2E52-lW7c2Y59xjolbww'),(2539,42,'1DjCBvX7ttuMUwzxs6iGU-lQqaVf-tbRF'),(2540,42,'16OiLdR6-30X_wGJJts51WpANy_6Otbv9'),(2541,42,'15b5YaEBvPs7KczUvKSdEf-FN8rfJRgSV'),(2542,42,'1kVqwC-x--38ZxoWcYnJDOsZPqmLk1Ne-'),(2543,42,'1rZRrpBRKgwHGTS0ROdwp89NrlrFvyi67'),(2544,42,'12fEfs-i_kjdpo9U0tAiAQst1wpnd3oIs'),(2545,42,'12_CwBUB5H3tmFd_-5PlMayRhKNRDBFL8'),(2546,42,'1NpjTa_VsVZcKGg_69xe3ASgnRkftaUb8'),(2547,42,'1btaUilob941homDCa59X2v0hlrQZP0md'),(2548,42,'1iMizPtr2t24HKwCD1MPmE4UcYC2Eqh1J'),(2549,42,'1XrzdpPem_PgkMdiyUTDZPGt4-hnGidS6'),(2550,42,'1OeaE0xJGDH9Y8WH9wOGRdxUuUROX8grw'),(2551,42,'1-q8TZTBp7ttRlkAp-NQsEYeYSD2hxvPt'),(2552,42,'1WasFJ-TVLZ47uP_3h6_WxFlYnBXxNdJ5'),(2553,42,'1cZGNXEBV90imI-eZlewyvL25KWXCYb8Y'),(2554,42,'1TNdEYKZHco1ndvF7hfzjB6c_RPMXtBxD'),(2555,42,'1Ckzm4qqOIHoEumM3BN3ZPjOnnHSKelqY'),(2556,42,'1mz0VOLdpBlSEPRmsFJYwLvRZv_KqiBmu'),(2557,42,'14DLp76EFdU5GZCdSU1u_32kjGBQR3gL0'),(2558,42,'1uHCbZcK7P8Ijs_c7xAmw-U6pmy4dPR84'),(2559,42,'1XGHZZYLTwXMgja8wgGlNVCq0plePlDoB'),(2560,42,'18bvGtrQJdirDfLidJLzR5oBNYIsBoHy0'),(2561,42,'15f3i-UDSaIu0Kn5G9-aUtgBMEZ5nvWb4'),(2562,42,'1MCsDKZZZRwLHxCurVEynFm7UVZRDsPLG'),(2563,42,'1CIohoKFMC7DZiWjcmWIPIRcSjBPfNXZo'),(2564,42,'1Y0TDsQbeomGPv9i5gS5VJjRCkSpfeZgZ'),(2565,42,'1rUZU-wZliqt3NGr1sE7ZpD1Sz6IHWirX'),(2566,42,'1o13oDq-RM9j8ZgPsO_mK-Ayh6mSTBwqN'),(2567,42,'1Xi_smAfv0YFyguKAqy5-_KvndJmLqBaB'),(2568,42,'1Xc5Ei4mRAXAUbsrsWkuN4nMR4wN24-98'),(2569,42,'1gboY-GsZSbhgfKlbXBoh0n13sF9cINZl'),(2570,42,'1znlKHA6bEvGeg4h-fCEGr35V9yitGJtG'),(2571,42,'1fcfex-Sqgd6DzzLZy4PQIJLPhmtMKrM8'),(2572,42,'1ZTIEa25ngmeGqEtZ8JKSRN7ELhG08YpD'),(2573,42,'1XVH7VgXhiRpwb1l48vhx9J1qxdx1EACx'),(2574,42,'1yMakdGvZZxyTSyzlOcNr4ZS7W7iiewHF'),(2575,42,'1Xtr2fec2j0kzUJneR1IMYnnfh15JOcEE'),(2576,42,'1N1OkXZd4dsmwjvsxlen7854XLvl-35hb'),(2577,42,'1n0EnmoxnwvBMEEGOul72Zl5oegwj4AJE'),(2578,42,'11AqxvEcIT3SfLc3lf_0UXyvCaxP0uVRN'),(2579,42,'14iPKpfrYM-ms_b404O_tevnAaAr3U4N0'),(2580,42,'1W1JWHVrHwuti_LhmzA1TcHDqp1T-YjQc'),(2581,42,'16a024VhF_kIw6n9xxXuYbkGNJBAsoiAj'),(2582,42,'1aJ8Yh_tEPsjIP1zFplxbpB7CAXdMExGG'),(2583,42,'1H09w2nRWXhOabYz4pGKBoYdyq2GyHFti'),(2584,42,'1fxBw78o2xmP6LtW95sNW2GiMEH2ttXwI'),(2585,42,'12wnkfLGiO0W4vRNfed6k-T31YvMYQcGG'),(2586,42,'1RKo9LQ876UTKVWgVFCKEWaNuWF6T_GQB'),(2587,42,'1SNsbcs465OGOBqXxQsnKW4XIy9IX2C-j'),(2588,42,'1DmKc2f9EdF3VruUF3ICPA1_-6IWbRQ3k'),(2589,42,'1Wh78DPY4P9q4YSp2vB23xhGNaoE3eHrL'),(2590,42,'11RekqHKW6edgxtsN-YP2CPa5oicUegWe'),(2591,42,'1kD1y0RhdXoABt7VHOuOhZCzatDJ4A0Ov'),(2592,42,'1VyUfyTFkbvEQVpCPtNQ1DDHChXyl0v-Y'),(2593,42,'19CNOBc9NcLhMOey-RhDnt40FMwJ3wVIJ'),(2594,42,'1DIUCU8NeW7Ib2Sz1J7po69wzAAqMLL91'),(2595,42,'1-EuLZvQJDXhbeWKb0f_OqCAoVzqcJI9b'),(2596,42,'11I2JgCoAl-jSOC5fwytQvbX1hG1kdQIR'),(2597,42,'1YvRa4BAPficcYBXI4Rmi-rRrBJg3ZCZK'),(2598,42,'1G08KllqWF9L05b0OufZbsMFFgQeT8fC4'),(2599,42,'1MtCZ-4cbDQQYCCYuU2c6xEa9vQFSvDdt'),(2600,42,'1KwgsrslgfyCdn1fkkpu0jqL7Oja4AZ78'),(2601,42,'19P4vZn5jdGAARNGZx_oHxIaiiWM63dlf'),(2602,42,'1GUp9Fnc1gu3WepLQopJ08xtlz0EMkhCf'),(2603,42,'1gWdAY4CO3__ctqYWtPsnmz4cjFm19sul'),(2604,42,'136uAthrCedHQjn4BJFt7v0E9SmB9KdLY'),(2605,42,'1Nf-BUwPbeGQOgyeX1ECdzI4fEeqnQAP7'),(2606,42,'1StqA_hpkY96GGoU5ywbHJ8M5usniX6Xi'),(2607,42,'1zwGtMRqf1QPIe5p7ErrymICuHLN9wi4H'),(2608,42,'1RCV3mqss39eZmk4bPkLIEHxUtQMFUuLD'),(2609,42,'1RJ-c4LjRoylHl61ZbqFbn2BQR84GdNRX'),(2610,42,'1VyXZzlaeE5gJWzQI89ETvu17BW3V6rY7'),(2611,42,'1Y_mbIsYa_n9PfUrIW-5uhnMs4Hy25Sma'),(2612,42,'1f-HYG6CH1AcAC2iMJUzBgKqZ6e69hur2'),(2613,42,'1RCn9f8UdRQv4BQXb-1Yv1kYp3sBnO7Zz'),(2614,42,'16aAQN9mQ3pW06Mruf8qPf38jTYFc8rCn'),(2615,42,'1HVA4DZPR3hSvnnKctNxUCI2GF2-LTr4l'),(2616,42,'154say5jaFWyHvdb_O1qsuW4rr0rsqvWe'),(2617,42,'1fZ5YAM2rLPQ319i08LWOJKOurI6VJUxH'),(2618,42,'18DoeY9nMywpz2Kwx8yf_GNRd_RegcwYE'),(2619,42,'1WztONjA9OdR4MSfV4DTjuL2pnpGfszmR'),(2620,42,'1_FFffqtXHV7ortQ5fha1IhWILuD-MqIt'),(2621,42,'1BRtjjiR0oEOtizMdQMaTmm8FDxJqXd2g'),(2622,42,'1TW5auJ_uiyhLr0BgqekOUNm6MiSsC2b5'),(2623,42,'1FU9FY-1yKThWP1wGBbvxVfVrmi7sM9t7'),(2624,42,'1_vDiVRjAzyuWnM-HZrapSdIK2qFK497O'),(2625,42,'1uLDx9ldB3c5RCV6OafGuTNiqiYFmJ5Ra'),(2626,42,'1hoCm5hRKIU0ffzsBpN5lqYmadwlinXQO'),(2627,42,'1prQuTmmfKxGDk_KqBZu5wYGjIjwMr69K'),(2628,42,'1I5eVJL6P1dsUuo7RLP_RGFHJZ2NLy42y'),(2629,42,'1wgjXpWFzcq5xNf9Lx9_9PkTJb2LSjVya'),(2630,42,'16FwJEvB-imP1dkI9MRZygRwPD3zZWosf'),(2631,42,'1N0W4XAWDMNDRVhU2lRPlJmPNEi7OBJfa'),(2632,42,'1xzq3P2td3c3q667YMV1W-d4bwAqe9sdj'),(2633,42,'13b8jW6xUiZ4gtAp3fEsNyEadj-JIBMw8'),(2634,42,'1UnbWxRPl0xj4o3-QO-9vz2myY4UZoShi'),(2635,42,'1jyzEwHPjGWIbORbxbdA8-HAQLxsjTBl5'),(2636,42,'1h6l6EtvKnVACXasFcf5_xFXjuXeMvihk'),(2637,42,'13wYs2IO2cAp9fsV21he_6WZsmI-Glebp'),(2638,42,'109Lavy7Id2ExMN74BUOQRb7qEIjZwLa8'),(2639,42,'1Y2cS39ClK32ydx0Amr1HZLhIy2hxqk67'),(2640,42,'1tw-4WT6Wc74T__br_9Ecvk-PfNhGI8Ws'),(2641,42,'1GqCiqQGWzcD1vIz1Wh0O0VX11hQCP9Nt'),(2642,42,'1oyppGgj007IvpzMWltj_rfWmQhL3gFGb'),(2643,42,'1TqiNWZwr4wY2Go36xbWTMnMTf5l8YvvS'),(2644,42,'1NIOsbkBfmZ2iKscnqx9AYwS5mpMPxNpN'),(2645,42,'1c05Vf191vxirXPJLw_X_GYXqjQRVKaEm'),(2646,42,'1iB4HOkNd8NhELoecl9eKDUgo7paLW-_3'),(2647,42,'1jWFJRGzVQfg3de2F34VEjo-OqWXyQBiG'),(2648,42,'10oYjattDDRD0wydKQM2LUK3PQnuOcwyQ'),(2649,42,'1lzSzHhW6KZWHhutzyz-J_5tP_-DqQ9cC'),(2650,42,'1cjlVpEhcH7bSXCHKo1uSzj-of7jX2OuM'),(2651,42,'1R3bRCFpP7Sa3k4KzexkBKLPtGjFDZPJY'),(2652,42,'1OvMoFj3QsySpUkDgRQ4yKk2VnoEFlqWW'),(2653,42,'1gGpHQbxD9o2DiYm-62zmeKAKUBsZ5kfX'),(2654,42,'1SNfpQoOjAElEz_5V_sIDUaLAZ7SOHQ6z'),(2655,42,'1p4HALSx6KY7py9h_9WNQtNDZCmKXJfPX'),(2656,42,'13PjLO-LmHznXOZcT8NQ-htWcVFigXK78'),(2657,42,'1TDttWoRxTo-7b2KRJLUM8vwTGldvfFtG'),(2658,42,'17QpnTWYXtzj9iMgx3PRc08Gw1mJTz1rv'),(2659,42,'17-WKk_nnGaTKXH31AuM_26ufjEWpkGqB'),(2660,42,'1tqK8j5Ec_rZZ8xGEeFZZkgfeE7J01nnC'),(2661,42,'1ePek_a5cuB9ymhbcip6L3VRfJCfN4rwN'),(2662,42,'1QHVQCBIgH8H_bXABcA--U1YimCCey4pv'),(2663,42,'1pnKyO3zOQP-jjvXtpaZBwgMxeDLQydeM'),(2664,42,'1ASeXXBQjroGZX3zj9gM9uDXpK9kj1nUa'),(2665,42,'1VIzkxbbUDYOzSLTumg1q8VYHchPi-H_a'),(2666,42,'1sza3OT-fuNQQGh7xnmi8Be-_D0nqveO5'),(2667,42,'1enTcjjZBKVdvmrrrrD4clE-IFwZRwKOM'),(2668,42,'14MvSyzJcFTku2kYZTgVl0l9aMjs2KvQq'),(2669,42,'1A3XJ7s7cX-xpjk4JortgScu4j4K1_FS4'),(2670,42,'1JqvOenTRKdqJn80Fom1T1eR12uFpp531'),(2671,42,'1WM2u_m1RyywVx3GF19cKBeSq8A8l-8FV'),(2672,42,'19j4L2kVYMuKTKlMDLbj8LFW2q4Bgu5VJ'),(2673,42,'1iiLsN2BOcsq62elUHnXtsjtQ-0_RW51Q'),(2674,42,'1xyQ9ebFo1detD3wN9d3iFpOqtP6fz-kW'),(2675,42,'1Ey_llfVhXtfUdvLCiNnx9CJr-PzjNiUJ'),(2676,42,'12jidREdFiMkSf27bchldLRYUq1jjJ54m'),(2677,42,'1xA7o_hJHp6gWqRkoFQruMoxIQjgu8EZw'),(2678,42,'1cUREPros6IN3P1IvZPHwM0-AP_Zd40WA'),(2679,42,'1PyfVfPZx0Wc2MZfX8GbIpj5ASndKuRdU'),(2680,42,'1aX910JJ6ApgU5QaAbGcyVccJchT-KELA'),(2681,42,'1D0jCitTh5Et0Ty_54KNByfFUHdt4Ofr0'),(2682,42,'1Wx0WzpNC_KWvLw2bNld8e2LdkTBlaoLf'),(2683,42,'1jYNxO9mobMSCyIgcpOtGQ1tXLgteoLDP'),(2684,42,'1dFNljiKSo_wEq-AhPvtHi_7GjWR1uVYn'),(2685,42,'11ndOZl6Bffhnm4cemGqlhSd_rvUTRjR4'),(2686,42,'1sVcTi3dvwbGSBhbRtL0fSxZwB_5gBRmq'),(2687,42,'15TGEaGIAlVWDaA1KKPIHolC6PdOACiAF'),(2688,42,'1tKiGb2UtdjH9UVvo3FqiadyF3Fzj1F5-'),(2689,42,'1T9Jo-kY-eCbq3OkGdGqhy5oNMx_NP2MW'),(2690,42,'1vaDcoNwlTFZjlDyMlg-JT-cRqTzuth0c'),(2691,42,'1DTdFZ4UgZbSCdBxfIuqWaDTqUceJnqVJ'),(2692,42,'1yAb7kPyS-47GyHg_OhrpU6UBHVmv32-t'),(2693,42,'1ymYGJ2DxRk5fB5H-jzLEi3vlQfbNI4XV'),(2694,42,'1NtMJmkfQ-sg5EdLtmqMzpe4dKY551H47'),(2695,42,'1Pz-Lj2VTff7Dc_EoJwL9BW3Kdht-smTr'),(2696,42,'1LfjjZClmRpqVofuMRntu2hb6lBnhqJ_E'),(2697,42,'1mmFuOApKDWe19u4V_W7wF5-Wdz7AjqGQ'),(2698,42,'101CPRZPYNEVlSS7DD9GgndN2ps6axOsD'),(2699,42,'1YryDbqS78-M3NmOHuekBXBRG8EUIsJ4d'),(2700,42,'1QWkJNfF4Qfb4Rugzy3ebNcVVITkAn7uo'),(2701,42,'1TKmQs4v9MtjF8uIF9sTMyySPxMCiDZb8'),(2702,42,'13j66c0jGwg103Z-VgdTcLOl1yCmRhNIF'),(2703,42,'1S0PUaYxHnV_bdPnGLHQnHgAmqyXROkx0'),(2704,42,'1J06k8M1pD-AKikK-12aHTsPZVi4GgF3z'),(2705,42,'1LG-CuAXkqMmS8I2k9nHSdQAiJfOsCLJ1'),(2706,42,'1OxnTAftqGpNAeNI3tYHk5WJLWkhc0onA'),(2707,42,'1KmCt6Nf859WwbmcCu0KDHUif48He9q0Z'),(2708,42,'1dmf3PvBU2NYXzvn0L1bvro3-TFuHYL67'),(2709,42,'1vatS7lYRuVH_3yxJWp6jrWskQo2sLCo-'),(2710,42,'1Qips9TsGvkK64XbeDtkaxTKsU-wPNKOY'),(2711,42,'1nUYju0xpv0wqA_6xoSgrrfZO1WYlxdjM'),(2712,42,'1Eqobv8P4SsnPplXayEeEYQUUlOMY_sEp'),(2713,42,'1FKEIazvjIzuOg-H8qngMEa4VlObRsW2C'),(2714,42,'1GCiL0XjRLztshdAAduwRBGiDPDEF0gEG'),(2715,42,'1nULx9otVxUEN7vgpb_E4IOa3ce6FQMCt'),(2716,42,'1enChCn9gMz4Shnj_0RwHnxFd-AONGcm5'),(2717,42,'1MmJTd_l-9WTfv-mrrCnmIriiFyHxk_y7'),(2718,42,'1VUOEodpW7JwfLGkyCz4OJHZSEYGKXwBf'),(2719,42,'1KbWhlYcz10k64rEAmPpKeBOLgtAadKP7'),(2720,42,'16cqjiAkgK7TiuE2X7fDDgMHMXEFthAUn'),(2721,42,'1Qsnz_Y1bRUQGZasYmrGMjl6jBEv_-65t'),(2722,42,'179kv-pqmYMCyM9wDIv2-sOpwAySEJnQX'),(2723,42,'1Tgkzj5elBp-Qn60JKIBGdILOxarOD8Yj'),(2724,42,'1uL_c9xuqCSft-Gwt3dmKHPnp8JkjD0al'),(2725,42,'1azfuXxhSTHHseIEbr5eDTOsQY-PLwtYw'),(2726,42,'1Y67HHdPcqIS9AbnxRo7zT19B55N87l_U'),(2727,42,'1FHndwxmUy5kBRCa1wXoM_ScKmJitT_UA'),(2728,42,'15UOZpJauizyfuip42S2rei8aUxBbjtN-'),(2729,42,'1ZXmI-knheWtGM571IgFgepvEk9bCMt38'),(2730,42,'1kZm0tQAtcVgpFQQM2XyRarGWn6uMxXwY'),(2731,42,'1zaoIyR7eNRP8AXl6fJqzMnseQ3vh_QgR'),(2732,42,'1GC3rxw6vQtkSX4EEhDbOIzvVO_9-Hh8W'),(2733,42,'16j4gW920CM5HU-4L8B1Djud4-ArwCw50'),(2734,42,'12CTwuyoMIQ2VbNd4_xbH4ycXCw8Gy4Yi'),(2735,42,'1NZU-qJac2atSjOF5H2EoO3UiywOhu2N0'),(2736,42,'1Zy9YUUibnpsLqveKLdQkbvIGvbHUYUOn'),(2737,42,'1t5wTPZMPl6ULZ5Jh2xDQpweU6eOLSrRt'),(2738,42,'1IPgfBDkIs-4DYdcvTpu_E2KxmWWL7EXK'),(2739,42,'19ZCOFwLWhu3xil96I4hj23XrFfW_VmV5'),(2740,42,'1IMNNM1FDw_CDqO9HYjUkr_5V4bDAaDM2'),(2741,42,'1S2TUQe8wkZi7iSudfFKLAZ-JVqxQFe8W'),(2742,42,'1aXlEA_gbCqtd0kXRRlQ4udXIOtoxoOyK'),(2743,42,'1kDoq1u0_n4uEHGnsGMKT4pPCm8r1jnWj'),(2744,42,'1QCQm1wX7snZZ6-WvoLK8weiCgNZgT4-Z'),(2745,42,'1jPqgMSl5gccVw-gclD4MXQEsTJXBhy0G'),(2746,42,'1oZY9uFSO1vgqZLIlKVbsGcraf3lGRTq8'),(2747,42,'1YrzA2CwSFPT5Q346_29MNmMODXaJcBjK'),(2748,42,'1neNFUhwqhcf3kT4ta46M3ChFySJuXYHZ'),(2749,42,'1fw3IsLVkfwPFaJNj0AsMXyg7IJ-Ulq0E'),(2750,42,'1qUEpESswTIMTyBIz3OVnoYSrIF4-j6mX'),(2751,42,'1GgVD8w7Egcjp8kZhfvoOP6WlcrQuVzU-'),(2752,42,'1kKxxyPYiWPblVR6FVSY33mSYTK8oEUqE'),(2753,42,'1vP2I9gwA2A6AziDM3H7adxDWJZIVA0Hp'),(2754,42,'1dvDheaCmL2Anx9GNagWytb04HEUiadK_'),(2755,42,'1cteXjjzZ6OoxYk8LTBO76qjMsRkRgAN4'),(2756,42,'1AVxa30GH6n3ylkUc0CctnviCveO0jnFX'),(2757,42,'1fkFS8g7ioJQRvHNzEJtfkOUrEQbpguzl'),(2758,42,'1QvJwU_ruzX5OGcwyREUHtxAs2lrrSrT2'),(2759,42,'114QXePgWlsYmXUDilqsb51rs4v82xxDM'),(2760,42,'1XeOG8KzIcnIPfBEIOOLKAZe0iPQ4zPJM'),(2761,42,'1vtXn7F1Y29Q4NFSf7HdVH_lBchwfWZtF'),(2762,42,'1TtWK5RkP1RtlaLjb0j3uo2HPZTFPxzNl'),(2763,42,'1kJJsxu4icgR_PAz7w-3fyWVyJTolgZUY'),(2764,42,'1Gm1zPO_Y13_KzGDV2gd2OHRPM_JMeG7O'),(2765,42,'1GzWGPd17PUUHe2UsXP1NNlQxGp3VT8IX'),(2766,42,'1r4gmQjYkBHy93PJfyGMBl8YYZViwovuF'),(2767,42,'12FZCZE04W55tw_BvgVdlW7skYdZvz4iR'),(2768,42,'1RtVU_QAH01DBwp0CLOcBCwZ6w4J0eCiK'),(2769,42,'1vmwmI2p9f_qeSdjdg6eiR-Z3DkXZnlye'),(2770,42,'1LqzM4RLJ1mTsZkTY3KPF6NDt8RprhMNo'),(2771,42,'19Kf_ULiA9GZ-x60jX7yyGYQwBo4FcikO'),(2772,42,'1usia0BE011itP-tbZBFht-vw4G7b0uBD'),(2773,42,'128_A1ODnJCgNMY8RynJfncBKATZQLEgs'),(2774,42,'1axv6G40GgNJ_GST1vbPEJaGDn8oRkzKU'),(2775,42,'1X2mrvb_X8zRQ65DahheAX2EJ62YlbNUp'),(2776,42,'1vXDiPu92T3PMVJvhUPYLrr84cgFijqom'),(2777,42,'12XTbldvPnANXV1KGuOZgMcJs2kdyFc3B'),(2778,42,'1NkfDYcAWWfS4dkgR0nlrdUmPxfNKNfSp'),(2779,42,'1ln1UjdUl9Hm33_CQ-TETS8jgKrI_scIO'),(2780,42,'1rtz0fNQu1cAdZ_yTA31AZJi_ixuOu-G2'),(2781,42,'1ESRgqMT4vxq76I25NR9wL2viiAWOIXDx'),(2782,42,'1K5H2MtKoDYfBccKEUODOEQcxxGSLSc0K'),(2783,42,'10Cpeo45zCsgWSEFrCGnBWpz5g5nT5x34'),(2784,42,'1z0nA_43Ukaqs3FXj1dLLKJBHEbKoG2-3'),(2785,42,'1IVzdZGn5rholuBKcO9wgaLram8Hx6S-5'),(2786,42,'1H9mdq-MgBa_MN4qb4ntPCaSy-drh6YbJ'),(2787,42,'11SRKOpz_z1OMXcq-WwO25yp4opLQKEM3'),(2788,42,'1BeNV0rpi147sDF9Xi8ixZn9fT8dn_J-p'),(2789,42,'14IE1MUc3kH4yrVfy8zCwcsqcdnoBBBsu'),(2790,42,'1sTi4n6OHTPZAfDwSDtslLS1QPJldeR_J'),(2791,42,'1OTqBLt-H7tqo2b4n2YC4dbcuYbk4YDz4'),(2792,42,'1lQjkqNkjSFL6AW02ZIno0bSQlHiQKRxn'),(2793,42,'1Ou0_jxIgg7pS3u7NAQS9qR-YsxQvU_1h'),(2794,42,'1esMLuScXUFFLWNwZjxHOllEbwZZGj1FF'),(2795,42,'1lagk6TnwLtuyPLSm4-PX24-y94bqv7X_'),(2796,42,'1WP8_Rz3N2SsrqsHMLYMsj3x3Q_8tKlUa'),(2797,42,'1KWUMb4Bm6IrYJOA7_LDzouSlTvQ7u5ka'),(2798,42,'1ezrJLUa4Pl2iudU7UBA1u6y2RO7DpJ5M'),(2799,42,'1vc7_XXicIzJ0Q8lGh--tjH7u0TJWyNTQ'),(2800,42,'1yeCgdYBdk5P5icPmQ8s0YK8ro9uzbKIA'),(2801,42,'1mwilZBePUJMghHxZjxg89pQ2JcVJE18V'),(2802,42,'1TIwgOB7LeSeC582DgLwvaWK34sr5GWPm'),(2803,42,'1GFoV_nG6T1wd7BqO_A2lwxarIChKn0mE'),(2804,42,'15l9PBcMg-aDID_1R7CH97n27B8T0sHvb'),(2805,42,'1m2kDrLhk32nb6tc6ctf8cJtAwS8j0A4N'),(2806,42,'1WtKtcS2ulHqsJ2J7LMsTzDNaHvHYN_Ml'),(2807,42,'1Z0NBvqyoLX9qO8uVyKh3pev03yDns9ZC'),(2808,42,'1C0EOS-MdVm4hLC63djp_SybH3SpI-ExZ'),(2809,42,'18rV7LvkS24ftgvgSwAhoczHMuUkpXKvd'),(2810,42,'1mUqiZOPhYIhBgJ_FFF40CKnnd0ppGWDs'),(2811,42,'1HnDyvPrDStyhwcuehIkzqIA1oAq5CCFm'),(2812,42,'1rlIfVF1WzcD6rlcsTq2EmawaUJ5-jth2'),(2813,42,'1qU52k4inNaTUbOFgDhqDo4WAnrzDfAkZ'),(2814,42,'1lGB5UvjT3dvXwkNll3yb7MKg0zNIir3T'),(2815,42,'1P6_ctjlm9wXNyX2losc5ljF5M7nUh6GO'),(2816,42,'1qazau7qnLS8U18_-bvkNg9tVmY8QpUKc'),(2817,42,'1I7eSlYjpqonsnFzmELkreAiH0mkP3g80'),(2818,42,'17DtrUQe3tptyOGcRT5O5QaErT4U6OpKu'),(2819,42,'1LACdoWu8xOKw4IarZ4pHg6SOm2X7qUZz'),(2820,42,'14XUftgPxH4fmhM5xvz-R2FkRVR6biTvj'),(2821,42,'1bAHLiiBOBsOwqDX01e6Df93dmGZVa2eB'),(2822,42,'1daj-V-v3pQmPk0898FfrO3PZIGl2GO0d'),(2823,42,'1fyITkjMhzCHShSQya5M8kkPiGcgjB0Ui'),(2824,42,'1tM-0C2Wy_-PrgsysgcMBViFH7T_36wdn'),(2825,42,'1w8QNAAGMN80xkZ1Y6Mj3H7FYHCBtycnY'),(2826,42,'1Q6v7bcdlkz1mvkzG-IwHViix9t8nzUxR'),(2827,42,'1PKGXnkiL4mLjxLidaz2riwuIB6LiyWAL'),(2828,42,'1EERtzauG8kWsRbNlFfS4jnqEoG9TbqJV'),(2829,42,'1fbDKcb2CBxaxOUdMTg9mPAZEgrKjSOyi'),(2830,42,'1HFPYTF9K24JhD0BZqnOc5ehn9QMe5bF8'),(2831,42,'1Ss8vVZiDBDBWq8uEF9QOO1Le44rLcHQj'),(2832,42,'1nhwBTno5edjG9viPrj5blxwfyeF50Duy'),(2833,42,'1hq2fd9fUTLsHu7DmdWpPag-gLJusCPae'),(2834,42,'1IYl2_IiVxjOL0nm9mezjemo-hbeGPlY-'),(2835,42,'1WbppJMWLB4o-hRze07EU4BVt8gf0uKpo'),(2836,42,'1BQobqZr4kckI1IODe-MI8hm9nHBExY7T'),(2837,42,'1u5zx8nZWEU9twX8YS4KuB3l-ppXW4d5w'),(2838,42,'1uEKHhn8vA-8NVefOA0wF7sJztK3UZyWn'),(2839,42,'1sY5V1JcsPmsiT_QfoXu-YFhEQLJQZnT_'),(2840,42,'1XLuecAHqdCY7sy4ZM4D5ulFzRkDAunK2'),(2841,42,'1ynrh-L9hoqxWuLHEBSiI1V_z0XR34bz3'),(2842,42,'1A6F3q4AH2KXaXk5ZyIE4X-TZasljxbBA'),(2843,42,'1wxcxdwgZf7Hw3uRaV3NuJYVPQaVsdkKT'),(2844,42,'17m-ePHujQNHNEmjlgOkHwFz5_6Rr0Y_F'),(2845,42,'1Hg5DG8CT2699XHIlwdQwyf1G1nGS-F0A'),(2846,42,'1r7OvzIEefaU3E0i28aTnISYQ86lqg67U'),(2847,42,'1L27K8gQTBFFYD0KKx6YlByo7KbokVAGo'),(2848,42,'1PZETWAIk50XpCDB-kpgm91FqC91LkrSf'),(2849,42,'1QbM8D-pq_tWLJRBNvcyAT0VuUDrwKiJR'),(2850,42,'1gpSBE7j5cJWh5qcDIcE55239RvmspdDH'),(2851,42,'1WLz9cGdzy-Oahif5bjyBN22p9uApyyLn'),(2852,42,'1PyVZCFGkDqa01igGgYUl2oKkI_muH08P'),(2853,42,'1I84-N_whiytYiSZOBzV2_tP0QujPUL82'),(2854,42,'1tF4Bme8uEMRJYCj_nMtxY_pOH_HjBOXE'),(2855,42,'1jE5KmiR--2VzXGNTaBjMTthUhu8WLB_A'),(2856,42,'1-UyooBj1Djd4p57idaLU4DgtwWFH8AKr'),(2857,42,'11klUnOM8tzZHyENBYZIMQHj5O7nych0u'),(2858,42,'10cbYQffpyI5vQzIh5ow4iFPdspjtFQ7w'),(2859,42,'1M8WflIFCoafDU0B-2QqyxWaUSyiF1i5D'),(2860,42,'1ilTXQWV96wqD5jafZqho_zF9qo33ID6d'),(2861,42,'1PVE_w-hFQ88xMFW-gNgZhL7Al-uXyHxV'),(2862,42,'10l1HMr3OlZRGzNeozYfGfziwNXEir7Vz'),(2863,42,'1TU5Y0CIAZ3ghX_TJgQKueYwfqHpcr19s'),(2864,42,'1nNN6w6FK_TABhpUYe2jXXhZoHhzR4KTU'),(2865,42,'1Kxfr7Wi61C5qfXeNH5-eY2Gtr2fo1Yjw'),(2866,42,'1fxoCMfLPYElQ2ErVFwC_QumqhOE1hnml'),(2867,42,'1srHiWMufy7PZT0a2zzjSqQjuZ2eJs5Ru'),(2868,42,'1w9FX7kZQDf9ki-eNJ3SU3bUt5X8Ta39b'),(2869,42,'1sxZdMto7QAwXmOGTAfE4QMeOB7hJbb_N'),(2870,68,'1M2FpT3fbrmG0SzbPpdYigV3BQQxxqqau'),(2871,68,'1G4oaDF8ZbDMf2Zlpa0gXNGKsb9vmct-Z'),(2872,68,'1Ue1vcWOcEqC_HlOgPESa7Mz8INEh0NxB'),(2873,68,'1Y8wbne-GOKHIOHiXz-UR7ka7uGpxlHCb'),(2874,68,'10KuCE62Xzs4k2wb_no6T-DCDMHqdAseJ'),(2875,68,'1r7h2vxxCYqi6xk-JG-ru1AanDQCg_gTk'),(2876,68,'17p8e072PIjWSc-IaST-EfvSrmT_rlvs-'),(2877,68,'1SxkbPjDUczMkhlLTk24SFql40F30cSdd'),(2878,68,'1Dj4q1N0ajW7GjpPL3aQai0eZKQbLm8hS'),(2879,68,'1gIW2oH2_eqBRY3nkHQtj5qJRp__tTAd8'),(2880,68,'1F_5TxsVSvMIgD9NF0hgaJtsSb8MKIQsn'),(2881,68,'1_9W4aN9TRXIa8B6lRSlCQBMajWM-sUOT'),(2882,68,'1dgC5y5fmJ-QEiqWlVjy5QOxDbWDhEXQ5'),(2883,68,'1NLzcPKzSzSMVJZOE6U9ZO6S0AIMxJmhG'),(2884,68,'1OV7JBYzhIYWcwK2g8-V5TIX5u2o2RLPb'),(2885,68,'1q81NhNBIFVlTMu9_EcGqf7vzS-Q4MLYj'),(2886,68,'1f_MVs-Wc1N26Ny_OSGmQI4b1Y7WQm9Fh'),(2887,68,'1YSpahmXttD2NDAjd0G9VJ4QVSKlR5AKN'),(2888,68,'19hybHYTybiT0gaR3RuJxJANtPOodA4AB'),(2889,68,'1RtZTt_52gxoHmxyjOk4SFpllp9gs7FZh'),(2890,68,'11VHSn7fOu015iAVzep4Z7th2uirHjC3k'),(2891,68,'15MGl1doYPDJkR1czfQUK8I2aQ6d7iy3v'),(2892,68,'11ozdJqJ4kvjOGdRiix7Gl8hhp35DgzHg'),(2893,68,'1W2QYqidFWB-EpbhlWdkX2bL-DV-5854p'),(2894,62,'1ysmH6mhsMInPXB4R4mdH9195IbjbifBE'),(2895,62,'1YY0HhS69YKwgXv8E6ruZ2UOnNWOlAcaq'),(2896,62,'1nLUisp5QW9P_JqwBdICFb_2x3lB0wejx'),(2897,62,'12hM1ydNa76F7bVnIcoWmhZ_bpOxeaL7F'),(2898,62,'1kgmZb3w43PSCLK4uSOSezP_ofDuT_OlF'),(2899,62,'1d4cevOwoshqVSaIC66Jtzc4q8XgsoVrj'),(2900,62,'1ubVjBsTrlW0hncfuYgU7z0L0Z8-1a4cD'),(2901,62,'1Sfc89uwx3HibnVd_cTkLTb-QRTkC95-4'),(2902,62,'1rldFPu-Nokc9NvVkW3LyEVe4FdkEd6R1'),(2903,62,'11v2iv433u5cVPFfbXwmguiPT6Ccrb6Qn'),(2904,62,'1C7jKpxQxTYODqcLNU8QtqrF0UT_G6Akr'),(2905,62,'1fjf47yWZz9TDe1QpjlfPcOfXxbGWC7ph'),(2906,62,'1DTA9Meul-CkwFgqgPJtk9uq5ON7sXK1C'),(2907,62,'1NaheMCCW1A8Ey70OYLwcimVBiXVe2Qex'),(2908,62,'1Qasp3rEiE1v29iwfKtr9LrK-VnD0Vqa-'),(2909,62,'1XP2L5dszPP9H6Of_MfRb9EWKnxYL4o20'),(2910,62,'166wum7p5Xtjb5FN1riNyfoyP2piDGEFb'),(2911,62,'1Zgw9ur2uHLUDfmsYzfFHkn__2ARWQntf'),(2912,62,'1OGndF4CREYgTv5zJyHQ1N3eWnMTeBjCK'),(2913,62,'1Fj0VVyHOEkUi4zTpu5YDxfrOKym1HH3w'),(2914,62,'1rB-BlRmWmXSNUaQ-v_QZTOgT1lzIbvp4'),(2915,62,'1jIx7FULPMLnZujxauynosSb-Ip2nrNac'),(2916,62,'1WzfPoHQOkLsfGwdXuemdAfUOe0AShsBX'),(2917,62,'1L9hOZk_FCdaVEKELQEXI8jaW_hOsfk3x'),(2918,62,'1t7Er9MHghrGFG_jjpW9kowal0fCxedBX'),(2919,62,'1ZULI7mhU_jdvoRcR8GhYWrkbjk8QZb7m'),(2920,62,'1ZLauvyoSLScZ-CIZX0Ouhu1GHEVePjxq'),(2921,62,'1eTqEqqVTPl1wauwb5uGJXJyIzWinuyNd'),(2922,62,'1ztWWu-LRFMIismGcFksD_zha1RdNKbBF'),(2923,62,'1Yqw7ypO4QmDsERe6_dzM-PhniYsahcBd'),(2924,62,'1liygh4zG6jUBw5_MW4SmVwBK6ICfZQTV'),(2925,62,'1XSDps0omMK44mYZIwCR8JHFlkGoWgiKj'),(2926,62,'1EzpRjmExDslKuG-DGyrxi7lmMH2R4O0-'),(2927,62,'15yokS7iTBxQSpEuicxtBSujQDPNKiGz4'),(2928,62,'1HnW2whMvnYjd9o0w5e__s30A20yI8ZMf'),(2929,62,'1oold7quQtl3HllS621Rti5SNd8lZxw5e'),(2930,62,'1z4jJt0TBLxodFVl6vXiG8ldiVFwD8Ir2'),(2931,62,'10BmXoJ7wiv6TJ1KG-dTlTBDncdPdXZPB'),(2932,62,'1Y0FXQlupVyJXrRUhAozavIEa8kfh3vA2'),(2933,62,'1EUTpeFOuHK6CwsZw8nK6jVs15d1Nc33V'),(2934,62,'1zzQCKY8q6eX04CyrRxRfCs7WofdkEtzO'),(2935,62,'1h0968OIms913cz_SobaDu08ozY59_3S2'),(2936,62,'1PqKzllS0f1qFaxKMq8kuWwCYVtbzt7NS'),(2937,62,'1K9r8qAE9CwSl-FToRqCzJhkIVhL_fMh1'),(2938,62,'1monCSRzWouENkT1_-f_mP8zvVVxRJQVz'),(2939,62,'1QRlo7a6bU8IadB6weEqUJjLLEodRRAYr'),(2940,62,'1oshsrWL-hFatt7crkOprAMMp3a0N8PBh'),(2941,62,'1RDgNXEx-32hHsxTq8dYUmH4Thj9pF5sZ'),(2942,62,'1Hr5loRklOSGBqJfKb-fzCjG8yL7wKJhp'),(2943,62,'17hvh17qJQG1c0QyNERP2MOaSShcE5i4A'),(2944,62,'1nFUTSaLkFldn805hAUUGUaGS8faxhVmS'),(2945,62,'1il8BAXe-CEu7OdZ_qQLPPpaKHRkftbUv'),(2946,62,'1KRo8ZBVTuZkoP_yc4y13Ofaiv18-D2I-'),(2947,62,'1cF0gcYK7_SGwtPFycLTvdzqadqm1JjqR'),(2948,62,'1g1H0MtLum6gllwnBT81KTbFb7AOCRFHo'),(2949,62,'1CW17wSLN7tU-hEeyznC-YGBI72P-fUUs'),(2950,62,'1GPCnHXA-ZvwvcFaxyBggeT1t54wCE-o1'),(2951,62,'13O79vC4GMr0CYk-PPlo3zH4Qa1imdDEg'),(2952,62,'1YDUlasbAGrGTqfeNdMiKhhjRCtItEKpe'),(2953,62,'1ZDyb8H0iuy55QVChKNOAa8BwVVTTZodt'),(2954,62,'1rewPN_QumHTX_2LPi3pk5HSwOqSbYqe3'),(2955,62,'1yRS9t7gA8Hlkn-0zg5iihuxcJqxUcIJc'),(2956,62,'1uSes1_mKLbroFgNTMgiNup6--3hughll'),(2957,62,'1uZjylIky25n1FdDmPtmrenLJqHYdYo1e'),(2958,62,'1WP7-IzoPcf_JvQkh8Fk1CnuQZWjiboQQ'),(2959,62,'1Fdp5g87GnJqwH6t2elNZhaIvg0Iscl43'),(2960,62,'1eLM4rZGoN-g-3hYQCfZ6H92aLbmiSGZu'),(2961,62,'1T_70OROJlpCJmEehNA22ZLTKx4BqjDdQ'),(2962,62,'1yd8Sc8nRi5jp7D0Uwuno3lraWWXptCq7'),(2963,62,'1ib8byfYpgIgRZQGani5NQ84haNLx_syS'),(2964,62,'1jaBRRpIG9zW_70nubbYFx381UhMCwlbm'),(2965,62,'1Uh5kZ8kouKljqnYYe-ZsWBjIA85O52M-'),(2966,62,'1lb6gc-X82kS_M-r5R-CUW3STr8dO9jw4'),(2967,62,'1tLG_GOxlPgn__b68f2mFa_qI0xz0kjbi'),(2968,62,'10oclU5okRHCevv9vx_nFTgAhe0w607dk'),(2969,62,'1Zio62qGCKnqhZRt97sG_10esqEH3z1TF'),(2970,62,'1WWAIUehABKNMxyJKEzTbQ1-vyJxDvEHd'),(2971,62,'1tFkZA7qtp7KCjFzmL3m04GUk8eRNfdAL'),(2972,62,'1WiMvgVtf1-BkzcXla4ugA6SyTnDLGIn4'),(2973,62,'1QyhITR-MztDs8mogayc1JOPRUMd5ATx7'),(2974,62,'1KGFsYEUdLHYJ5v4SaiLBnlUVtgQhUJzm'),(2975,62,'11Rz-Tsau0BxahTBpZBiWMIfhtHlTayUo'),(2976,62,'1bwD5xc8ob3mG_cwCF8rrllbrio3Q8sUb'),(2977,62,'1_hMOsWC9CZiBMw3JELVy2FaddZRz8pHf'),(2978,62,'1nmbCDbCf8MQjvlMiBsQuokb5K7BMNbTw'),(2979,62,'1wqy95i3XYjyk_WrTueXyMngttENKZIW2'),(2980,62,'1ekfFZtAyU-Eb_mJaN8862efBk5sTI88G'),(2981,62,'1bfHhKVudsZIhfcdkfswTEzz6Y_i_3oaa'),(2982,62,'12b_y_8ODyDmVp7dnZ86BHLzQ6Y7IC9OQ'),(2983,62,'1nsWqPkXFc383nQZV1yW47Y2pByA8FufU'),(2984,62,'12a9GCvN0lWEFo4Qp7XRWKPrhAlyU4Z6O'),(2985,62,'1SdFqJ5J-HO88cJmjh_mRlnwZlw44d12o'),(2986,62,'1H-NaD8h2-vBqw5FiiZtoVYySNKSWR8fI'),(2987,62,'1YWI8UXUXdo7TL5OcsfeD9id-15DaP8Lz'),(2988,62,'1eU9_sa5DjOMEIU8DKp6us09K6g1UjvFo'),(2989,62,'1kT7sceDRbGurTdwwnycoj0J2ScJkLtXB'),(2990,62,'1xMb5ha18R7newDmfgB8SgTBWASOD4_a1'),(2991,62,'1nFuKHZzpudZzQnt-xDnuEsganehgkYdm'),(2992,62,'1otbndocpw7kaAL8FDWu6UptHG24Hr8ox'),(2993,62,'1cUBEC_4b1R3WIEfYLXvVPZv_93Ci3u1e'),(2994,62,'1deaY7nqlhhdiIJn6jCqI1NBt80xzrmFQ'),(2995,62,'10CfeD8Novef8Z2DNafVe9oHQwax1Eujv'),(2996,62,'1k7vuMr9zQLir-x1qjQqFnHMqvBSilRGX'),(2997,62,'1uWkF1cEEAr4Lt5FYPkVz9yEQvBU4Z3EW'),(2998,62,'16o3cQ_BGWXmDJCNLFDrX5NcF-gqiLVSz'),(2999,62,'1BO64joY2h8edL3_lfaoRl9cp7Q5Ica3P'),(3000,62,'1ZtUWT6WvTJLDupTG5ZsD0ZEW2KZjV7ZN'),(3001,62,'1ctMFuiquaufbMvKEhOANOWmQf-og4FVe'),(3002,62,'1xYgCfu2HtNf_UQUJJXTaO_J0q0SpqKiL'),(3003,62,'1Pd6033bUhYL2ALT2HPSmuZ5cB2cB0D0A'),(3004,62,'1Rkky22MpWL4DS6jxmt9FH7go_IwVzDl9'),(3005,62,'1lHvKJVcdM4MtlLmT4_G4fBdLyf20NLCj'),(3006,62,'1Ee8t1UyCxlKLOQnT7RVbofk1I8RsLDjJ'),(3007,62,'14DvtIWaFi1M7F6gHihimGTgkOYhV5Ki-'),(3008,62,'1ijZeNY-lloxa6PSGg0-MUb9WURFBBKEy'),(3009,62,'1bL7qssl1P_XI9LXSFLoJ-GICNpyMu4qR'),(3010,62,'1EZ4JJAMRAjU2GIih7i1Vlzb892Au98WY'),(3011,62,'1uvh7ushhioBRBF9Y89EeQMxBHFpYAjBI'),(3012,62,'1ZMkV3f99sVUzZrGYGnPmQ04HtV39XQkL'),(3013,62,'1I8_F-AHe48zqHOFFsfHrWQqzWraR1cmg'),(3014,62,'1x31lRnv6o-ajhoe1aJTiTa51aa5lfqRX'),(3015,62,'16GB95MeLEepuTpngkso69hITxTIos0Mw'),(3016,62,'12zn1MXECLMWOMnhq9EGXA2HpGIjQgTs_'),(3017,62,'1VSjb303ECDcOJb_VOq7L-9HiMWBT1P2G'),(3018,62,'14yzBMzGI7zYwIG5finmy1MVHeP5nWcSs'),(3019,62,'1XntxI3To8lSj5N8y7Wu1fVKFCh8_oZ_Q'),(3020,62,'1m-z6idsrU8b3O-ZDQdo9yezD1xJ0vEsm'),(3021,62,'1GjC3qbg1mpVtNcGW0CH6OECTFpoYw41c'),(3022,62,'1ttCsNZNcyszEcfk1ecwUgvcKRMDHhTBO'),(3023,62,'1Y0Jd_mxGcbrq9SoAoDQjK6EzoYdoeo41'),(3024,62,'1ce7RGmx-mac-qUqgoCZvwTYq-mm68Vbr'),(3025,62,'1p_FXS8huCCKRecjw9c4rqTnqnKqxGLlh'),(3026,62,'1gaFT9IlR_ySDAWTYq14srM7Wve5t4AUp'),(3027,62,'13hi4zF6UYCrzBmgS5GCO8WkTL0zKMJ-D'),(3028,62,'1yqqWDhNdrQB8D39OL-oJ0fSrn4WHJD_T'),(3029,62,'10huGpxZQ6IT_XT8NsoN9XIFIGoqWY-UQ'),(3030,62,'1zwB_3V_wpHWvlNxpOCTv6UoxwhR9NfzK'),(3031,62,'1Si8Yl3eCoYI6ofPI4t5R1KoqsjXKuC_f'),(3032,62,'1GlPmnr3zGBzUNi7qsfDWmysvB3hdItYY'),(3033,62,'1kelC_tj5K4RftwTZHSty2GFl6nuSlPc4'),(3034,62,'1NoWx2dsyJG-LK2TZBsZGkkl38NCtUsPI'),(3035,62,'1uuXpEsAJrt8qr5wIE8tzJwRHJA719uTJ'),(3036,62,'1FgyoN2nkZ9UAJnMrN4NCw6L7h8xWttHw'),(3037,62,'1IEXq2GAX5F22AErGCvKIiuQxMhPKHOBJ'),(3038,62,'19h04a2F6832JK-HQo85hwVyXxzFAyYdb'),(3039,62,'16KHmJN7QBVWOMHEtnFlhwrMM7ECLHdjD'),(3040,62,'1rqAmM15-r7pDhJEIsN2hRhFk9VXDGurK'),(3041,62,'1OwwAvs0lOqNpIk4XqFYnjTAYH551dYqo'),(3042,62,'1nBbXx9M5fc4rYOnVNCpZpV1eWZ4DgPj1'),(3043,62,'1KI2LUTDKFfgtlhS_cR2JJaeNuHj4k_JG'),(3044,62,'1mQACLTVCn08DfpkHe84YWvhJ7IMAWWLW'),(3045,62,'1DExH-R38Qr_s29vnIc6VXn2cZBDnOt0e'),(3046,62,'1np_l8uwscriXV_1NHCE5epNaNnAoydbX'),(3047,77,'1LJ782WYep8fHFM-olAQaIxYheW2OSjXK'),(3048,77,'1WgwM4r86WLzvdCV8w-gzh8r-cyE5eb6L'),(3049,77,'1DniaQVuOM9mB-R5e6WXBfZdiFXUxmQQq'),(3050,77,'1Z_9jfhCx1zWxNBRQDI4F87eTHMSO0LWj'),(3051,77,'16_HB_n9q1kpqEaQ9SiehNp-q3dwOOipz'),(3052,77,'1YtMnoEpJrm4Z40T7Opw5AyPPTqi9VXbL'),(3053,77,'1it0FEnAUnL6uVSCulc7rPg8bUANe-d8N'),(3054,77,'1NMrrk4BDFT-fZCTlzUt_L4PrvS_b_xoG'),(3055,77,'1KRvB7lW2xY8jcrOFKXvTVvLdR673u4FS'),(3056,77,'1LcZ4998J-IjGJGWPBLgvrtsJU5x0YPNr'),(3057,77,'1KcMFeObvunsaAcr_OnRc1NVxRJLKyqHp'),(3058,77,'1RIfEnkSP-CNo1mWMM2Ol1_WX9aHE7jE4'),(3059,77,'1sba71NteDG17fkBCZa5Mh59XbJ9UAthm'),(3060,85,'1odrI0SYCBwz1Swr7JS7BFeU35xxiXIf_'),(3061,85,'1BraVei3R1j2cWTjAukdScbYMBUvNJOT9'),(3062,85,'1sIwyYwoO01Jv4RNFlz_PoILSNM6z4oml'),(3063,85,'1lXk-UMPQ2khUDK6Rr7COjepc0Tn0unL5'),(3064,85,'1j1xRxjF4oJ8F-TYya4QC5-jVA0Hg-stt'),(3065,85,'1l0NjUkpSI2VKO-wppp3BGDzrZu1JCw1V'),(3066,85,'1VWBT8KbYbFSaLLqbWfwtDbgSX-c-q9up'),(3067,85,'1Yzi4keLPvbDhy2_WFy1Z3pGVoua1d6m7'),(3068,85,'1LKybbDb8uuC3NGYJ8FVdJ0LKgEK3cchc'),(3069,85,'1_S5ztlsFzC-gphMY9nuTrRmFTmLBMX-p'),(3070,85,'1Y2zceZ0xWJJ5VVHgYigSzyxfzBt0EsDX'),(3071,85,'1n_SEZFSwtS07QY3XM_7yyZFfQswRWzkA'),(3072,85,'1waLzS7M2C-Z0fPTJa02YUrgLpv8opz2H'),(3073,85,'1K7V4dXu2OKV6lKSILvKkxk44m2DlAgWJ'),(3074,85,'1YIL5u6r3Pv5iEfhCUF7gAi8LkPilc7F3'),(3075,85,'1rK0jYvNAAULWEWJJZhD_-vWPj0de6YJb'),(3076,85,'19seOv55IPLin9pJPRnR1OyLjQ6ELC-XE'),(3077,85,'1OV9HbeNbh0sb3j4NglvaLtHEZsKI4QQp'),(3078,85,'1yoNppBv9U9F0UDsm0nYywEy-bBdFKsh4'),(3079,85,'11DPhBU-5XlSpQAwD3dK81-6SwRLxvYwV'),(3080,85,'1fXq31mG0qMMdH_qK9uqQ3gtIRviAZoU6'),(3081,85,'1-cZ9KQODIO-dP0guhFVRBHaPTTY7e9F6'),(3082,85,'1qqlcEq5AEMmMj1S0Bg0b7vGrRPVcCpPN'),(3083,85,'14DjNqx0MTB4Ymo_DOIQQKOmls3_KpT6g'),(3084,85,'10Q1xsFDww8cCWZmIAuDso-K_Og0c_Ccg'),(3085,85,'1e9Q5WqUN3e2k_nY9Q_xrX9LgwepWGiRq'),(3086,85,'1qCyoiY9MFJlhRZ19mW5PclobQVtpP7_-'),(3087,85,'1F2JAcW4ygY-yBVpmHdOARX3Rci0diI29'),(3088,85,'1ZfL7LiXahfz6XuDtTbMrox3_0wXmCKuY'),(3089,85,'12nP5xgG76WD1LX4salotSvq_Vb4BaPOi'),(3090,85,'1Yjxnls-n25pO6guDxml3xDqOiXOp3vlT'),(3091,85,'1Pf_zui1hsYolbeuxWvD-7XKC-n_WhK1M'),(3092,85,'1ClV9e4JTqKYA_rr01gIJ20x5c-6lni8c'),(3093,85,'19E9w-d6yeZkPXDUTwp8N2LIJnB2Cb8NT'),(3094,85,'151qVDIWZowbWrRjz5IO2eZokswYYJ9ZC'),(3095,85,'1gxAsUIMymxaYCNVoYtEj322sgXh9mkbZ'),(3096,85,'1dHjA4dvaW26Ntp5QKm7Wg-ZPTolCturm'),(3097,85,'1C6wYCnjc79IeKkXdFJr7MyrrtZr8lsWA'),(3098,85,'1oqa-q0MxkQDSNgW-hRyDLvQ1I_PaQkxs'),(3099,85,'1QMdSyy7jRLVjAgtJx5pJpyzxipThVvfP'),(3100,85,'1882jUmGFyZrzoLheS0CZ3DaQSd_JRCN_'),(3101,85,'1subMR5D8-GNhvk9OjUyVDZpIzz-CMov8'),(3102,85,'1WlyiOlNkA7OUHbY2ViFCn2OjhRJQRgnQ'),(3103,85,'1Ng9KhEsDMrEyxiRVykmYvuXf8v3-bvck'),(3104,85,'1NrUJe5tk_msySlA96Ot1BNhGvV9WiK5e'),(3105,85,'1B8GKNSwoRVk7OuuRw08pM2Vzfecve5Ln'),(3106,85,'1h1Dc4Rnk1i4KjxBCZDOjYE_EjQ7e1INW'),(3107,85,'1xUfvarzi2PMX8bFXRIwUE3qUr_PeN08V'),(3108,85,'1B73RTI5rjSuT0RapgpTt8EAcpYoMO-iO'),(3109,85,'1PIykH6mEIxtOVyJ2bvLqz3ouQW2th2s4'),(3110,85,'1t_AwRO1oyZyXI45nqVaZwdIccesgUHga'),(3111,85,'1kFjwHWgxLQQKncduU5xROFmvJojZKajp'),(3112,85,'1pp2WCHbO3C3C24rQW_RzUgJdPYVtdYeG'),(3113,85,'14pn0gg6mNIbeiLCae3-0uNz8rXRGEP3s'),(3114,85,'1gW18PQaVd5LF4eO99JLr7J4qK2wUmb-J'),(3115,85,'1N5GyfbBY74CWWZNc1z1oJ1IiIHy3GY-U'),(3116,85,'1tp1IN6xpn-j5SIfSlxqDTY81o60PrbhW'),(3117,85,'12GBc8W8yIyOrp-MiuHy9G8ZzEMoBm5-k'),(3118,85,'1B4EjE4h34t_PZC0tGFuILRG84CRqn_rz'),(3119,85,'1x1Ivzchpcezb7cU4FWXOnM2Vn7pDCv0O'),(3120,85,'1k3Zg08ERMgj5MbOzUeVY-5Sv1ETT91GO'),(3121,85,'1AYaIa7K1nqF1PPLiT8-BreqPWLyPUBGd'),(3122,85,'1ppzyUwbgh2NbNJC6Qgn-26CNL6n0CWzN'),(3123,85,'1oYojM_O0nCW03NAAzmb1IR56fEOSaCYd'),(3124,85,'167BMIRbkGWuJUQQ6JOZO8wcs7KC91vQu'),(3125,85,'1KYRVfiqn3I5ncQLltlkm1x1ExSQheO7N'),(3126,85,'1H3akrWvXfD3SK7toLBnydo1KA0HEJZ8k'),(3127,85,'1op6SQvMpyAcbUJsTv42G-v_UmMb2yma-'),(3128,85,'1okZJ3ud5x6klNMUYSo5_tE56Z8W8mXST'),(3129,85,'1G5tLqLZbZIGa-5D5arqprjvdYL2F5xTy'),(3130,85,'1_kySJssuRPgCDpBTT9gx_IL4MGmXXKgg'),(3131,85,'1a3H38zeIedwEaiANpvd3qxjCx0mNgkQR'),(3132,85,'1s8sPr8GXD7I7nEK4LH2uyrWIXyaMx30B'),(3133,85,'1CwfGld2hpXHPOQuB8Gce0CmcEhNTlSK7'),(3134,85,'1gQWyFmDMgnYCsnO0ov2BVT7iXsT2k4iL'),(3135,85,'16aPgQHKMKmcz1ozcTndwn6abyQxEnhmo'),(3136,85,'1Hf0zs7qohdWD3hot66Er9jxCFSGCQeBg'),(3137,85,'1QAzPHErW_hL3yvPnLu4-1QSbBcej9_q0'),(3138,85,'15m5xpdCnB3np3mg1SaxjR6oNI8nKyUPE'),(3139,85,'14Rcq5wYY47CYc4okZzUy1LLaXSsuKWEY'),(3140,85,'1a4YHCGQdHxsOUoZjyrZukpptXIoLqj1r'),(3141,85,'17YO1drdBlYEk6qHEUAs1R3tt85SNxdg5'),(3142,85,'11HqEbW2yGeGyFQgMQHghOE7UErSNr_IO'),(3143,85,'1z129fXcq_8kRMBaLUwwmK1D25XhBc6Er'),(3144,85,'1apEbNOZuNpYDlRFatUxR9jukvpDutYrR'),(3145,85,'1zGQ2E-yH3YB_3RgnvCY_YXUk6BJf1vSP'),(3146,85,'1DFXEoi2bfR2NriRYvjxNj9q1T7SARY8M'),(3147,85,'18uz5836pj64Tmt5ELopY16Ao818-Cj2m'),(3148,85,'1uAqHRiH_JLmKUvDv93AOrrwvyouJhnYK'),(3149,85,'1Pofz5Y0vV_iN6hrARXKJag9OUONtd9G2'),(3150,85,'1LrnfOdt3M40syq5j2QrJWcsMJSw_m-4m'),(3151,85,'1Fg3nlbYYN7fJojAcEGkYJGs6lb1fzu2C'),(3152,85,'1XjVEGfeuv23FBzz9yvVGOZcf-MSvJnlz'),(3153,85,'1ceT_QMCRn6OWzuzbvmybAOlzIy8r5exa'),(3154,85,'1ZeV2N0Vd21V7Tp5HpWZfWBmzBI4U0tuG'),(3155,85,'1AWOF8XOjGo3AmUUbe9keK2n6O6TWfYGa'),(3156,85,'1GDX6FlVGgKQ_SgOOhU4MT-tjxdBsEVRR'),(3157,85,'1xldvFDN4R0DijQHqSNX82sXnTovs3OXW'),(3158,85,'1W8b4O0FGKwjQ3kGIfE_ci9EsrwXO1WW6'),(3159,85,'1Ng7IR94n_T1wgFRx1CKYNIgddOFCGTzF'),(3160,85,'1CTNr0HL4OVOVTZE3TZ3iJ9zOfDAOOtPr'),(3161,85,'1lO8o1LaHe5bZYK8HYxoffvzvf2vYigtW'),(3162,85,'1JNDp5HVqI2-fwM2-WYcrvbPiGsyNM-nI'),(3163,85,'1mhIdtUxgF1jBhpzdaLGcgI7ycUiO8rjZ'),(3164,85,'11OYJ44CBr-UwiC1xrYTN9bhdaFsyF8V0'),(3165,85,'1xmr7szVrcpdxgh8TTbr0IfoqXTrdoi-M'),(3166,85,'1vDFeubh6mTBm4bAXyRMyNkmdI1y6U68j'),(3167,85,'1MGaf6mi-SBYShiryqc3vsrPYIcNqBr_u'),(3168,85,'1DPzIdYY61YLrd0kF_W3n_S3FeO0oY2tU'),(3169,85,'1FW0gQDaVAKkDpcguVYJDUrSTPl14lySL'),(3170,85,'1UDemcu91jHgN6IIY6uh-DJ14eHIql05o'),(3171,85,'1G93aWupo0QE8RyvOTJi18GIHEY0zCNN7'),(3172,85,'1f9OZhTsbFb_m8RrFI_O20sVwN73_1stY'),(3173,85,'1i6L8N8xmgCX2VBqNG3RQXz7KHuBtWSD0'),(3174,85,'19CVrFYComjqf4-enFZvUq_GJijqdfjqE'),(3175,85,'1TCCHn1JhLXda_ANY06lMifpocqtmw3_x'),(3176,85,'1Ycx1HNjkytQO5Yl8okyETJZcEpRqcLg5'),(3177,85,'1tw_eKXxRTI7g_srueuonvS9-zFrUQLKh'),(3178,85,'1JN6ZHoQnDzr45tzRNxAoTuPDBgFeF6fT'),(3179,85,'1ImzooO7ihJmArjEeMnsC5yCfEtMRpO-P'),(3180,85,'1LhABLdNNm9HhaDYgGNlPKHIM0_4p9lRJ'),(3181,85,'1h5cHX_edMel3stN2WV76Zc7ngm1W895z'),(3182,85,'1hHi4rqlI_hssuUJgDMa-KJYuTgE_QV9_'),(3183,85,'10F1GHp6JxlEUQo4fy_9HqY1Aobq2E2bw'),(3184,85,'1koyyNRHVS6vElBmolQuv9gkEFkenSYjU'),(3185,85,'1HFmvcih7Y56zZVf_v9HecDXBRkSOm5uG'),(3186,85,'195ZKLUDHLMxLOK7KindA8kNY6J_biNGC'),(3187,85,'1vclcP_j9UehIdj2kY7nd9eWKs-BG5H2q'),(3188,85,'19p8oJbAC6vvKZgNOWTqa-7U9Q-83igbX'),(3189,85,'1wHa9jsMFwcL_6DPcApNRZf4M6UXt9AFu'),(3190,85,'1BHc89NjT2wDgb6DnCu5Ih5I6S-qkpJzh'),(3191,85,'1Xl9HBlwE49dqML58L9uejIpSHXB45Oo0'),(3192,85,'1YQJMnTyCruF_MWlFe5p0QzuCCCYS3bm7'),(3193,85,'18wEiWLG1gnXJetNJ9jtiLh98Qutm8s_z'),(3194,85,'1bUD24gzcFP6ww2fg65XC6PFfc08IPX2D'),(3195,85,'1avHfxCZipo6b2PNb_rAnVdHWuS0hpcpJ'),(3196,85,'12EPj9eIxw4HoA2C2XTjEpLIxl2ydgll-'),(3197,85,'16t_ewMPUXM7lm96WpkfI3BIHiyjEEeD9'),(3198,85,'1AKSwn5HRfSQfD7Ds7AYh549I_AyWAWSX'),(3199,85,'12Bd3pDAekKexrNzVXS8M03N1J22F-iML'),(3200,85,'1mFtOm3UTDW1x4kdWiDBMNopKEycnwlel'),(3201,85,'1QN1oXAz-DFjDoFvRiaBjalZ7kQe28y2P'),(3202,85,'1eGZ6euF0EHIqX5hDYN72yXeza9tE__3G'),(3203,85,'1mW0ggiqAv_i1AfU3OkfUkDePQTQfSUOf'),(3204,85,'1Tz3RE88QaCceCA1DV1wI1MGbM71w5mhq'),(3205,85,'1teoomiqGUxom0AW18HTh4eVkY60kk2u9'),(3206,85,'1ebnfVboyWetSYvFlYshPXAXkhX9nFZAr'),(3207,85,'1CUr7YxM6RMX6JdyWSRcY42k0CYY9hTCp'),(3208,54,'1owOoFDUT6e6qYz4LDldEdUDqgepLYAtg'),(3209,54,'15lDhZ8fOa7mhgNvjt5xxNaBbWsqUe6Ue'),(3210,54,'1mAR7Ac2sUkBZQjjoDNLXntQng3zHcyIC'),(3211,54,'10Nd1owFOwkMSlbnOuW4Az81VI5ppzTPq'),(3212,54,'15yCdtsZYIyYe6ISzeIYcjR1XMyho3VLD'),(3213,54,'1DL_fijDawuXJhS6LJesPZyxpw5Z-j7Ye'),(3214,54,'1UDzgAKFig3gUnGacNXIMPqAmWiJajT3k'),(3215,54,'1mHQx_6ryWAOQzEZOVShVK_tzRRPPRiJ0'),(3216,54,'1uPEZ9axxIXGTWUef4z8Eahb06X88vlIX'),(3217,54,'1aKFbCJ7ewZh2e3bN8X49CpmdzGHwUa22'),(3218,54,'1lyLKgOPC-YLRkGwt3uPfB0Rr4VDkQWyK'),(3219,54,'1vEmOHFng-o8ILiomI1QP3hr54qKpODPr'),(3220,54,'1ldq7YRT3TZp2iU0EyE0oITQgaXFqfh2H'),(3221,54,'1jdNwpHoIgWzZJe4sUIWBn4fUuixdOmGP'),(3222,54,'1ej6x0G4WQE8-DqCl5bK2vsw4TX8iijVT'),(3223,54,'1wFz6bqc2OeAWFFBQb68HoFH7WouLMTy2'),(3224,54,'1RQyja9Qn38CDG3AbodcgBcw7sJttm9ml'),(3225,54,'1I35kwH02u8mxyZoATfhwq2JPlCPOJ1cU'),(3226,54,'1H8EiNGWswoT00npI55KeIneCx1oH8f2e'),(3227,54,'1tIuicLLY-8yOdw6EXRCQmdA8neY8hqXv'),(3228,54,'1NwY-qTlnUjAfP-wDFdpfmXeI0Y0b1lQL'),(3229,54,'1oXv_qnMdyTfdaV_9Y2aHRliA8Z267D3k'),(3230,54,'12Weny5p1fiovejQZNlt9_OR5KRTb1Ptb'),(3231,54,'1IlrSqZVL6eKybugs6GHYiUO0gY9LNoUB'),(3232,54,'1Xb9hX_xRhnHDmMONXPSsW7HwXxlpd1sL'),(3233,54,'11nfgGw-Wj44nzLGb4fhJGzHsxjkIIl-y'),(3234,54,'19NlgPL-SuIN1Z9JFFdEhS4XvzGW_wQuB'),(3235,54,'13JrTCFbCnlg9xpXTJymIcKqrmiDg9QOx'),(3236,54,'199GEzuMP1Aki6RbTAsgi8R10oc2xnlNd'),(3237,54,'1rBxm-J928z1lDsAnZ_HkKJ_fyJVQ8_cb'),(3238,54,'1Eq_9zIhmhaknay0Hu2ULEI9HqakMtkv6'),(3239,54,'1H7oAuy8sQLoOZ14tdf8kmdPmDcinDwXB'),(3240,54,'1wcPw7VmFEj_n23Z8Q8jdPmjHea9xeY-Z'),(3241,54,'1n_YBxDOroYgGvVxkvTT1kp5QpIQlEfPw'),(3242,54,'17br8trRJgUehyd17KV_Zo-RLY3h_m4Ph'),(3243,54,'1K3SlnkyDhNczuHdeRUkL57Pgz8bqlXTE'),(3244,54,'1rhWynap4cOMjWX3HP2oJJEZyUFw-jl7l'),(3245,54,'1SadLxQKMVNKaH8BrAOcntK6-PfINe5Zo'),(3246,54,'13BU1mHoNNrSku9A1CQpv5NLfwxcgMQ_U'),(3247,54,'1B-EFQb6ZfB8lHGzUILF_97GKFyHRFO9I'),(3248,54,'1WqYSmhiLGzo3K2k2LvsphvDFJ0Pb4cbj'),(3249,54,'14APumP-RRnesdjoqdE9iusKzVnw_l90R'),(3250,54,'1XFtG4_Qv3Ee8myTIYrhs11BpNohP6TYz'),(3251,54,'13Ecs8JQd90Ki_bFEcm2k3CIzSY43d2Ly'),(3252,54,'1zn9JxNxDUHptIOVE8yes9fpXxUNAaUXR'),(3253,54,'1Ojt44Yq_Xfn_2p5Ggdr3ufugID_0mPxE'),(3254,54,'1p2CebJ5kolYvVCYmYMbrknBpilgCqbiw'),(3255,54,'1R-kxnBugpdcswebWdaC7OrZsQZwkjP3j'),(3256,54,'1QPEVtnkxkpKsaAQ1TAIRwTlof8ckzoWC'),(3257,54,'15rAEB_WRGLTR40Ki2DCHox2mBnog55Hv'),(3258,54,'1EEz8qTnLu2Iy1shSV8bJp0yOUyDv74PE'),(3259,54,'18RMcUMySDDRvHgNRvhUZzLFe653v6v3x'),(3260,54,'1Lde-qxGNrYqR5UOlDzgqMUoxMfHxh_dw'),(3261,54,'1iJPZXoCQwHfYSF7vR1uDrfdrqQ8A7Rf_'),(3262,54,'1lcl_JVKkeHzBA2EdoN1Bacc9rdYQt7GF'),(3263,54,'1utXjlSgb_zXKTM48noLhv1c2VT_aVdo8'),(3264,54,'1b4Teac9TuLRSsnVUQG1lCDb_Q8A1r5rS'),(3265,54,'11AGiiTGbG_0DpuzCnvP-GSpR3iEjmE2J'),(3266,54,'1iPQldYfpQLqHiREGgC7UaEJu91-llfRA'),(3267,54,'1PcqpUM9Oi1gkbqQ3f16ouAMlIFM_3pGj'),(3268,54,'1zl8OeD-_26FDl2e5m4Sl3Hwm7yMGoVhw'),(3269,54,'1iPTE-OVr1rbDu4JnvToIBxSIaX9GXCrk'),(3270,54,'1l0QQ2b-rb3npctAoP68JUhVfBclCHbuo'),(3271,54,'1VvQKJCajLPDsQSwwmgKBVHWR8n4MEHFP'),(3272,54,'10M8DB2-YTnBXlQH6LZ-B5Tyo93U3Iqbf'),(3273,54,'1QNMGCaIXtcU557QLnX0SbjZgSbUrlzH2'),(3274,54,'1NM95BrKEBBFrhR3ylOz56jgl0E3ds13w'),(3275,54,'1t-2WgC96cyAYtGmQ9OiLc4OEtSNWYz7F'),(3276,54,'1p4eqYi_ia9T5xJ8zbbqafEqXq976sxMJ'),(3277,54,'1UpGVg9Ht2uOJFTyMevHTFYw95MgkNEOq'),(3278,54,'1AIS9MHtHQu9OVBeidQFrbMxQPwcfmQqG'),(3279,54,'1WzoO_Z_1bCzBBJ1yeJf1aP6ZeQi3TjU2'),(3280,54,'1AS8o9uVCGjxOxNVtlxx96wA0Fm8fVwBX'),(3281,54,'1Jrqf_UoNrdAPFCAn-28XRji8SIjOunHP'),(3282,8,'1REXiHU2uA8nD4I9-OnjXyjqgRahj0EC0'),(3283,8,'1SuEVJmsMKkoZyuwG1Ey5EDgL9M1cBGIX'),(3284,8,'1UjxFOup_xF4mUsHVK-HxRs7cQpVY0ikE'),(3285,8,'1uzVfbQI6ytrmJ3BxSFtrQWUXVeEV3T-i'),(3286,8,'1A0ttEvuKBcmZvdvQs09gFquEnSkHKItw'),(3287,8,'1qfeV9Erk8u1E6tUC1jva69jCfh6492RH'),(3288,8,'1cR2DyXUhxX1zRBMnk39jSyGifTjsjGdT'),(3289,8,'1P1xV96OJJNwBIGh860scRQS9nxsLcdEg'),(3290,8,'1GGC_oH1Jq78td1PbARJ-zKTemXQzHFN5'),(3291,8,'1Y2ghGqJXWIrx7YZyFG6bYJiPz8rs9SuK'),(3292,8,'1rLzjGlBofBN_cdYSwHQQupI3aqKceUB2'),(3293,8,'1nrCUoQZH5rA8rvNCziEsHZCwCzxPp1Bv'),(3294,46,'1XnonJ7AMZdaX0Ybb4Wgep2xNh3QtzglB'),(3295,46,'10R1xWSk5SGZxxJplZdGJxO9oINKhSgHd'),(3296,46,'182NiTnP4aXm3XTFggkt-T1rfDTEobDbs'),(3297,46,'1vJbVkHP3F3xSsK89bigYfZdmGe3m8QkA'),(3298,46,'13XIsk_Cv3MDGxGxv6ECT3shiqHb39qt3'),(3299,46,'1Bsmc13YSD53O22HQIVBP6L6MlwQ85PQ8'),(3300,46,'1Q5o1UGQJdaTA3VKtJLcmFCD2MHWmuC13'),(3301,46,'1a0UcPGYjvcj3Q19ijsqpiK_vBgqLKWiH'),(3302,46,'1dVCrNdzkcxNAKH9f63x2dyBJmuDvY6tZ'),(3303,46,'13TJC1kYjx8qKvfOsbeXqIaWyf0lQ12Ry'),(3304,46,'1-pcrMvjchvdnRtqjaBiSiuJEFLqgn0q4'),(3305,46,'1HWOzGLB3h67qMj0tpyPrAmZOuhkgJ-Vp'),(3306,46,'1XsvYRmFG5dtfaNhybQGyFjGPPOMcBY0i'),(3307,46,'1w9zbXW-T1hQ82uWNwnZpwG53z8zAbs_k'),(3308,46,'1eqOArdH9AGCZlx5U2Qeq1RUAfQyq8ZCv'),(3309,46,'1piFp-OhHqmzVLOYl6GX7SmYDBnWKwQZ1'),(3310,46,'1nhd_FXbgZOloE1_Sdm6V1P3mzQh1ZCkG'),(3311,46,'1LFyG8d55CG29EtDbtvvVRSInPdYRnKZZ'),(3312,46,'1B2rpX5vHFL_OxZSH28cfsGqWvOpfBLQy'),(3313,46,'1gmzWzBnWS1yDu3oT-N9Vt4dvkRUTVZeb'),(3314,46,'10-j_s0no1hosgJyWd_BGh9a0BkW-hPkB'),(3315,46,'1h2B9upAiS0WG-yeymXIDoyuDZvWA4gxY'),(3316,46,'1BoCLmGkcG-59zYSDhbSWxHz3T_Q3J8lu'),(3317,46,'1UCLLf3uO5Owe41tNF6Q1kZEhGzduti2A');
/*!40000 ALTER TABLE `episodes` ENABLE KEYS */;
UNLOCK TABLES;

--
-- Table structure for table `genres`
--

DROP TABLE IF EXISTS `genres`;
/*!40101 SET @saved_cs_client     = @@character_set_client */;
/*!40101 SET character_set_client = utf8 */;
CREATE TABLE `genres` (
  `genre_id` int(11) NOT NULL AUTO_INCREMENT,
  `genre_name` varchar(50) NOT NULL,
  PRIMARY KEY (`genre_id`),
  UNIQUE KEY `genre_name` (`genre_name`)
) ENGINE=InnoDB AUTO_INCREMENT=24 DEFAULT CHARSET=utf8mb4 COLLATE=utf8mb4_general_ci;
/*!40101 SET character_set_client = @saved_cs_client */;

--
-- Dumping data for table `genres`
--

LOCK TABLES `genres` WRITE;
/*!40000 ALTER TABLE `genres` DISABLE KEYS */;
INSERT INTO `genres` VALUES (1,'Action'),(2,'Adventure'),(3,'Comedy'),(4,'Drama'),(5,'Fantasy'),(16,'Historical'),(6,'Horror'),(23,'Josei'),(18,'Martial Arts'),(17,'Mecha'),(19,'Military'),(15,'Music'),(7,'Mystery'),(8,'Psychological'),(9,'Romance'),(10,'Sci-Fi'),(22,'Seinen'),(21,'Shoujo'),(20,'Shounen'),(11,'Slice of Life'),(12,'Sports'),(13,'Supernatural'),(14,'Thriller');
/*!40000 ALTER TABLE `genres` ENABLE KEYS */;
UNLOCK TABLES;

--
-- Table structure for table `history`
--

DROP TABLE IF EXISTS `history`;
/*!40101 SET @saved_cs_client     = @@character_set_client */;
/*!40101 SET character_set_client = utf8 */;
CREATE TABLE `history` (
  `id` int(11) NOT NULL AUTO_INCREMENT,
  `user_id` int(11) DEFAULT NULL,
  `anime_id` int(11) DEFAULT NULL,
  `episode_id` int(11) DEFAULT NULL,
  `watched_at` datetime DEFAULT current_timestamp(),
  PRIMARY KEY (`id`),
  KEY `fk_history_user` (`user_id`),
  KEY `fk_history_anime` (`anime_id`),
  KEY `fk_history_episode` (`episode_id`),
  CONSTRAINT `fk_history_anime` FOREIGN KEY (`anime_id`) REFERENCES `anime` (`anime_id`),
  CONSTRAINT `fk_history_episode` FOREIGN KEY (`episode_id`) REFERENCES `episodes` (`episode_id`),
  CONSTRAINT `fk_history_user` FOREIGN KEY (`user_id`) REFERENCES `users` (`user_id`)
) ENGINE=InnoDB AUTO_INCREMENT=13 DEFAULT CHARSET=utf8mb4 COLLATE=utf8mb4_general_ci;
/*!40101 SET character_set_client = @saved_cs_client */;

--
-- Dumping data for table `history`
--

LOCK TABLES `history` WRITE;
/*!40000 ALTER TABLE `history` DISABLE KEYS */;
INSERT INTO `history` VALUES (1,1,6,204,'2025-10-05 02:09:49'),(2,1,2,171,'2025-10-05 02:09:32'),(3,1,38,177,'2025-10-06 17:22:27'),(4,1,7,610,'2025-10-06 10:49:02'),(5,1,30,635,'2025-10-06 10:52:21'),(6,1,59,570,'2025-10-06 12:12:11'),(7,1,61,596,'2025-10-06 12:12:28'),(8,1,38,189,'2025-10-06 12:12:50'),(9,1,39,190,'2025-10-06 17:33:42'),(10,1,39,191,'2025-10-06 17:33:44'),(11,1,12,706,'2025-10-06 22:44:44'),(12,1,12,1780,'2025-10-06 22:47:47');
/*!40000 ALTER TABLE `history` ENABLE KEYS */;
UNLOCK TABLES;

--
-- Table structure for table `type`
--

DROP TABLE IF EXISTS `type`;
/*!40101 SET @saved_cs_client     = @@character_set_client */;
/*!40101 SET character_set_client = utf8 */;
CREATE TABLE `type` (
  `id` int(11) NOT NULL AUTO_INCREMENT,
  `name` varchar(50) NOT NULL,
  PRIMARY KEY (`id`),
  UNIQUE KEY `name` (`name`)
) ENGINE=InnoDB AUTO_INCREMENT=13 DEFAULT CHARSET=utf8mb4 COLLATE=utf8mb4_general_ci;
/*!40101 SET character_set_client = @saved_cs_client */;

--
-- Dumping data for table `type`
--

LOCK TABLES `type` WRITE;
/*!40000 ALTER TABLE `type` DISABLE KEYS */;
INSERT INTO `type` VALUES (3,'Movie'),(6,'Music'),(5,'ONA'),(2,'OVA'),(4,'Special'),(1,'TV'),(7,'TV Special');
/*!40000 ALTER TABLE `type` ENABLE KEYS */;
UNLOCK TABLES;

--
-- Table structure for table `users`
--

DROP TABLE IF EXISTS `users`;
/*!40101 SET @saved_cs_client     = @@character_set_client */;
/*!40101 SET character_set_client = utf8 */;
CREATE TABLE `users` (
  `user_id` int(5) NOT NULL AUTO_INCREMENT,
  `username` varchar(50) NOT NULL,
  `email` varchar(50) NOT NULL,
  `password` varchar(20) NOT NULL,
  `profile_picture` varchar(255) DEFAULT NULL,
  `date_of_birth` date DEFAULT NULL,
  PRIMARY KEY (`user_id`)
) ENGINE=InnoDB AUTO_INCREMENT=7 DEFAULT CHARSET=utf8mb4 COLLATE=utf8mb4_general_ci;
/*!40101 SET character_set_client = @saved_cs_client */;

--
-- Dumping data for table `users`
--

LOCK TABLES `users` WRITE;
/*!40000 ALTER TABLE `users` DISABLE KEYS */;
INSERT INTO `users` VALUES (1,'bhavin','opbhavin21@gmail.com','bhavin2109','65.jpg','2004-09-21'),(2,'heet','heetvelani@gmail.com','heet',NULL,NULL),(4,'mann','mann@gmail.com','mann',NULL,NULL);
/*!40000 ALTER TABLE `users` ENABLE KEYS */;
UNLOCK TABLES;

--
-- Table structure for table `watchlist`
--

DROP TABLE IF EXISTS `watchlist`;
/*!40101 SET @saved_cs_client     = @@character_set_client */;
/*!40101 SET character_set_client = utf8 */;
CREATE TABLE `watchlist` (
  `id` int(11) NOT NULL AUTO_INCREMENT,
  `user_id` int(11) DEFAULT NULL,
  `anime_id` int(11) DEFAULT NULL,
  `status` enum('watching','planned','completed') NOT NULL,
  `added_at` datetime DEFAULT current_timestamp(),
  PRIMARY KEY (`id`),
  KEY `fk_user` (`user_id`),
  KEY `fk_anime` (`anime_id`),
  CONSTRAINT `fk_anime` FOREIGN KEY (`anime_id`) REFERENCES `anime` (`anime_id`),
  CONSTRAINT `fk_user` FOREIGN KEY (`user_id`) REFERENCES `users` (`user_id`)
) ENGINE=InnoDB AUTO_INCREMENT=5 DEFAULT CHARSET=utf8mb4 COLLATE=utf8mb4_general_ci;
/*!40101 SET character_set_client = @saved_cs_client */;

--
-- Dumping data for table `watchlist`
--

LOCK TABLES `watchlist` WRITE;
/*!40000 ALTER TABLE `watchlist` DISABLE KEYS */;
INSERT INTO `watchlist` VALUES (1,1,5,'watching','2025-09-09 00:18:05'),(2,1,38,'completed','2025-09-09 13:33:16'),(3,1,39,'watching','2025-10-06 17:18:12'),(4,1,12,'watching','2025-10-06 22:47:47');
/*!40000 ALTER TABLE `watchlist` ENABLE KEYS */;
UNLOCK TABLES;
/*!40103 SET TIME_ZONE=@OLD_TIME_ZONE */;

/*!40101 SET SQL_MODE=@OLD_SQL_MODE */;
/*!40014 SET FOREIGN_KEY_CHECKS=@OLD_FOREIGN_KEY_CHECKS */;
/*!40014 SET UNIQUE_CHECKS=@OLD_UNIQUE_CHECKS */;
/*!40101 SET CHARACTER_SET_CLIENT=@OLD_CHARACTER_SET_CLIENT */;
/*!40101 SET CHARACTER_SET_RESULTS=@OLD_CHARACTER_SET_RESULTS */;
/*!40101 SET COLLATION_CONNECTION=@OLD_COLLATION_CONNECTION */;
/*!40111 SET SQL_NOTES=@OLD_SQL_NOTES */;

-- Dump completed on 2025-10-07  0:04:09
