-- MariaDB dump 10.19  Distrib 10.4.32-MariaDB, for Win64 (AMD64)
--
-- Host: localhost    Database: anime_site
-- ------------------------------------------------------
-- Server version	10.4.32-MariaDB

/*!40101 SET @OLD_CHARACTER_SET_CLIENT=@@CHARACTER_SET_CLIENT */;
/*!40101 SET @OLD_CHARACTER_SET_RESULTS=@@CHARACTER_SET_RESULTS */;
/*!40101 SET @OLD_COLLATION_CONNECTION=@@COLLATION_CONNECTION */;
/*!40101 SET NAMES utf8mb4 */;
/*!40103 SET @OLD_TIME_ZONE=@@TIME_ZONE */;
/*!40103 SET TIME_ZONE='+00:00' */;
/*!40014 SET @OLD_UNIQUE_CHECKS=@@UNIQUE_CHECKS, UNIQUE_CHECKS=0 */;
/*!40014 SET @OLD_FOREIGN_KEY_CHECKS=@@FOREIGN_KEY_CHECKS, FOREIGN_KEY_CHECKS=0 */;
/*!40101 SET @OLD_SQL_MODE=@@SQL_MODE, SQL_MODE='NO_AUTO_VALUE_ON_ZERO' */;
/*!40111 SET @OLD_SQL_NOTES=@@SQL_NOTES, SQL_NOTES=0 */;

--
-- Table structure for table `anime`
--

DROP TABLE IF EXISTS `anime`;
/*!40101 SET @saved_cs_client     = @@character_set_client */;
/*!40101 SET character_set_client = utf8 */;
CREATE TABLE `anime` (
  `anime_id` int(100) NOT NULL AUTO_INCREMENT,
  `anime_name` varchar(255) NOT NULL,
  `anime_image` varchar(255) NOT NULL,
  `anime_type` varchar(100) NOT NULL,
  `genre` varchar(100) NOT NULL,
  PRIMARY KEY (`anime_id`)
) ENGINE=InnoDB AUTO_INCREMENT=45 DEFAULT CHARSET=utf8mb4 COLLATE=utf8mb4_general_ci;
/*!40101 SET character_set_client = @saved_cs_client */;

--
-- Dumping data for table `anime`
--

LOCK TABLES `anime` WRITE;
/*!40000 ALTER TABLE `anime` DISABLE KEYS */;
INSERT INTO `anime` VALUES (1,'Dan Da Dan','Dan Da Dan - S01.jpg','TV','Action'),(2,'Your Name','your name.jpg','Movie','Fantasy'),(3,'Wind Breaker','Wind Breaker - S01.jpeg','TV','Action'),(4,'I want to Eat Your Pancreas','i want to eat your pancreas.jpg','Movie','Romance'),(5,'Black Clover','Black Clover.jpeg','TV','Fantasy'),(6,'Bleach','Bleach.jpeg','TV','Shonen'),(7,'Jujutsu Kaisen','Jujutsu Kaisen - S01.jpeg','TV','Action'),(8,'Chainsaw Man','Chainsaw Man - S01.jpeg','TV','Action'),(9,'Demon Slayer','Demon Slayer - Kimetsu no Yaiba.jpg','TV','Action'),(10,'Steins Gate','steins gate.jpg','TV','Isekai'),(12,'One Piece','OnePiece.jpg','TV','Adventure'),(13,'Kaiju No.8','kaiju no.8.jpg','TV','Action'),(14,'Tokyo Revengers','Tokyo Revengers - S01.jpeg','TV','Action'),(15,'Spy X Family','Spy x Family - S01.jpeg','TV','Comedy'),(16,'Blue Lock','blue lock.jpg','TV','Sports'),(17,'Sword Art Online','sword art online.jpg','TV','Isekai'),(18,'Uzumaki: Spiral into Horror','uzumaki.jpg','TV','Seinen'),(19,'Attack on Titan','attack on titan.jpg','TV','Action'),(20,'Weathering With You','weathering with you.jpg','Movie','Romance'),(21,'A Silent Voice','a silent voice.jpg','Movie','Drama'),(22,'Solo Leveling','solo leveling.png','TV','Action'),(23,'Solo Leveling Season 2: Arise from the Shadow','solo leveling s2.jpg','TV','Action'),(24,'Tokyo Ghoul','tokyo ghoul.jpg','TV','Seinen'),(25,'Tokyo Ghoul √A','tokyo ghoul a.jpg','TV','Seinen'),(26,'Tokyo Ghoul:re','tokyo ghoul re.jpg','TV','Seinen'),(27,'Tokyo Ghoul:re Part - 2','tokyo ghoul re part - 2.jpg','TV','Seinen'),(28,'The Garden of Words','the garden of words.jpg','Movie','Romance'),(29,'Pluto','pluto.jpg','ONA','Psychological'),(30,'Jujutsu Kaisen 2nd Season','jujutsu kaisen s2.png','TV','Action'),(31,'Jujutsu Kaisen 0 Movie','jujutsu kaisen 0 movie.jpg','Movie','Action'),(32,'Devilman: Crybaby','devilman crybaby.jpg','ONA','Action'),(33,'Suzume','suzume.jpg','Movie','Fantasy'),(34,'Into the Forest of Fireflies Light','Into the Forest of Fireflies Light.jpg','Movie','Romance'),(35,'Frieren Beyond Journeys End','frieren beyond journeys end.jpg','TV','Adventure'),(36,'Akira','akira.jpg','Movie','Action'),(37,'Whisper of the Heart','Whisper of the Heart.jpg','Movie','Romance'),(38,'Horimiya','horimiya.jpg','TV','Romance'),(39,'Horimiya: The Missing Pieces','Horimiya The Missing Pieces.png','TV','Romance'),(40,'Sakomoto Days','sakomoto days.jpg','TV','Action'),(41,'Naruto','naruto.jpg','TV','Shounen'),(42,'Naruto Shippuden','naruto shippuden.jpg','TV','Shounen'),(43,'Boruto: Naruto Next Generations','boruto.jpg','TV','Shounen'),(44,'The Last: Naruto the Movie','the last - naruto the movie.jpg','Movie','Shounen');
/*!40000 ALTER TABLE `anime` ENABLE KEYS */;
UNLOCK TABLES;

--
-- Table structure for table `episodes`
--

DROP TABLE IF EXISTS `episodes`;
/*!40101 SET @saved_cs_client     = @@character_set_client */;
/*!40101 SET character_set_client = utf8 */;
CREATE TABLE `episodes` (
  `episode_id` int(11) NOT NULL AUTO_INCREMENT,
  `anime_id` int(11) NOT NULL,
  `episode_url` text DEFAULT NULL,
  PRIMARY KEY (`episode_id`),
  KEY `anime_id` (`anime_id`),
  CONSTRAINT `episodes_ibfk_1` FOREIGN KEY (`anime_id`) REFERENCES `anime` (`anime_id`) ON DELETE CASCADE ON UPDATE CASCADE
) ENGINE=InnoDB AUTO_INCREMENT=940 DEFAULT CHARSET=utf8mb4 COLLATE=utf8mb4_general_ci;
/*!40101 SET character_set_client = @saved_cs_client */;

--
-- Dumping data for table `episodes`
--

LOCK TABLES `episodes` WRITE;
/*!40000 ALTER TABLE `episodes` DISABLE KEYS */;
INSERT INTO `episodes` VALUES (1,1,'1o-6-aR4eGyxbmF2PJ3XT5M9EV1J_STm0'),(2,2,'1yeirUYkEhVPXSWq-xhA7hlhCxqzWLbM3'),(3,1,'1yet2FV8rDV5HZkW7c85K0rwT0jWHt2Eu'),(4,1,'1bf4sF5X2xdxgefbRkxCuEoOpVdbE5mft'),(5,1,'1rU2kuj0NdPMtlXHoNit903Hw5Nbiv3J_'),(6,3,'1rTmSckwKJgPN6gzkTnxaONXjyewYImAT'),(7,3,'1LM9RJeEm4CIgsuM59GA3KpB8SCHJgsZK'),(8,1,'1nHeKg_qCj7cBiIfRRtuZJ74WWQKxJul0'),(9,1,'1VC9XiH6SpzhXOFkmLEfaWIROBUXUAmQh'),(10,1,'1dBKCbFpPpLCIP8FLjVtpFs8v8VfD5iIe'),(11,1,'15nbbvIs5a21SjEQwiFGC5w3NmdyINtB0'),(12,1,'17iQluKMENdhLPX_nvPnB4aRRKkOc1L7B'),(13,1,'1XWfgC6kwaLGO-wqbuL0PWZre0-M3KTy3'),(14,1,'1Z8OHWKK7lnfS8ZAZ70kCDfLzUKnu5pOz'),(15,1,'1qxp8kNM3O_buJEGy6w-25uFG9ZlLbuOZ'),(16,4,'16581f-XHkRy8Y4R4TFd4ZXtEbPPdJup4'),(17,5,'17-Lv_cY9MSrMK098AXgRNCLbP7KM2fJw'),(18,6,'12N8KdEiVdkI6vgJ_yeJ-utl1IhE5IsLf'),(19,12,'1nqcISCX9jjsd6ihKR_Ux6fJ2VQO-8ZqE'),(20,12,'1_EACuxrz8fl6JnbdNCAysfzCXdNJ44Ts'),(21,21,'1JVk2Ik4NAxBG6zsq2UIiAo94FkkFAXO0'),(22,36,'1zbdAvNsVQtcXF97KUBr0hF8AIIfk1UwU'),(23,34,'1EY4rfdxpqRTPzKeSGzOn4emRqdxPH68u'),(24,20,'121DyPKPudza_L7yqUWiV6NwuNtXlOj8p'),(25,37,'1EGKpVV_fWyGOk4k1nJtOyhIvN1Czm7bi'),(26,19,'1qmTP-goVjiHMMicHpGUunI5_7A90_E6q'),(27,19,'1_xwVkh6wjYQXFPE-z-BRRZXAQoHtcT1Y'),(28,19,'13KBHqyF6PJp0zaazkq_zD4qEreeOwW_a'),(29,19,'1Blu5jUlG-Unghwa5piUZbKo7s8gzxipa'),(30,19,'1AJarCYvfLTrBPh731lp4uEDk3ppd11Fj'),(31,19,'1tST5mHCMi8xrA_viiDZFAILXz7FSDVy0'),(32,19,'1zMpXNd_Mqvc4PNUIlSJlQJ8_ExCvcGwY'),(33,19,'1aI8lZ7tSFQ4KKib9nNNdSShP9AWG6rox'),(34,19,'1Rxz1_JNY9xrG6_vdnfPpPKm0n4OKkpJQ'),(35,19,'1ERuYGrsrXpeOPHLFhBdrw_fvcpvoA_XC'),(36,19,'1loWyaO7_pOi6t-GEtNvdYJgkiAxDSy00'),(37,19,'1ErhqHL7s5vc1IdZbJGR0qOwdlDMt2Dex'),(38,19,'1_0WlQ7EbB4BE3FbNSuKv7Ix4pKjezG_n'),(39,19,'1sskEHBfZze15C1WcVt9Vv09DscriYxJF'),(40,19,'1-_q2Snr7KG08tlN4MfoKw1eMEWEJA7At'),(41,19,'1xTZYSgvEOysg3mDZQCQeCBLilvFNXO_U'),(42,19,'1675G6I37Av-AC-36dgArsiB4B3JuqQWh'),(43,19,'1ZO1JwbkQyjZm8GzD12go9nFzp6qHmiXS'),(44,19,'1YA1QuHknW-t5BQw3jUpvYRVVDZflAH4e'),(45,19,'1_e5e1FQjBp4DpU0Katx0yDcJgi-LR_HC'),(46,19,'1mg9CtkbaAglv9TP5B9xlgXjhGqcmrQex'),(47,19,'1cut3BdxSgOEXRPRnhVSZ8tDG3Lltrm_E'),(48,19,'11Eb-adSargNjm3S6nFztBujg8Whijdqt'),(49,19,'10hxssO4i16omnINXiJJHVuBzed08tzpF'),(50,19,'1mpxkXuYsWBRFItclGfzSckmROlGyxnjB'),(51,5,'1ls-K84qsPJynLQZsx0MUgRuF9Q66gXvf'),(52,5,'1iddJ4pET5FubrLE7tvBHg3UFvQK3eu6G'),(53,5,'1TwZTTbaAHRGN_Ad2bCqe1XctSN4GvjgN'),(54,5,'1TXMgfDke795bKSgt2DmDRDggBK8gDrNP'),(55,5,'1cTQh5NLXk-7ipp-RYXRVXKZmw-_8Hgzo'),(56,5,'1mcTbJF6IFEFBzAUOZM4mwVfM1V7Rtr4E'),(57,5,'1rING5J00WqOtDBFP4F8gdPgEZB_wHfek'),(58,5,'1i5DDO4DAchk7QHRrkl6OU1oiFBbTSOqT'),(59,5,'1mPa_QKBsyBayQOZ72xpIWpXSgoH2c-q1'),(60,5,'1ynt90JnFPrLnkErabF4m8hZEndj2dTzH'),(61,5,'1dQRk-ebOytKMQ4R0gDPhkeaiV4-y0fx0'),(62,5,'1MV6htIw_838Hn6f556AYCw0pIEAR-2cF'),(63,5,'1kP7L7naU92iSYVTt7FliDOC4Guewjns1'),(64,5,'11d_T34YJe4ladnWk82KWMDUWvfydlc-7'),(65,5,'1CgePmerLYFwzZpwyPY1Yg1FbO7HW58ee'),(66,5,'15RENOxnoMVuwHAWujR8q2G67efVq4aWJ'),(67,5,'1X8GGQ9Dc7UcAYjZ7pPfT9zVpMElxT3Cv'),(68,5,'1jyJGYVoSGGvfLTvw5-jhsqQT7CCqlTwC'),(69,5,'1kG7b-IAuJa-4QxxTh5sP9rGEkCMIAh7q'),(70,5,'14icdxPQSmyBP8XNoUBVq8dzUDUM_QqYG'),(71,5,'1Dekd9iHGdaESOMUYXlnRwnLHj8Q-hE1D'),(72,5,'12u_GrY8VDiwrMwlU0j1TwtqSkJoLCUzB'),(73,5,'1o47l00ooTHOFF-L14Z_oMSekCrOZqG0p'),(74,5,'1wvV2VApTxBbe5n0yHwX0D0ytlgzkKF4s'),(75,5,'1M4zyIfmpBiF0kVvb-9JTN08xzkCuJvGa'),(76,5,'19eLfbUWLGxIp0MSEKX_ZjeMBwztl-YSB'),(77,5,'1VlxfC3Nh3xIPuQ5Ju4t5fmuv17qKPz4d'),(78,5,'1mTnUwpwNT9tL-gE4EwlxsV8Z6dgbDxIu'),(79,5,'1dCtgqvALD5P4xuaNYExK7LW-R-M5WY33'),(80,5,'1sOpCAK091aGVV71ak2U5gFN6NoSJXfxL'),(81,5,'1ajHnzrPJaebzf_9b-gZnnO9wF_zkWUTu'),(82,5,'1AT2geKfvOamCm-XG8gEDr8DpA65pKOD_'),(83,5,'1FmogsWjPKMlNbGamM1TukVBX7mpnMfpB'),(84,5,'1SIeNJI9_MTLuDPWd0uspFukQ9vAyBaC9'),(85,5,'1AwPeQdXgduGn6GiQIUcsJPSHw7xiWalL'),(86,5,'1q4MCuGNIt8MrZMFTvtlZOOOQ9gS3PkbN'),(87,5,'1pEc9OPm5kOe3h33CokZ2KrfIax8d11L8'),(88,5,'13zuTL40wX2tPl9YdOom0N7WH5Lv6uqNF'),(89,5,'10E0WrfJvSz6lHLBkAlUl1WOfNMrJsC_i'),(90,5,'1uHCi354SwUz7QYRAIKf0_OWIHHIFJ9j8'),(91,5,'1LZZgIXMFf9xT-g4HJ5aVT35HUssi829E'),(92,5,'1j-ndE38yd5tzMqWesqkql-TLojoI8XjM'),(93,5,'1ZHm1lAYdrGAz6Pz0oQ-12vKl2BdK-in3'),(94,5,'15FTkBobe60rDWPX-5pYDOgzaD4-E7W8N'),(95,5,'1sMCkUVqmZq5AyBtqR8lC4hbBqs8uTNjS'),(96,5,'1urDKsbbsBHIXGquFDWWXtwa-iRHwiY55'),(97,5,'1tj2hop0LAOQ88eLDI0SjmBtLYLsofB_i'),(98,5,'1RZ0z-dsDOclyIqI1pV6lLo0Erhdm_Q5N'),(99,5,'1tQu3fL3uZiv3MytNEEuMe2CmzoF5rICC'),(100,5,'1symClQ3DJz4J9Cf7QafV20_Yrftsgcp0'),(101,5,'10e06y8F5z14ayTJt7pEAm9RpJAC7Gagf'),(102,5,'1-n5FeOhKnOjQdyG2JLYHFZHpx3fQWsHC'),(103,5,'1FgbB7DbqRZ6etn0nFWGn_6Ipl_HKDnqn'),(104,5,'1lbhXTXicBkyfjq1IArgIz7_VhspJvYbQ'),(105,5,'15rU4S50kqaObaJH-ozs8_IvNZdsXf4Qk'),(106,5,'15fTlMyo1aLZigYJA1qGAPuhQ9NoAB2QW'),(107,5,'1sn78vpWROFGBk1pOjNq1eg6uRFO5YVSi'),(108,5,'1p8jVwdAc_eS4lFa-bDrW8caFHzR-w7sO'),(109,5,'1vhAIE3tQsR04QZMPzAvInT3n8xfOoDXW'),(110,5,'1hEt0bGnNMvB6DSKUuvxw985305XDIorT'),(111,5,'17k0lIt-6NWvO5r-84XFt0TvrJytuJI2N'),(112,5,'1yf2Bl1XVVpSn-obWosEpkC-YCxbaj8y6'),(113,5,'188Ih31il1hpa7f1VSqgx2nz6T0gmxWw0'),(114,5,'1yuj4UT3LPcKUgDk9-UfSaC5Ta49Jw3jt'),(115,5,'1I9Km5v1gtIpVjLVWWaxReUlru9nihWaD'),(116,5,'1HqS0lAkj1NZzrgzHBp6CmSxR5QJBn0yk'),(117,5,'13WhNqQKw3CuEIlXRV-j7cdOitxgAzdCZ'),(118,5,'1XBQTiMZMaYalyKlUR-IjsbGYZcX2q1Qg'),(119,5,'16ZIlo1suIp7sD9ylgm9ujSy_33Ji8ziv'),(120,5,'1vC-VfHncSAZraliJeSS5wTGZKVVJ2vWI'),(121,5,'1NqDIKdBz4TUHqFjlyMCuok7-cVQ8xTkT'),(122,5,'1t_OMTQrdV0bA-wKycadri6q61ytJ4VFg'),(123,5,'1WGslxu7uAs1KXHQs9eWlT-5WIE_Z2Q_h'),(124,5,'1uQGrRD3wlqyuBXHJU7jCf3ESks6WC3jT'),(125,5,'1bEtGMDgTm7-k0FaNlD4ALIKdAy-w9sUA'),(126,5,'19I1eRvJmAzHZgFOBFKhu2p3ySZOY-1ZE'),(127,5,'15edB1wwnSLbaFrK-nEhVRw1fRwPYAtxq'),(128,5,'1ONGlAGIckU4-LB2TGMLztYlRbX4DEb25'),(129,5,'1ddjyHkYBuotrvkzmECFz6UAASZ84J78n'),(130,5,'1RA6URPpVaYwxkyeQcoa3RHNbTThOv4e6'),(131,5,'1z6mt_899MIWhl1S0XKLhSqrpIuGUHVL3'),(132,5,'1KmCs7-F6fDB8Byrh-rv42hQkNNwHW8Tg'),(133,5,'12_8BypF5wC2Uh6DD96d7KeKs9_fJKxn_'),(134,5,'19R7J0REzKpeR7PkHj8DhJjEq32Dm0jDl'),(135,5,'1yzVw8q-hXCN98IM_TAKJQO3OfeI_ssKF'),(136,5,'1YMe0wXjs_4-Ci7T4X9Z76N-PttN-HnbS'),(137,5,'1OuS7uPw1cuY8Us5OtQNoOWhSZStRqVN7'),(138,5,'1jskGznJbNT7d5bIf3HIpfIxZiAwKVg5i'),(139,5,'1YdlLIKQ8IoVbDsJFETbstVLGYoL6Uk8E'),(140,5,'1wkIHs7GjxXIYx2grQvA9wioCxrLVi7--'),(141,5,'1nZN-eSQ68GkHfDLn_bfrNHv1ZnvwM50l'),(142,5,'1H8SKwEVfnuspfdvk00RYJEBOtXu_qPpS'),(143,5,'1T3gTf5Anr1tYXRWwEXnD9Ky2o6KHGh-j'),(144,5,'1GbDEpaKt6sm8JtMbvjI0B0dq65IPz13s'),(145,5,'1txHC34ZXCbE3vCNS37vGINoUspMKraSi'),(146,5,'1WJ31gX8bSteefiTDkkOyRUep7wkCzyxl'),(147,5,'1oJbNz-aEGVhOTChgTW0eM7MW8VRDl5G_'),(148,5,'1eMXng5mQxgzmcR80NmYEKqWgunDQ7a3j'),(149,5,'13nc_6T7GWjzLVM13Vu13R5GltgSpzxQL'),(150,5,'1zMfi8HzMumraHzRA0oEO6-Mvy4tTD9E6'),(151,5,'1JyikUE3G8-6wJST0GbtX1pgIqIQwUhud'),(152,5,'1THaNb0QSUKSt_D7x3H99q_rfFqXuLaWF'),(153,5,'1w1njxyeX0dAFRxijLblQAMe3D87lQPEM'),(154,5,'1fdMH2p7OJG7cAHoqZHcjArCOEmfkqPm_'),(155,5,'1EJZV0pDCg_rRDw2PL1xngWd3_ctD_O9-'),(156,5,'1MDwz9SLq2l-sY9iMvUVvkcwb2pVsByDK'),(157,5,'1u7h4x2dU9h_XOge-mi0mwSrI3DQ4e8dX'),(158,5,'1znpfN89t2MBl7ZYta1412mRAu-9FpeUH'),(159,5,'1vUjfVm8nU5LgRTG86CvM57HvXf7SPwFe'),(160,5,'1Pd1E73WEf7_RIDeg7nmRfmmmU64BMvvo'),(161,5,'19RMpZ-lkmTDlCUJrNXFqA3xRE1haiX7-'),(162,5,'1RMeiEeXL5nBp-ioc-rwyeiTzXyKoMhIf'),(163,5,'1nwhLtJ1CsTJ42XC-OymgSQCLzIOXLBoH'),(164,5,'1Q5XMdHKwX78WciK-AtJco6XSqlttAEiw'),(165,5,'1oTrtUu74Gi7l3bE1o07PKuul-2kabyfy'),(166,5,'1kK86exva900G9mJtAS2t4wEjMO-zG0i_'),(167,5,'1RVEUVja5m3Z2uv9mOxbxtyaqN2ZqTi7p'),(168,5,'12KSrYrWPdWODIa5TNx42Ug-PmI-Ej7-3'),(169,5,'1ONVQGlG66bT4mme60LilcSq_-KjVpTwx'),(170,5,'1EF9JuGOnKZoS6HBqL8h0-MvyJ2tSKcz7'),(171,5,'1p63PlVCf0E4hLlAzU1re7CL7UUdWSBYW'),(172,5,'1RwdROxYNuEvAdo2NylxGBxagRA1D6X2-'),(173,5,'1aYkCPGhZeZX4CsPnTpAoBTL18IqBQAAH'),(174,5,'1IIELkjZvEXmkSq2ciXDq56ueDdnT8TxU'),(175,5,'1ebijay19MiiY3t_jtYy8VPkJhxQ7M5XT'),(176,5,'1-vFjdD9Wv14P2QmqGzcbA_b1Nb87x-mn'),(177,5,'1NUN7t5AOQV2l0nvOZFlnahd15Dg5vL4v'),(178,5,'1ct3uVYi6MBfMY8mqsXiO1CVOle7k2Bca'),(179,5,'1TDu1tsVYfWW8Kf_SHL8hjyN2m48wamuP'),(180,5,'1n4VsYNGo-66Bx133J3JGrqtIJgU1sk-c'),(181,5,'1JAt5TJ8XsxocxAO7m18EqNTGh-NvHIt1'),(182,5,'1thMaHAkwCoOjdBouu-VZevo_E847frMY'),(183,5,'1lz1g3U5ioRluZfJ5nkE853Tu61-ccmQf'),(184,5,'1IZGrBDsjWrdu3BcYdPml9rec6c_x9NxC'),(185,5,'1LLYJnZaIO5XsEVeZ7mqukIRqrnWGopth'),(186,5,'1BwUInVIXEgwmd5PGLn18PEJ3Y_7HW6gX'),(187,5,'1izPmEjxSUSZnK2SsuYTzEsgTDsl_X-VO'),(188,5,'1M6lDoASm04nCD2es0XhB3KIfYzM1w2hr'),(189,5,'14Q6cFtPUwfQtSVDn65PZ3Fbbpo19YTcX'),(190,5,'12lvP7xebkSXiUVL5Y_bqG4OfKb__NEIj'),(191,5,'1e1kf5nMMK22mv-fK2SxwqFsUyC8UOohI'),(192,5,'1Xd8iOlKBI6yhu3ktmIoy28NaBTi2EDzB'),(193,5,'1nLokhctBTWEf0MCdIcebDGHAYqYVyDqG'),(194,5,'1jLBAKbPo26sbTJmi0DGQ0vQ96uP-xooF'),(195,5,'1yyXqAjUVOKAU-b9fc6GrEu1ri0G-rXRD'),(196,5,'1djPPjpP7BA79R3sdkuuXVeR6X3VAiKZm'),(197,5,'1KUZ8hn5k9CxsxETAfxCN0-h-BWQg3gH1'),(198,5,'15PlP1YZvCH4ymUUgwA7RP9ZLERgtUHMh'),(199,5,'1qoUiytRZRgKjYamDATZ1vVwI9KnDzvZN'),(200,5,'1uPyS9sYUyDitvDPASHFryAzkICelIwNp'),(201,5,'1J_PFCqE6rz-QKTXDBz-F3JJQ11g1HyQr'),(202,5,'1nplyg_6NUlXQMjhx5T3UZPPPSVeMvzu_'),(203,5,'1TiZeePiF3vOyW96MaBCrFuFRRVbV4Be_'),(204,5,'108kk0LfIQ4aWevq21QueOCZZSSLFitiD'),(205,5,'1hmSqapvwdzHsd81oQ7QczRM_ociOvhQ_'),(206,5,'1gjNwJP2Ro8lXyxrl4VS7UWhjMKEBFv1u'),(207,5,'1rR_Q1rGGmNkuoDCF8V4ZVo3vTAzhYR6d'),(208,5,'19aKnnTTlwV0tUmQ2Zu0Z2RnKZWEQelcd'),(209,5,'1_qXkcZJV2bfAuD1RdiAF5GtmkNfIOuCA'),(210,5,'1mFswc99A90Errfykc_rYBkF_JUID_VMq'),(211,5,'1usO530oT4e8D2KZ_PMX6ikdQB9yWcQTU'),(212,5,'1pH7LbRVrI3MXm3x_6UbAyeF9p8RfdRGl'),(213,5,'1XYLqAaYnYU7z0nl2bpf-z48sGe_7hcLQ'),(214,5,'1_7XdvUMzq3_ZA38a_FhgNCfxCfNvhYTn'),(215,5,'1HrbTUKAMKrcxKz-VUnFWZmcqYzXEgvo0'),(216,5,'1DQVktk0cZdqBO0fUnpvZNQ1mZ25sYTJq'),(217,5,'19Z3tz95DLD1CsrPuEhCByImAkND9Kj4q'),(218,5,'1_Dii0wu-IIlG87zV78-MrGdBixo8Uj-4'),(219,5,'1ULeafKwbWq9-BsATsT5XRaeDPfUB0wEJ'),(220,41,'1-VMYxyk5KHh144z676vDGzEZmegAuSFk'),(221,41,'1WYna1WWItWL4Rq175tuSD-n2v8yN1eoV'),(222,41,'19oQSOSQNGg3HYTavFn4daoKJl3jX2OW8'),(223,41,'1r6C4Xp2M_h9o7rrQ7idJjDuFfHq9V6cq'),(224,41,'1i4R-OzeZvCYXPda7aT3889QfpYZImg-H'),(225,41,'1-9ZCMPgZFyebYtSS9UEThwpSQPWdNQvL'),(226,41,'1bExmFF95eMr9IqA_urBEfQJhDNDcQRX9'),(227,41,'1SwGU0L103TCb_gi40Glh_bTZNIydY_Ln'),(228,41,'1DC2rV_BiX_SoC8l8CGlNFSJS9ZcWmI3O'),(229,41,'1xNxRMZb6mvssX77_fUMlxM3BAdURyqjD'),(230,41,'1BusA8M10st1BcyInSfBG_bWyPnfWcxIp'),(231,41,'1YcajPvZSdp0DYHrWhpUhal-1kTmFkpat'),(232,41,'1PFwSbC3X_HdG8RCZ8WIlmuiIip-JXP2O'),(233,41,'1qhUePsPqrTrgOHhmhlghRvl9pw3TMY8P'),(234,41,'12OqgV3WYrCTMpByCGkCJ1Dr7MHMnQEYN'),(235,41,'1cEopYeJ1fjM444_HDcajSd9nVWZhsfXG'),(236,41,'1mI067vNg61Hx4GEK_pmqs0VXqIEo3PxA'),(237,41,'1JpOG9-ERhvvoMUORZD5AeOTPRoyAHWBn'),(238,41,'13q5zNVKOT_A6TItrg9t3m8oQaTpiR3LM'),(239,41,'1SnoHLl62Wg9jbQJvn0OmQHe5pnkP4sqU'),(240,41,'1I4Y3OrtDSOb2I4eaUNw7jrxzwAJa8YpQ'),(241,41,'1_wZ5Odgke90Wp2mVNiEWCHzt2taeft6Y'),(242,41,'10IKCngH8agl3d5R8ngraQtDNBsksgfiE'),(243,41,'1fI7Qs1rmk09aKHwktVOpGqpGkvpot2RQ'),(244,41,'1eRaalA-Gd8gK2MiCqXYcyRcoAvLpikez'),(245,41,'1FDy_o91VOcxq3jOKIy8rOWyPi6brNz3n'),(246,41,'1axYNFx_PwJ_iIaxa7fRwugm02C_hXFu3'),(247,41,'1U_SqIstRQU2zb1OzOCLKfTrdAxCYYcSE'),(248,41,'1yX2nUQ9GBRp9CZznkJCv42e2QfTIHn-s'),(249,41,'12It1C6Qa95tZGa3WOEWg2rqqtPKdcamj'),(250,41,'1scl_2evaVHIXmv0VaYDyaBPlIoK_HaRI'),(251,41,'1rA1OJqe87nhurkM1RJEfHk41ENbOHU__'),(252,41,'1FekxiXCVWBjcz41m7sCkoCOz77CIo68P'),(253,41,'1E0SPK2mAI3Ct1dqQTHmcSHSZ5EoP4Ii8'),(254,41,'1BZ3YkQcOwhCY7rQ27ihZ6g_5rGrSjWYm'),(255,41,'17XygEBHhT8I66mwEbOa606ra_lQ_VTVB'),(256,41,'1mI_dc4EwJzflX7pFoHTXvrdRGeh4KTm1'),(257,41,'1n0ZAhPJxF5Z_7Opwkipkl5R-oA0yOoJZ'),(258,41,'1TVTYpBHiPY35_zqapfSLNZl0s4AX6AoO'),(259,41,'1JSEacff4gBklPxRucGBf89zsd_U7c-eZ'),(260,41,'12O2SCH2g8frcM-vFXkrZVkbQG15veq6S'),(261,41,'1s4jKtQvu7Xic8FmPLmLVPVrcg9XPp3KC'),(262,41,'1y9BTblviQ21eLCQ9_7D_0ZiNikw_srXG'),(263,41,'1fvl50oa4RJsS-C39XxzIOJz4aWo2yK-1'),(264,41,'1u31I60xoM3zrAgO8EVVfewYjShevDN4U'),(265,41,'11Q1xlpLEHAKrapBSgJQ-5kQc9AuWrWFk'),(266,41,'1j4-t0Myl6NweLFB6RL7me14PtfgbfCEL'),(267,41,'1IYy6lxmss3r4LgEAPlaQwjshlIUvoAHP'),(268,41,'1UBIZK9RwVljIdvw4zOhimab7MQvStLmz'),(269,41,'1HdNNjmjXlWaMTmto-CM_VMPpsUsLHg_o'),(270,41,'1Rx64PJwVZRG42YFKIMOn-Ve9ROHvNmil'),(271,41,'1pw74CY20mDZW4AphKQEv5f2j8KuB3-ZL'),(272,41,'1yXxpevL_m6p30QNrKR6kyxlZhbLnZbCG'),(273,41,'1ylkmrM-atO6FFpQLyRJJNIwleoy-JPJn'),(274,41,'16z3tkkD7HElAg-HhQnxxItqdsq4bHlUI'),(275,41,'1YuAKCbUWPLly454Fhg4ncWN6gDaY07m0'),(276,41,'1GAX-_3IcQCzVxtjnOfknrkGNLCs74GSA'),(277,41,'1T9W2MNR29pn7jkyfM5PyrBOkjPynaSIo'),(278,41,'1bswkHAuHR6CU9dU0l1B3B0LBtHTi3Rk4'),(279,41,'1vTruUgVB8ThimIiGCRqbuucXMZkA6_78'),(280,41,'1a4vkbtqfRKqGA8NHmZPRxQNXbF5M6oqw'),(281,41,'1_Wml34J2YwjeZLkvxs6b9d8PzQf5sxvB'),(282,41,'1TZfStYB2j2nDZcUwRd1ZjBZREZQdz9SF'),(283,41,'19L8GyTPfAYv0XrCXOivBfXBA13zv-5yy'),(284,41,'12CTe-U7eh9CT0MUL9ANID4giPd_FT_Q7'),(285,41,'1Tr6WqKaB4rOFF4ieTVa2RE2DdS1-ZoRC'),(286,41,'1HPAILfrnG38VhwSiXUeIa5OLno_RP_LK'),(287,41,'1V4rLvioAgnHyClCVMB0rHEqAgyH6Pw04'),(288,41,'1aJPKDyPOXNzdHmdo_EkQZW3gAUT59uP4'),(289,41,'12lAzVSmMIY7tu9Q0yznV0ARDBgzGyv4v'),(290,41,'19Nk6V07dCQ2IScpLtah_sY_YR-pA6NOU'),(291,41,'1PffLmnU98WRvaxK0xAEotRMuJP4GGe0L'),(292,41,'1blvUXhhsy-AisKd0ovTCkpXVokE50QQL'),(293,41,'1LHsaOI6YOafk3QUHNgjClZ8gPA3MVXcv'),(294,41,'1U0XOoQoMOwEkbrAQ_VbDs6cbNjPVTE2g'),(295,41,'1HvfgZM7sbfI_qM00mkZ_PJVBu5tNSmMp'),(296,41,'1lAmc5_043bOw898Yed4f8QyoM6hYEqtq'),(297,41,'1wjFp1Y81qD1QBMaFgvpHUnvOsRrF429Y'),(298,41,'1Cu5nABlurklXt1vEfvT7fYvtIdJB3fiO'),(299,41,'1bfE5HPneRgUeRR9eg34Ef89BeeL6kyID'),(300,41,'1iPX14jSxZD379UAfkGEW-9FYcJHzXMdt'),(301,41,'13tLAHtFbDNu6ayKQ7ncXusw6i1Hx-Tva'),(302,41,'117unzutsLeUjZt1Izc9nw1ktKuBq-8pR'),(303,41,'107vJyjrw5jya7qOpcGloaIouRyTh3soL'),(304,41,'1UXGHj0DlY3lvBrU-IAZ_mu3sux7hOkiN'),(305,41,'18ywqYWGxtJU8VgxaQm4l-ma8tRbyFRmU'),(306,41,'1_Vlr1BQ_wfgkzuirO-YX6dG1Uroxbit0'),(307,41,'1La9Wpjwic3AXmPeqJ91xmTm5Fk1wLQHK'),(308,41,'1t2h7OZAefUScUn2lOi8EGkjtAiSEtilV'),(309,41,'1E-dw0oWSljsXCVypZK_i5YtBhqWDNTST'),(310,41,'1QMhxLxZC84U-1iz3e-s_JdXmV6AVV9gD'),(311,41,'1R1oRWPRNtDiPHwFtnGpzOXm8vW6-w00_'),(312,41,'1KeTR09qdEhveCyhV7Fyh80u4ZrMBtrnj'),(313,41,'1at98gpGqcgPXyegWlBLjORJ6tDJHlMou'),(314,41,'15Rfdvv10E2BZOyBJgN1u9Rqk2mduZiam'),(315,41,'1tU5L2KqRkIvVE50mGokW3f4FSilY-D6z'),(316,41,'1ZD33MGiohNxYjQnz8jGMpyVNpvRajXk1'),(317,41,'192ByE_PN3vp7w9j6rZavA7jx3DXTftad'),(318,41,'1ReFlsPHwaw4AnhcbK43k-t1dEjhy9sKG'),(319,41,'1ntECXeC9cMde8mEy3XD7Qzs96FK4s4DY'),(320,41,'1BtBOyLh6Fttn_dwa2vXR7MAU40ji9Iy-'),(321,41,'1TfVxPVUOUUMkqJx9aOr7kclj45k4xLNt'),(322,41,'1Q2AREVf5DV5SKj5CSro7JY3dwvam7U9E'),(323,41,'1IMC3dnm7SSuZzPmOs96tySl34rTkcC-I'),(324,41,'1dT7Ou0XdETMGY0Wu1TDZo6n_z9kvYeH3'),(325,41,'1rFyotRHY0_VbggpTH4wo12BeA46b5dTK'),(326,41,'1qQd3rhPDMEnOmvViZh1rq7YiXIs6oqwd'),(327,41,'1K8yGub-DJMmdo1qSopP5MvJz_SXoai45'),(328,41,'1iBkd1zkfVBYlo8kLT7wxfn9bbVM_atOV'),(329,41,'1VhrpoQ01_Xi5PeZB3FNgLx_23Jca_80F'),(330,41,'1PIP6HpvACE1dV85FH133OsjGn98-HxEa'),(331,41,'1rDc-tGCFoDECaaABuEZVKaZysx1X1Tbq'),(332,41,'1L_YjnaTcBpeVouE_O9796oYIxAmKCzYC'),(333,41,'16LJOQvP-2sILS1tZxTnCQUhFa6-P3QPT'),(334,41,'1OriDiMZpUZkcYi-pQRxDVT1xlGz5iS04'),(335,41,'1j-L67b-bmgUyCr3rGFQYDicdyyDOjDtX'),(336,41,'1RqHQ7G6eaTimgMsELnaH-4T5WUMdyWZR'),(337,41,'1HLuDH0HYOywTnvPbUEWUUxKiChulQXsw'),(338,41,'10YSB9vI8k1xDIQlcAQI46wL87ivXn21-'),(339,41,'1j5K-kgCO1Pvr8iqXol7arSmpCqzFxY_b'),(340,41,'1NrfRczNpuKxdaOpvw3bgBn4v_IrdGemf'),(341,41,'15bg4r0SvpTVuSqr0ljMGKoitpjXuo8iK'),(342,41,'18dLPNq9ddKExWarTjDtdRwkOX-MzqWKm'),(343,41,'1VRWxChEpPbcwjGAwUtxiN43o3CfX-fqn'),(344,41,'1xY_3_i0xBU7tWjYfx42Ac9HZtZbGOWsh'),(345,41,'1Yk7GzjLpE12RXmFpA0Hc2FlDDYqbOsqs'),(346,41,'1ndGS1HKzmbTkw9RaWtuFwsTz68_yKB4G'),(347,41,'1Iz199WTQtx475bjbv3o2ZWY5wfavlNQM'),(348,41,'1weUDawwaOVhNmIrNoAaG-ERnFAC9wtNc'),(349,41,'1k493YuiZ5ffVI9axQWKXMFw8bhKTbEIc'),(350,41,'1viiG9L8VvunVxMV11HRy8i3kBI5J6QP2'),(351,41,'1TEFHl7Vzs4Tu10nFnSy7y236J9sY0rNF'),(352,41,'1iXEckmCT_H4NEm9N4M8BoIWNDfDIYwjf'),(353,41,'1pJic1hfe2poGSiSmSzw-vFbzakoKBJR8'),(354,41,'1Jhi61UwA6gPl-n0Shs0uh5wfVHNUnCWn'),(355,41,'1VyZ7JkjLfHTyLjUveyb0ZaGedhV4ejTJ'),(356,41,'1-ztXxKszj68XtIEm9yLnVdCcI95hHsGt'),(357,41,'1XFL_6b0Ikd5luiS1Qvc0e2ReiG82qXRc'),(358,41,'1pkcsKsKJm3xYSKqujDhxJjisJF9XpyWh'),(359,41,'1UqTw7H9UGtClmxAjrIdouY70c-h4sTm3'),(360,41,'12eGyL6ipmO-cjBMZWOTax5VEUECoA0gO'),(361,41,'1F3yRB780wUejl8urrbmIV-AzHWbgxqw_'),(362,41,'1S0csv1WQAyNZdmMMgoNEbvBrKUgueHLb'),(363,41,'1KNLsN09T_oSvbki5QPpiNo3XeRZTNf-6'),(364,41,'1ILIE2p9LJlef8YGbeVyhGPk1uYeO90eJ'),(365,41,'1r3wVr0nrnaNi5VbUovA8YqvnZmhVSkYO'),(366,41,'1ckhmmzZRnLR79PujEIUjXCD8ZGOax5JL'),(367,41,'1FQgai8puiB5iWyOz07QLN5Ar7HKY8XNp'),(368,41,'1R86707OVy8plMerErmwNLY3xOG0RA1O_'),(369,41,'11ighfPYVSubxDxeyIbv9SFVn3ivNNDY0'),(370,41,'1t6zAhZFcaJFMbDRUUrm5vBjwf1fTfEPg'),(371,41,'1cZopaTcmRr2-MKz1RYDWrALRqHqwYwpp'),(372,41,'1HYwOaYMZZjdkbXVAx7dRag7YpovFLdRl'),(373,41,'1r92iT-W96EcUHR67abiw-lPN9aOahql5'),(374,41,'1PWbOTKzapB3uY1Mhl4RO3dIIxsFqk1Sf'),(375,41,'1pc4fkawosDiUr-o2JldWAoCNFiTUj_tT'),(376,41,'19dEy5ggNXSoH1hDYgxYhAexwYXAHd5Lv'),(377,41,'1xA9lmZIGial6KAGaibaWXjTZSMwiMxt_'),(378,41,'1QCOaUlDv2Y-POnNglwL68vF3DpcPwhsS'),(379,41,'1kCA0-1h0qhbuj0vc8WGTd0TfspyZb1XR'),(380,41,'180VspCQoCoAvAv-0FI8oU4ec7xJhtWh_'),(381,41,'1kJXnh3DLdBpkwbmIJagmhgQBDhcOTJyg'),(382,41,'1_YXAXEff-DWO6wezuuSvvB3dwj4owb_v'),(383,41,'1q8d8SbCmNTyeglp1GChr_6emeyFppfj0'),(384,41,'18-0KXcw66WL6_XPQ69JKvykVoUpX0QL0'),(385,41,'1orKhd7J-9jbeVZwMBuNXBq9a1R2u_F-U'),(386,41,'1F7fZYgcZTjpiHUN8IJcf9gIqHuZllDrT'),(387,41,'1K-h1AWrmD8BpacQv5a46-PcvZkUE_5AB'),(388,41,'1-tuWasWTgSvHfjFQVj14nMUA_e-miESQ'),(389,41,'1JAJ0XqFPC6IeEmCIFxCK68uMO5a4NCXX'),(390,41,'1RutkBIWJOrMIlmY5g7lb4TObSr_P6ZPl'),(391,41,'1OGb7zeOZVkCPpjF0z6I-0p6j1INcUZqb'),(392,41,'1EWDSb1_nKp0-CSZ23B73yQFI0btonCEm'),(393,41,'1CW3JHTQMiLkiST80p0RtF8A1TppF1fOZ'),(394,41,'1PHxWb1W83xzzIj2fnXegY_5JXVG6flqZ'),(395,41,'1KiTY8vaiMjOl6OWlYxqlCFEeez4mLGQ-'),(396,41,'1dQ1cFSXIehB7cthTal1PNcMsKnsmNKFm'),(397,41,'1v1AWBlhHryF8kaTdUXZ6Y3cOL87ePwtu'),(398,41,'1uXiMGq0jJ1uyk9lnGYEfm1qk9EA9NPaX'),(399,41,'1mMCNGKwQ_5veaLpyVepzkT4XAEuVEfg-'),(400,41,'1eVA3rpuZm759wUaw8E8gwzskzAmDreyH'),(401,41,'1YJl-DPRdzlARMxfB0wArWF3TZ6IOJjcM'),(402,41,'1feEG2DfN23r4yDm81rzlDk9zSnY66Y--'),(403,41,'1nKdNNeDIXsICo2Zidla7mxfOlFGOLg8I'),(404,41,'1Ts8qSEjKvnparciHJ3VlyJj09Krln7nm'),(405,41,'1xINrWFotjNMCWXQXvuwG6tuZQB_nf_kV'),(406,41,'1Q2SCF22JAQs_iVBNNwbmVp82M8scnxE9'),(407,41,'1HTxL9ldzGdyW__zavjKfh9ScAEYtzlAG'),(408,41,'1mk-RInoBm6NO-kvi3ToYCdKj-Xtp6sgA'),(409,41,'1Q847lM871GZy-9xhriNwtMyuOW0Rotbm'),(410,41,'12gd4rhMV7AB0eBbNzgDqm9GmSrWHMl3J'),(411,41,'1Hre2bf7Yk-Pre7io3vngyKJGdx09F1Fe'),(412,41,'1wXI2fpJbE3sDi4MO-WqE3PbJza4ohJ1e'),(413,41,'1Lk-RpEIn6eDEvQGlZbId3eHpAtUnHV03'),(414,41,'1bRngbrM6urGczcuumgPQf5st4HiZoR2C'),(415,41,'1mj9s8e8lCSXlBG7q52WiXN_g-3we0iuC'),(416,41,'1hZrZll7OoaponP2hrXKGZRF_hFij1HDk'),(417,41,'1_v1xXltFLYz8GxtEo3lbzIZdx8-PSDft'),(418,41,'1g03CWduG1fQOIxYnxRgzQXWycXkJBO5c'),(419,41,'1uQMsyV3Xy4qBUMDViDRBPX9JUTOGmkf8'),(420,41,'1QzzQPafDoRTnx_VSc-7woSNonSE5tifd'),(421,41,'1KK1v7tIkdgVaLom9a7dMQbxwYVLZ5hwt'),(422,41,'1QXPiZo7C8-DoFJGDb9S3w1sXDVbrVsdv'),(423,41,'1AU2uXWDbYPb09Ti3vHFrujZt0baxcWb6'),(424,41,'1z-7fiLWe12bft_i83ZM1oBWnMDZWM7qR'),(425,41,'1s1d72S4KdHXYOu1gPBPRCS5NgvCrp_zZ'),(426,41,'1lF-wx7d23F1PHWOqJxRDo9OoQskj3lJG'),(427,41,'1xIqZi0VojOj7NvhGE_B8dZLHNtW2T9qW'),(428,41,'1TupmcHX5EuKFGFpAGKpKTpBxax5J7Ny6'),(429,41,'1GSa77nanzqsV5QaD7z0evE_8jflNQKgR'),(430,41,'1pcrTENyQ7UKyEtgHYxe9jMhziKWCB5PF'),(431,41,'1qX5lRFkWdMSbcdMUTBBlk0CNiFumv7qP'),(432,41,'1G7nmK9f6xRVg4v8lwmoUu9sheXv67Xgq'),(433,41,'1hcy3oxrmLhNA3W3dFmRGDsRS6oXH-U1F'),(434,41,'1cRF5gCVr29QPOdUhgM5mVielnPgsgBr0'),(435,41,'1t59hDUFxuv5ZZVgqRonBI3SzmoEm5c5V'),(436,41,'1zH4XtTkf2BTSefm1_yQOCX9Kj5RgTsGc'),(437,41,'1asjaZvIA9sVcioe5lKg8wWKrHmTXGWx1'),(438,41,'1oENRoQbpV2JcSOKqTEdGD2dbM8lghIVI'),(439,41,'1fTS8dHeKDlaAbQSzYVjw-J3Xxdzhhz5W'),(440,42,'1Gxl2yYavqBz-hr1-8FdK38rNkPVXr7C1'),(441,42,'1yzA9utlcEfdWghSgDt9dY_eSaaOeV2ko'),(442,42,'1pEY1dDyyiz2XBTb5uxfxdbmtevJ5d9Z8'),(443,42,'1Zs3d6-3dXMkEWoMBjbPH7YLWuAu3ScXw'),(444,42,'1DszK0cXCvNypHxz3Sqfw_jdrqj0uHypv'),(445,42,'1jKMVnvp-QqZigzLVW8qnbH8CTVRM4EKM'),(446,42,'1IqvMPjMMOlAcr7PkciMI93XFOd5BTN-R'),(447,42,'1quO-mKbKnMEAwKlrE--J5nf-kn5W8Zvm'),(448,42,'1pexrr2tdZftayCyxdWhVY5CO9M3UFvdg'),(449,42,'1BkDnLtlNxT4AS6BcUAvVxZbm9xso01wz'),(450,42,'1LxsGkWm8Cw1PitCFKDQV5gmCFr6rZgdZ'),(451,42,'136ZLTnwTYWrWrNFkwFhADXPDt6kDeG0-'),(452,42,'1dh2RFCEqcspAGq3iNrKM2e9tqcCyPopj'),(453,42,'1mPzCb_RMQjT6prM1l_kkLVbvtMpLMH0W'),(454,42,'1HnVfgLBBh5gf12oPHc-SUi4cqbb4mVMw'),(455,42,'1WnwO-4qWKj424DxW1j0dse144N4jetYs'),(456,42,'15yRn9DdabwXShdpF7GkEyh-PzwzPPo64'),(457,42,'10tSgZuac3L_94QqwFCeD6aS57IqqdQgA'),(458,42,'1GwHoCvNKqNWRO4sM4BDKGYE9YLHTQAqI'),(459,42,'1iC5kIRrUAOQ6mVsAh1e9Q73U70D4MaZ-'),(460,42,'199NzewL0GlrD6fckbXYfkxD0Oi04sTZc'),(461,42,'1PRDe9MKABQy7XXZ-HiHjLDOk3MbHZxRL'),(462,42,'1sfJu8My9oWZ7BWyk4FEeOhT6ii2mLWSr'),(463,42,'1erOV5zDeAUC8iTk0Zd6hDq3PzP2l0hJn'),(464,42,'1L_P7cERTP0kStcGPV4yCv83FEDPs2KqV'),(465,42,'1NOd0U5ZVFICHiE9DQtzrZ65nn0yIiCWB'),(466,42,'19SqkB9iMz0ccMF7_JjK8V0DRyfHnYrpB'),(467,42,'1EentXt2C8QAOwtPZr2NrOlR6bR-uN-JU'),(468,42,'10RIQMqTf0GpDqV_j5AKObyBdhkiwLfA2'),(469,42,'1zWJRHDD7YQopLmkCx2Qr9G-d08jRrE84'),(470,42,'15c-m37xyW8HSFa5t-Q51AbPDx91ZUz9s'),(471,42,'1Zv4plpRMTGVrxgY2LRn152B_-KmceKVg'),(472,42,'1IfJdp9_V12cz36HnMbDxDJpT0jydr5Gx'),(473,42,'1BmyXCLE2CsShuAnKAjFcsWvcC7cQrmtU'),(474,42,'1PT77gNTKJSWjwz0KK_MqbbsIuDCOP9Fa'),(475,42,'1ustJggVsrJIRQjWFP-rfxXeLG6pUva2p'),(476,42,'10_QloZjH7hwUaHk3FPsVtjxCTaJXMlQo'),(477,42,'1vDjJtFCFzHB0gi0dYvrGJOuEk98xyumv'),(478,42,'1TbrqlqX90PAYep51UGaKOBVr51nQ_cJE'),(479,42,'1_IBTdFrc-X4e6zX3KJexgkrFjUzmsyDj'),(480,42,'1zQrG9UyUktHutzXDprZfe_20VMs69O8l'),(481,42,'1mfJUe-uehp1Z6JJkZ-ghf7T17K0wIRz7'),(482,42,'1YSjxfX3D9enpB3f0qcwifeotpCPj9p-Y'),(483,42,'111TFb5QLoHLC-MO-faHRM9lO1BwN-hKR'),(484,42,'1Fv3JTXiniu_CMR21UgO1SXccliz_pIWW'),(485,42,'11991KzB21hQa2w8Vr7PBEZk_13JNN7c2'),(486,42,'1VO096dZiyQQuWDA_Ezp05M4nuR0elTx0'),(487,42,'1Ss5APZwQXd3PmkOIFNC9bC1K6lwrkazJ'),(488,42,'1eOubXBdZGrApMGjqr0qgHxV64LGzhICE'),(489,42,'1wgg9NZUscAnAdqC--ADHsxC1rAFksupT'),(490,42,'1kAuFmg_ef2SWid7eNKRRILH7xCFgLy48'),(491,42,'1YuksYOzVlUcba6TK46WiEFixbGPF5EZm'),(492,42,'1azr7yJpKEPXnc6tGHoB9edhowYurb1tl'),(493,42,'1h9yey0JFj1tQpMMUQ2heMhhDDRBfRfBq'),(494,42,'1oxxKfOT7hEpXH-yyYtJdpU0-6AL0shLi'),(495,42,'1whELPPcafsnJhQpEFCGk-nQqsfarMB9V'),(496,42,'1l38839xPpbDri10Z08MeqB0z1UQ7qfFy'),(497,42,'1cT2FsuixY12o6LjkTdTo0-XQpRvRDXTc'),(498,42,'1vLr0ussRffI1Pj5vP8tMGW-VAKlDiCNP'),(499,42,'1a7cygxxSSc2IEogD37lXcYJOZO-HHJVA'),(500,42,'1LfCjNlWwmR3LBFbGarn7mHv6Pngwnxb9'),(501,42,'1jZrWYBR3BjcvwAYN8gWJJIupYPt-hMdL'),(502,42,'1KIMfOWjbxPHC9cwlxtmoGE-DBom0dINj'),(503,42,'1F_oF0TtDK_vMpEuA5dlnzLOeJ7f3jhBs'),(504,42,'1bdQ_BSv-YOVvPQ1dWbMJ9FNwwArCext3'),(505,42,'1h8byGZiumW8IfAIlIEK1r920c6IDllRA'),(506,42,'1BmfQAWiDX4qtX7ZaTEY5QWm96uuEt11G'),(507,42,'1sUapSpBYuonWeIyeu-OxNBCLKTxZhM3g'),(508,42,'1dGtAEfyOEAED1ay9MKw_2c_C_4HxrIg5'),(509,42,'1SQTh1dMFlowEVHasMFt6T7YybVJTorHt'),(510,42,'1IlB0XTqZPe58RYhwAT3xVZpoSCwJdDqk'),(511,42,'1RjaLslndG4qkkA-OJ4MTlGNbjQIYDYC1'),(512,42,'1TrlhkQ-0KEZtStP93-KNZceB-xFFmM8C'),(513,42,'1PEl1IF4QNkURG-R6JVZMxV3uo4ro4rMo'),(514,42,'1f3x25iPAWhHSraWR9yDmb_6je9TbKtAw'),(515,42,'1V_xQ2xjU6OM5P2AsZWQpzFyAJKZ-lDjJ'),(516,42,'1juMvbo_Npn-xoTLbbdWZhoptN-b6prEZ'),(517,42,'1iaEZFVNXg6-bWQybyE55Hxubx_g7AG1g'),(518,42,'1TQortmbWhsPhDSDwObdZBDOy9cZZ6nVa'),(519,42,'1491f_WweQQJHQaccsRozMdpPRxOgw2La'),(520,42,'12te117TiOXjbTmtpeTd7NSlH69u2Cmy1'),(521,42,'1wnikmLm4xWOPXNFyFATGy80Iz4SbK3Cd'),(522,42,'1MIQGP71ojwPk9xNgIFWED9v9DzIw9qn2'),(523,42,'10SxO66CrJmLv4hAJjkAveSwI0JI6H3cs'),(524,42,'1TZpR32wCWiJNt-ETsxuyyXMUgmJk4oJk'),(525,42,'1k0E-ve9I4Amdi5Rrrv9XEgPD3-t6KnnM'),(526,42,'1xV1CY1lEISZndG-111VgQ4K6Ye9B9yUo'),(527,42,'10Ea5TV4a-2gDllICOsAedge5s9kH0d_7'),(528,42,'1zVaboik2w1jGelO92S8uFxt4JeZljwwi'),(529,42,'1_dkET0DOgwslzNGirukvU9tihIZ8ilE0'),(530,42,'1dxwQuxzkbIru8FPdnsNFoHKmiO1kG6JD'),(531,42,'11zwjDp4F8Cpw6tO6L1CDAvX89wQ1NEjv'),(532,42,'1r3-RItzeZqqOUT0K-LwExfAt89BXjuLW'),(533,42,'1inxyxCdZ8ytQeZ05CnCpN3O_GunF5zJL'),(534,42,'1cpNxC182jiMnBr1wqeSKVwj2vG-IPeTA'),(535,42,'1mAZlxM5v7upIk38HbMvRR3wywXkFLUv9'),(536,42,'1F3i8R-9tNpgJwGyCWa7028_AtSndgqeB'),(537,42,'1MWY4zEF-iqaDtTXW2la60rzxj7KlSHuz'),(538,42,'1ol_Lz1S8cM_7Koay50hcP2vXGAn4bU6i'),(539,42,'1RHS-U7emY6hYly0MvtoNPLfELmRJWZCX'),(540,42,'1kBUKkivMc6fAZU-nQXAVQo6wkaejmenK'),(541,42,'17fTb0Gl-3vrmiNxHv17lZOqlgbsFEri_'),(542,42,'1jJbEsUEvTKxyaU3fSXR3eVnF8UtKRljm'),(543,42,'1PW7bbsQ0ffR7LtC5ihcghcHpKCvM4O_t'),(544,42,'1N83iHjx2PM0iLjABc8JY1tQ4NGBQVvfI'),(545,42,'1U4IkPwApHHZNznxrPEMbyAEORVRssXe7'),(546,42,'1VcrANDR6DXDEAk7csOu5thT9EpBT_b5_'),(547,42,'1gp4jVHWVlloPz6xcPI6AsMKchGbD1pYO'),(548,42,'1GoLzh-a9ba2ekDSbW-cWQ0KUlyVu-q4s'),(549,42,'1zfYwbovRZb1rjK1EsqnBB0EEM3IpAeEp'),(550,42,'1bkpk0KFBeJpKcHxuyzI8004ADvpzLcC7'),(551,42,'1rXSNLaxZoPIvf2uSySQylclP6c-LKs_X'),(552,42,'1VEOlFkE3W4uSSxStaa0GmpYuKnwL5SOB'),(553,42,'1Fqzh7fHcCselxWa1JKRBJ1arg23vatm_'),(554,42,'1xon2rZ7wuXgk-0WkUCduu2QOg9dbwrQj'),(555,42,'1pjbqoMi6blkeXu8RuzXBGHWHCctBQYVz'),(556,42,'1sYH9qbJdVzo3ooc40Yip5UaaiPYfWC0N'),(557,42,'1xKjLaTf_g43ZPEENG93S4qG8jdPmqPwj'),(558,42,'1PRh-2G0Bb8S8whudmzXzqR7PQgxFk-67'),(559,42,'1LzRs4YR6MF5TMSX6VkF7w1PuBQ36IF_x'),(560,42,'16_aLYFmPYm5z0Z_tYGnQkc-TsmY7dVBT'),(561,42,'1PCRCbc3-vWElfRP49mXRzomqj3MfESPN'),(562,42,'1HifO0cyh4Gp5QihGM5cPrLRU-Wh4s05d'),(563,42,'1bRKhvlMvBXzmw-iu0CH6pl33DnC3Flrm'),(564,42,'115DLWpjw1vh_UDTWLvDyxdkjasEUJf2M'),(565,42,'1Gcz_WqxV-yO_8hl-4l5bpcxNCTvqGZJP'),(566,42,'1kCBfrhMZRI2n_ownyTUaJkDesqLa18IH'),(567,42,'1WT00JJ1q5wPbn1jnaDvG2JMZPBX2P-Dq'),(568,42,'1wA8Ws8pUzzqsFxSgb7L4wZiAmm1HUQ_D'),(569,42,'1w206X_SlTF0jO9l_1suEayHRxhDH_gs2'),(570,42,'1u3Sf9xoe-CyvOyya6CgWN77NGfpydCdg'),(571,42,'194qLcWOYELCSb7LUlihohud_Y9ilPtD2'),(572,42,'1fXM7jvqMYZHD34ds4nSuqjrpxXWwo0s0'),(573,42,'1mAjAEnFqmAjLk1Blc1g6wZGS83WV8mgt'),(574,42,'1VWDp9WnVquv1gQ2pmoV0MA1XN6aIq4ZQ'),(575,42,'1k9zeywajns0RgK3sey_eTDLhV5nTv4p3'),(576,42,'1i7Ni-RGOL2U2DI9BjiWuvzgOTMlQPFq1'),(577,42,'16snP9L2V-4RLMaro-ygzMelV9rxhuBy6'),(578,42,'1pNdgeTIjOb8j4pmP3qDgrmNdOKPuXt2W'),(579,42,'1IyOGOVYHq5iclXO3fEgGvQ2fTAEaxDZL'),(580,42,'1Df0s19QmZALD5aYh8k_BIRRRt4ONVZ5G'),(581,42,'1lxFeNQYwCT4ZFE5VVT_NBZqDY46IO9xz'),(582,42,'10lZhUmaZnLT4Qp2M_OauzY6jISclEvl5'),(583,42,'1V1nyinSaAw3yz1tGsGmydUFwmGZrf8a2'),(584,42,'10TO0t48fGI00agPz8oPr2uBSqO-OlSCe'),(585,42,'13dHFN709Sk8E05dFLzmYj6-ZYIDmVn_4'),(586,42,'1D3x-XtJaHvsnhd0Z4C9FLkC7EX71BMmr'),(587,42,'1aZod8IZSIVJ5Me8eZdGT-cHHvJSblRGy'),(588,42,'1SUZt3kRib3ShB_vH5bgQevION8mudRll'),(589,42,'1B9f3-UnLfbPFxYDEPAw5cj50k4nwr-xf'),(590,42,'1AJmFPjp5KMTXWJVMQHU0iHnuSBuO0nWL'),(591,42,'1GdbARifsyex2tCbGkncr3F2Xe4PZeWOF'),(592,42,'1iiWhFlIXxwzXNXaDUNZ3o10-IshgVpe6'),(593,42,'1-dAz2AJ8MoDNP_6tbmbRc91Ll-bnSiYD'),(594,42,'1ddgJGS8HldFSdX-fsx74VqRAyNEwfqx-'),(595,42,'1eI4KAZHxjE_Bq8IGmBp4xio5L9vw-a2Z'),(596,42,'1AnC_DD79pMX0lmknhiD_7QcNBHdLp_XU'),(597,42,'1mbiH3v5x_Gb1kCI-mYmC05rBx-85BA28'),(598,42,'1GVlQXiIAbn-fSv1vuiIEMgGcgqx0251d'),(599,42,'1nsSdWvvURkLMrz7Hc-q3l4ZFZ7R08hVu'),(600,42,'1MtxvmU-l9TTl_6HHOHgGQ3UgPdCiH3oF'),(601,42,'1OzGiZIEuPjvP3CCKVkFDhLH0KoUYTG2F'),(602,42,'1GHeuJa5fz9yih1WBkIqz8TOmMuKeF8Ja'),(603,42,'1WiqNm7dDFz9rFd-QHG1NC_yn0qoM_yNq'),(604,42,'1iUWh1PTqWW9IncYEkHvhaOUwNfSa5XEV'),(605,42,'1FGe_jOZdo6_QgX5T5tzd9GbQcSeqhstA'),(606,42,'1bLeWKtIgCGCawWjz8a6wS0MnRLztR-jj'),(607,42,'1AXl4QsPOT9AY_W7hvXI3FFlPk3DgejO8'),(608,42,'1BAytADb8m9XPi05cqHFMUTl_Xk0YxrYt'),(609,42,'1zlH3blpJdYodoxEuz9p0h6yA2q3U-MFP'),(610,42,'1Oj3pQewnnbxH6VoaPHUEJr5KVjbgeFSp'),(611,42,'1GIEgKC3g_CPlWSFlEfDMu3ACvpBNyEFh'),(612,42,'1vp4M_Wl2q53lwhwDfQ-9X6ybVh2yJra7'),(613,42,'1r8Gm4N9IpzuEb8l3Mfk6aMkyYVGy10-S'),(614,42,'1rDA0ig-h-Pkq8sFS_bvUXiOCpU6REE3_'),(615,42,'1P8pRnl_c21-RofshxfP-5RZ9Z3hNGK6w'),(616,42,'1PZY48FI28MxfzWYpwKmKNEXkheG5tgH0'),(617,42,'1Ctf6ORX3VaDzjYpwCze3CBboo_oxDz-b'),(618,42,'1-7yiNJSrJfc9raMuES6nI_CM9yOAMmHY'),(619,42,'1tLvJ2By1eP8RTJE747x-E3iknBzdoTiI'),(620,42,'1WsFRNcX5G0ILubp7sOjQSPD9EP6ZHvtS'),(621,42,'1RTdRLmLzLgDF-iH3N6TtaoKNHgsf4HKi'),(622,42,'1pawoFt-AuZ5VTOQn1KCirQh1htFoyrLp'),(623,42,'1oQVNedCjaxxLxBF9M0aJrhMkgWwXkskJ'),(624,42,'1GmCw2tVH1g6UihGaNSPYVvL3qEPoh2jH'),(625,42,'1WmOOhBYCBDj89cJGyVPc9kCquIsi6oLF'),(626,42,'1XEpYjD8Wh7LOHY3H0fkCXwPPUGH07IG4'),(627,42,'15K2UGRVLuPeMwOD6vqgeiV0xG-aJP2wL'),(628,42,'1Q0CcccdoJXIqv95lKe-CvflJlAQGwYb-'),(629,42,'1sBINiNL_L9Wj8OJloTIAMV0WO8-jyn0A'),(630,42,'1eWTJVCERr4L2xFtD7rA03FXM3tMd48hm'),(631,42,'16iadI7OOMoTeMalno7pYnpdJx4k9Ukrn'),(632,42,'1B0x_qcBSC973nKzZorfCpO1Trlv7ZrNs'),(633,42,'1OK8T6ba5oXiIBi02xMbVlTSrIM76kKAD'),(634,42,'1Ht4clVbRWjugKJ5dWiTQDrZ1UahKkGqB'),(635,42,'14WMUm36SA22ItEUoQUEcOlPFbZ0auKng'),(636,42,'1Wy75VNAYPlppJB7Zqb06lBUSTfDJl5Fs'),(637,42,'1A6fFxJ3XWwCb3i1X2oZvAJtDqYCx7SuK'),(638,42,'1ItWQlOzd69xoy2jqbvLPhE4wOdrtK1H-'),(639,42,'17tUK8Xgpx-Jg0ZiFIvgMsX2aCrIMelRg'),(640,42,'1BFm8nLtQSzlFBRWKg4F4ocHXtL_XgNhG'),(641,42,'1dxiP8VIYFWYKDrn7aSk6WzZNzXXE4Stk'),(642,42,'1AQpOsg8XBXbAK6_C4iRSl1Q3BMSX6Wmu'),(643,42,'11zhC5DnuGLi02jzv3bEZkV6pl4ggsPRb'),(644,42,'1PSv93A8EhS1XnGbA_05A0z0Yy8m5czSO'),(645,42,'1QGluKzCRDLIsZ_ZkuzV94F_-PwNZzlyP'),(646,42,'17l3hsK8lOuMaEHBsICLsrHeCdSZVplNg'),(647,42,'1SuX145YUNMGhosKgIk-xL_7ZhaNhVd02'),(648,42,'1-YONxmrTpOS4vLmw0l_Kck-vWgjSUWks'),(649,42,'1482f43EDgMB3dg3QCarC_PQUGjsE3_gM'),(650,42,'1Ek3gTQ9RpqkyiBNuH3zHDYf3IwILFcDt'),(651,42,'1sNoxbxVzHI-FRbPR0Z1QXfNfAiNGHVCK'),(652,42,'1Jw6RsJLooGTSY0rA5g-x_ThZd4NVomCz'),(653,42,'1O3Rv649B8QEixRSBmjD_9mpxc14QcYpl'),(654,42,'1erHCJXsGL7hHqjkcrJ27XnH4so1WVDcQ'),(655,42,'12WAkdI-ga69QRlWhu8wioILHSIcZSWFi'),(656,42,'177oVgOLOjTY8PyJg5S9z4UH1OlCjQwUP'),(657,42,'1YBYDPvEt18bCr9Pp38PLLQzaNwmxU0xS'),(658,42,'1bR2Zn1OoDvhW6AuAR0AtJoRg6RKOh85b'),(659,42,'1ikT5uIdhRcZ-iHQ-LUgYfyy9ZCjuTlkf'),(660,42,'10Noo23MzmtHikiNkMjaF8L6H712pdOgO'),(661,42,'1Sp1I7kqtnhcoApV8F9vyL84UoHXW3XAe'),(662,42,'1K9sCNJXyIMWpzXp4-TBxbyz45jsJ5Q-Z'),(663,42,'1u63IgjNOuzbH03z2L9AQQts6za-uoxbX'),(664,42,'1N5nPhT8wZdNV4b4eZCyqdu3ao9URB92n'),(665,42,'1g_yIc1pDZ5XLxQbdo7HYQlgrJtZJezke'),(666,42,'1IItetj18VZFeo-ZErrqjXMRMS-Yjk7aJ'),(667,42,'1GblHHryOMHv5tJsDqYIX3BA4Yy0EpzBI'),(668,42,'1hvYGAnhcAfYXNssgNfBHt_DG2RBo8-dR'),(669,42,'1PeUxeVamGiwfAR6J6YU5y3FQmlDsBVlm'),(670,42,'1Trq5RVnop65UwH_3ug9IngSTPPc8slA4'),(671,42,'1JZetQP6d9SVsrbdPQdRa8rU--u536mKF'),(672,42,'1Uzc8ONfFFd0H4C4lETyNgVP4MzrfyEuZ'),(673,42,'1nxhlPGO2dNs5pp68JRRhv6Ac-K7-ujMx'),(674,42,'1AMf0SJiq3cgeMeWQapcNFoayk6O7lKkr'),(675,42,'1ypq9x2wsdcJ7K5inQDSPuxzQ2CTY87WM'),(676,42,'1BrdEs2z8E3Dej_21HY2x4i3iHBU83oBz'),(677,42,'1CgieDa6iuOKrdkNQcWvV5-zmHa5XRkR2'),(678,42,'1qb-vDHfp0gHLXI9EpwJba6mxMkxZXG0-'),(679,42,'1Lir92CYWw8E0-J3LTmRhVU4iuQpVif_0'),(680,42,'1NbLxawcYssnCdDAR8QFRo3-brEKMwuUm'),(681,42,'1GBnScr-MeZVBomEyBvFIMMf6ga-FMQmI'),(682,42,'1MLlvMiVxgW8OKIOqcQngHeYLDQrvasOT'),(683,42,'1K_ynPdFxNpcRlN_Mh36Q_n9McrZmZcey'),(684,42,'1ZnxWlj3mZRAm4Rq-bsM-oiBl5QobCg2a'),(685,42,'1jMnqrCO63nwKNJ4ZeaETIenGW3cgW_y4'),(686,42,'1cLKi2jkVMD6mKjJwSDKuhI_ZiA6fOYcn'),(687,42,'1rkEG_4xtSETiRkToVhG1Q_ue6C6w2EsJ'),(688,42,'1N1I4p7LzF2MuRclC4fPWe25GVYbZU4Io'),(689,42,'1FmmPHsMp4J2jyCrJjaZN_dceERqTyCen'),(690,42,'1JTpQVpXDHShr7XTMdveGGWCrhOW91YJo'),(691,42,'1RRefZtVdnPm0DKWCvbRIbPMaeenxxyL-'),(692,42,'1O4GtdRryAGGfaeGKXvKOQatR6UNKTrqR'),(693,42,'1l3WYoW7IxmUv7Hh8up4Fi425agacutBe'),(694,42,'16tbc0BEGqbaqLosg9KyvOReUA7qxN7oP'),(695,42,'1wVAHPo0ZEVqdRjIj1x1EIdTK07vt_mi0'),(696,42,'1-HH9f84HUKrShbBcrB8yxjJb7zfcHRve'),(697,42,'11cfzS6olV2KF3BwNTT3O6NzVZU38Dkfw'),(698,42,'1iQlnyNKBkeAa_OqUsU0Tv8SvOBn-zOAK'),(699,42,'1NDVDYQUNwRGSl0TZ1VdQs-NuwXo5g9nI'),(700,42,'1F9VpuiST99LUzg714x4Lvh08hLi3hZOI'),(701,42,'1CF2eswLSKwVNMn2Ns5iq_JENx4HxmEkH'),(702,42,'1rprx9gdJWnAxm7HPbAFOT2YMruNC8xAu'),(703,42,'1pDKYDZegzucKtJd3lFxcyXO9oWoQFWeD'),(704,42,'1x9XAgEPrkwH4djKxRX5J-ItGDVOdIEV7'),(705,42,'1m0eP3i2196cI6TESVNAVZSrwBIUru147'),(706,42,'1lp8HJ17I0qwCA-13jWtgRnIZj6AYZ_u_'),(707,42,'1HUaBESOBwtVTzDfMOlGXB4fiBxgIVQWP'),(708,42,'1aoMbJUOHBLoB7sAca70kcSutiukFeuGb'),(709,42,'1KN9llKwtybYZgIqv6-bIn5uOzq2ZACBx'),(710,42,'1QtiK79X6PvjbrV60RQz0vxO9rit7bThJ'),(711,42,'1Kwyt9tZmyaKejwsO8FLtLPXkb3BtmEKg'),(712,42,'1YP2CBEWDCwKe6KDT0d68qf4E76swvZAk'),(713,42,'1seimRdU4DpmfRmoSZ6_hn5rpL2yKFpOW'),(714,42,'1B1Kfh11cLIoJnwbu6sG1PNWjT86Pn6vW'),(715,42,'1Q-T7BwBfABJoMmtycbUGHXWPsMHsSZzr'),(716,42,'1435BdzxByKc4HyFs7PxM8gARAkLnnasg'),(717,42,'1AJskv77ENQnIZXBjlArQxdAxNSkOlQWO'),(718,42,'1DWMxN-BH9LmLETpKpAHje9q0405SjddU'),(719,42,'1MPYGECFS2vWJYoYbkVFMyzKDWIvnJF4o'),(720,42,'1JncYr4NW9FEGQa26oxORpjEkFFNL3hD2'),(721,42,'1RL2ci2rbK7v1VEClwXWyVYQhhr4-K2er'),(722,42,'1gZHHIFa2oTLI90yvFWc6_DxYeHwQCE0l'),(723,42,'1gSWIWYOXVAExFa58PPeFaik1gwrJleI9'),(724,42,'1NCcKdw0izlAjfIPC2zKSagfTZMBAYodw'),(725,42,'1L-xmB8MP29Vc0TjG5YMHBa1PuauJ4Qt2'),(726,42,'1O4Z_nF1Nhft8u7ll3beJGzvfeso5Rmlk'),(727,42,'1BBhNlEMGgNKW7iYHvTDyu7sCpiAlsAJL'),(728,42,'1LVhPJc_MF-TmSap-WaNoFV8wpsQFfO60'),(729,42,'1vtvEX2pS68XAUViTQg7awRgZeV9fGcbm'),(730,42,'1agc5k1TlopkiQRqTcKQrxbEKKl5Ja_Ln'),(731,42,'11-dZiFfm4oNnShsWL0LDLUzIiGL0q6KI'),(732,42,'1__cw84XSnuQU2sSj3Ajnyh9XVLQJ03Et'),(733,42,'1TMTs8K5XQgHEQ5F-zGRd6Q1sEYugT1gD'),(734,42,'1nUseES0Bj2ho8p0sU7k47-O7qY2FsdqV'),(735,42,'1SJxakO79JbCafmKTSwjsgN8wQsXbGZNQ'),(736,42,'1h1fBXcN7o00w1oNYYKuF5l8N6zW4P-_Z'),(737,42,'1INVPFFRsWyKCdujmmt-9aVQivB1FqDz1'),(738,42,'1qBeKrL1ufZ4ItcvxcpfqCIslpdCBwbD1'),(739,42,'1CCQssCFM5eJKDxUaYqnSM-ry_agg-Ohc'),(740,42,'1pC_fuw1SQEDY2XHWIErEo7yupnteTDou'),(741,42,'1kfDYyPhSu5iJT7q7VFiC4uSZfb8o-JDi'),(742,42,'1RFRABXOP1jPsNKrZRkL33dd0U4wpR8CX'),(743,42,'1N8JoBOCBgsRMSAFg7dFrBER0a84IPRNa'),(744,42,'1IwRSqhejjlgxCapdOrt2qJW3KUovO0b-'),(745,42,'1S1otYJKp1XHHkTeS4gdlEnbGZ-ZH2zJn'),(746,42,'1PmQeFCPd1BokmOD9HdBqUy-mNgABuzTz'),(747,42,'1jz5e22Nki6vnN7QEcUkzT3WXWH9h6d3K'),(748,42,'1JmEbDG9H7G_H1_MN-PyWMuJeUIwispYe'),(749,42,'1txQa2qEzTZi0tV8SRef6AgUU5AfqU_CQ'),(750,42,'11P246ouVeiwyYmwKV7K12tNDN888yiei'),(751,42,'1S6mH3NEtOsUjMu5TIDwmBO4MGDiTRQTW'),(752,42,'10om-a28fq3ZewSZcwTh87tkahpmofxAv'),(753,42,'1mSrkpT2McJQ6ae88SmZ_ZX2p_CrDj5lj'),(754,42,'1Sq8xv_U2KLhEcCJXRAwlFvs4HNWSrshM'),(755,42,'1gTvHS-dc7Q75heiLRz4TqzyWEmu2jF-i'),(756,42,'1kKUuD2d0eqNTquUdG24VK_1ixqVcPrvO'),(757,42,'1EpZOzu6zLWblLGRBbmVqTC5-09jyHcQg'),(758,42,'1O-rvyMAYXp54eoZBJRsacmmKFG_5Otmp'),(759,42,'1XnXLibXmYic_szPKOm5n0-cAfUmkmo0p'),(760,42,'19E1HjI_nN_1_SNlWA-OGU3a39wBg7d9W'),(761,42,'1jsSaQHadWnQ0y4WAZNMuXwJ0WGxZafLz'),(762,42,'1ZqWRgh8LciX4feOxOuYNVz00tzSPYl5t'),(763,42,'1DUCJY1vMSfLov1AduzzcAB70VJXHsjo7'),(764,42,'16Pu4VPOaKH3m4gIXYExkYP-cyaCWSfU-'),(765,42,'1qFhngdvLcltDqdV5_Nqt9JYehkhdXT2v'),(766,42,'1b2fRaRUEBDHQLpL1FPraUXijEnt59TpM'),(767,42,'1Kbe4sCqwhXQJs5Pg6ovoBYU17RL_EDyb'),(768,42,'1T617o6ecfyIr4-bTO4oY7NnJ3c4jW_vS'),(769,42,'1I0xaEVS6Y3oEKs8ToDaCA0Z5RRrU3Qnu'),(770,42,'19x65YzHKuE8Cx34Q7V9nzrva52AsNW6Y'),(771,42,'1hxlsyRypwhC8VrZBjUX-GTKktHD0ktBj'),(772,42,'1YtxNGb7_6D0gqJw38Fp9PlYFIIB2w_yf'),(773,42,'14qNVVVLBirWk8uK83UqpPMkMNDqAm1oH'),(774,42,'1QvtMwufVnemcnDuQjr0U6LjkO1uOM9-E'),(775,42,'1KVciABsLnpC2tzh-JQFYZn2SUf9LkS7Q'),(776,42,'1r_4lWLZ3AiXXz9cUCLtEq2SnS7S9qQFI'),(777,42,'1EXtreZKaFrvwvx6lclfKTlIpcCDeTGBd'),(778,42,'10j5R_lTqBjB2O6AgzJtZqnvfFQRATcE1'),(779,42,'1nz-dHthpnAaBOx_GhfpeP-qM2U0O1X57'),(780,42,'17jRc0fqj1xnxqfmY7p_7SYIokJrEU_9l'),(781,42,'1wTGcwXR4vgJ-DDJLuocJm1BRUvTddw5g'),(782,42,'10lgnAlfyA3Kd1YRLr9yFpiyDFZ-K6_Wl'),(783,42,'1sNkTKHTf4BLjMFWAAJweaEN-k5-29c0i'),(784,42,'130yNal6Yaunvbf1lmEcNfryd03yRl3ZS'),(785,42,'10grA9kxrHjP9mwgrery5liFNveWoIvDc'),(786,42,'1XUVUuMMU2p2Yyn8GuzD_C8GYrU-UUlhy'),(787,42,'1shMjjMFbq4bZ5MAxEcvUeZQd1uMewJE0'),(788,42,'1HNSajVdSh6ZRoIQuBDQAn2956LTRYkJc'),(789,42,'1fwpLTC9Qkk9B0ee0gEXvToEoCI-1rWSt'),(790,42,'1tauHmbBg_XAiaMRVOKiFzjhZOhC1C_uw'),(791,42,'1wcuJkhKlDNcw1Eo2N1If8UOBCJAmUiAb'),(792,42,'1bBwyWjUyGTNcMvzm4Z-PFLP-xSpU8bLq'),(793,42,'1Jcxk91jVas2dXdBxJ6gsD-mw_esQaK6s'),(794,42,'1xp8oA-Y6FHZejmwvaqtkOvRKedgS6kn2'),(795,42,'1B3FXlkCnfnrdVJfG9Rj2uchmTj4sLYKs'),(796,42,'1bOOZKrc4E9Y2ARlZR3oxBDfVGvxgOGM5'),(797,42,'1DYNee44IvcY1Gw5Tqs1QBFlJ1CTjJ9Hg'),(798,42,'16hIIvrxuaPcyT8ioEuVkvIAhzLqYHOWn'),(799,42,'1wKYkGxdRmIAMhfPpAOM6Pms0DOxaaOyT'),(800,42,'19HtHme0qITzdy5maS-9j616Oza719_9U'),(801,42,'1ApWQU7UA1pKTe_MREbuE4u_Gf_xX3_3I'),(802,42,'1rSGqxgKXb861HdOmB00gZ7c-jGWgr_xT'),(803,42,'1kMF7TdRqyBpL5b9QJSDAyuL6UelW1mEq'),(804,42,'1IS4LMQMSuoHYkZmXXzMez6HQjKqk0eEc'),(805,42,'1ZrY_it8Xm25oVqVY5jyjM1xmD4So8jVd'),(806,42,'1Pvz_JufcOBkmuRBGP3sEvKlFaK6YH_bP'),(807,42,'1x1u_de-ReHg6gyyeNRcz_bu_c6l2e7Ij'),(808,42,'1ksz5YEbY3wDDjrhG1wRl0bTrcsemsglb'),(809,42,'1Gp3a-jCB6Lf1EinK6x-JmJCZcUD1FtFC'),(810,42,'1RbmemIGicYikOQPz5tNIgJUcpSibpTqh'),(811,42,'1MJpM61fP9mx1tt4JWyDZg34-h0an0ECl'),(812,42,'1zmvmu7IcsPtN4B2h9Sg3-vdwb_Kj9rjG'),(813,42,'1gBETJSwC4G1MDUIid-QTKTfg8kPFfHWG'),(814,42,'12fOCAjiv46U-QqGWdcE-1oAN6D6jiESQ'),(815,42,'1pvIKFghjUWICXPnoLfzxjj62uvhtKh0P'),(816,42,'1NI7OfH3hYqgeCoYJ9JgaiAacM-zMppfh'),(817,42,'1M6OI_gIcmNJ7sGeUwyZTB6PV6Gc3_cjc'),(818,42,'151BGAftMWiNZc46ABGSjLt2lpvQTHlok'),(819,42,'1ZdfXpcEQLuHW94C8mZoJHlu19qlPqmOk'),(820,42,'1lSicLe98CFqPn0UWQcsElLhmAv4ShocA'),(821,42,'1DPodT9UP5IVtoyMxq-tuDloBih5T-D7m'),(822,42,'1jHnBvCSk2FBk_uzXR0axm2Gc4dR0O14t'),(823,42,'1Xx3edyn6hXo7tZr3OoQw-1nYnmA5hoWo'),(824,42,'1INkMIHNT8HFAb8pDOaIGR37qQM0acRI3'),(825,42,'1BnT3Uu3sjQnyMlOcxZIQqcmnEltDrhye'),(826,42,'1aHUFz7wm4USYmVlHe-D3kF7-on0bSwvy'),(827,42,'1SZLSawiYv3pDxUByA2VEGEr3xSDiNZt-'),(828,42,'1g-lJDx-czTOpzxeMWRBxVg3bQaytxFV9'),(829,42,'1UBT5BXKkFpBDLk14d0Vmrp4B2j9cknhP'),(830,42,'1ZfP_T9bdX5bWUzLjN1Tokch7L3Da46Nf'),(831,42,'1_HsJ1UtxykOiHLY81vlprIUAhdFR6WlG'),(832,42,'1k5aJZfjiKMD5Mxfe6bT_Py9qJGZSNKf1'),(833,42,'1grDe8r74xN6iLzwDZGoi9yGTgHigHOso'),(834,42,'1GpEZb3ssutELJlKcSaOype1eQNvHmu27'),(835,42,'1rV1h47zolm6n-I3GSC8P5PV4WU9L3zo-'),(836,42,'1kcJmUZPOIu-FNczOZgfEIri-6DBP234_'),(837,42,'1yL-p9gxsr0DXj7VCwgrh-mUCqQNU8YY4'),(838,42,'1PFUnCdt8_kuZCKvH6gCQ8_sYUTMmbjkP'),(839,42,'11j3PLn3ffzsgZgGUG9SuL-IlWnsAhx0L'),(840,42,'1dYp2Pge1oSf-AfiRx4NPpRPmCaXdq-ch'),(841,42,'1VOPBcExp-Z4dDrVWGMCRy0cEe7HlJiuu'),(842,42,'1MIosCSjn-vk-nPeNTDz8fj9glZq258Lh'),(843,42,'1x1Tj9PHMOkDhUAKLa20-XsUv6lnzKScg'),(844,42,'1762vaDAYurFjpmBUlrSBQ-dz2Bmzr0rB'),(845,42,'1Il_dYY1GV7hQA7h_XXYv7R8IyP5glcvj'),(846,42,'12rSLxllm19xSbAj9GAJGmhRbYP7Csk1a'),(847,42,'158Q4VFJuGN8Mml77znrUZxAtUrhHeohf'),(848,42,'1N2w8nqhCpPE2HiHv315RwZMIQ25hkE-B'),(849,42,'1q5Rn2d9bzDRQ_CsHeoX30FokN7d79AVu'),(850,42,'1f14EsjtLIbeCQxew347eIupBONo9iJ15'),(851,42,'1Ze9NrOtO3migkg_DP0UBw_7fzfT2zmVe'),(852,42,'1Ll1gxBe-r_Ri9kjpj00YXsZM5RVoFMB0'),(853,42,'1stRVr8i1z3qoxHkIb8BiFMwKhQ1FuwBI'),(854,42,'1OYICWqHcl_ysPm_0xBSSX-yex2wv5OfG'),(855,42,'1n2bf3b4wkcy2MUy23ixttGcHqDPMSJyR'),(856,42,'1fBTLQGxUbCVk5JNpu7oKx4f-z0Wy-ic2'),(857,42,'16LKcqtYQRDirytDFOBwr7-QJl4mZDJv0'),(858,42,'1V-pot7VxLTOaBsDrH95lg48Pb4wRTgZd'),(859,42,'1Gl17F63aMMoXKfnmISNnmpUILfMi07Pg'),(860,42,'1ibM7moUtxhemjuvKjhtIv7BnjwJleeE3'),(861,42,'1IS-VCuENW5QS70Z82nOiHDVwxHLmc_bf'),(862,42,'102BNoEMsE6tP5ZfZaFqzpGy1GAt4GoyG'),(863,42,'13jbRNV72v3hSHie3GY3DLmH6YAirYqC-'),(864,42,'1vodsETGlNPIX2eFInEfL_oA66oG1QoFF'),(865,42,'1BBLzg-tlzuoZ6GKv6ZUXwPHHuBbnYcQz'),(866,42,'14cGg6de7hW5oB5qyeBsgtypf8t-8QLAj'),(867,42,'1TaS-GAb0YwgC3L2M_9-RlIFfH3khrmJ5'),(868,42,'1vN0Imix_gqm5545NRaatMcXZ0dNJoquh'),(869,42,'1J_A9McxS46Zai2RaFfyShhh_JmEzM_ce'),(870,42,'1zMwGYcNEKMuo9j6UJOw4ubPWi-D40mDn'),(871,42,'1Zgf8Sinddwj1DVZnKDGb_pfC_JEufhGD'),(872,42,'1sVFbnHpqEnkHXmnxonFycni82vODKpjU'),(873,42,'1R1rpwJT_x7AjQinhQo2llpRuKyx2gXbz'),(874,42,'1h6DY0HYeBdy2ktq9qUAzd8pLwYdKLJzX'),(875,42,'1_vg5pUfFLTciLOC8htwXpsxOYlFcwr_V'),(876,42,'183_odXXOfLwad7DmhR9LCiO8WtSVkhGc'),(877,42,'1dJU4mmqF7zLnpuCj52x07m4BwTswdsvo'),(878,42,'1bnZrw9p7KXmxtMThORNXf3JxrlNXsagB'),(879,42,'1eLn2DXloUgO4XL5LH9fPCf4PFQnitEbT'),(880,42,'1I-6Mf4AhCybL2KgVZAVIhjw6CHLdkAMS'),(881,42,'1cXuJVmZTbmKR_or66O_CL5VITHcTKpRd'),(882,42,'1KdoEADCBpR_ztXZ1hOb2OPGA9H-9Vvw8'),(883,42,'101kpF2gtLB0-Hdo7Py0JtwfgNrBItLRs'),(884,42,'1U1KXjFwy9E4qDRiRIX3ZUbY6Lv5ccePm'),(885,42,'1GkrQoiJC_zvdJRslDutv4ghW8kA0RCt8'),(886,42,'1N2DyT7dQ_HW9GhkfL_ui4tGKZRfIpQup'),(887,42,'18XmGnXt-Vq9MkoweFo7n7KJ00IUylKDe'),(888,42,'1qsQPBs4hphJ7zCMVbPPqt-Uz89_Cjdx4'),(889,42,'1wSFvzaf0dCORr8LXXHVdCYKh3w-KRrot'),(890,42,'1eSxOgm47JukerhuBvmTC7NwOLqMJye-M'),(891,42,'1Qij-pswoghX85ttfaRhLekbEpfUFPWDW'),(892,42,'1R2bf-ZEf1xfru7tGUX9bEjUC9Me87qJf'),(893,42,'11VKoJYKbQQ3-DU9Q423Rst8qDwFizeR_'),(894,42,'1gZNMYhph1n1HJE-FNH7VIUXbWaDXYnFi'),(895,42,'1aQx-G7G9-65wVnivajDDrB7aACAlPOV3'),(896,42,'1xrKfQC327X2YXdZ37LZJ3hyumCF-XBzI'),(897,42,'1Ick8UnnWPZE7jgoPm8oCKVI4JfFv-DOg'),(898,42,'11q-1YM4u2c1jm7y_Hbvq9Cp0vxq7EAEa'),(899,42,'1v_HDOXXZmxErlKsX5uUaIrUebNVZptGn'),(900,42,'1OStLolsKqN0IVpSyvG_N3xGbTaQOX6ww'),(901,42,'1XK0M14DLb4y7vXDdMLLgji_u-sn_f1Jt'),(902,42,'1oezptbzdWDdUZCtXcVK27KTd3-wN6ttg'),(903,42,'1VkI_LuEkjJyvPgzsuzITN3EdExru16Y-'),(904,42,'14xr2DJPIBcQlXdgE18w52xga2HH_oNgK'),(905,42,'1gL0Gc7-1-M5VM-3DxxsdblkjC1j6b2Qv'),(906,42,'1dwZgRUeej9PJiCCe4vStE01gtsI7mDPe'),(907,42,'1xULXfjo7hrCbU9YJm8-Z0EZV0ZMP3Bdo'),(908,42,'1q1TY50C70GZbyW-eKt1LUwAcQ2TimWua'),(909,42,'1qvwq58-Ho3rkldTlldSDqpWmZLUSmdcf'),(910,42,'1truqkIufwLnL1kiL4kkSZFH7VW9CJLZH'),(911,42,'1wTkwpzndvKH_GDml8KLZXXaiiIguPViu'),(912,42,'1HIjJm74wERIabMHToWW2m77cX0VVQCsi'),(913,42,'1RdADIrMSnhc8IkMpuLItnTDwk8phefAR'),(914,42,'1oa1837uU2wMjP7yEGLMcSYqoPZtejzfi'),(915,42,'1vHU0Snd154EW5fzgal402nLYBELlqJIc'),(916,42,'1ujlhBE7XsI9l9sDYOaqkxMkk5kxsrQ8F'),(917,42,'1Fm0kl5l9hUHIbHdEDx2ydfIVWytsguOv'),(918,42,'1cu_VLgcf83TAcN7lkM73l1Rrt5-HK7Nd'),(919,42,'1I7sCXmVPRRVRyt_v23gFuxok7a6y7CSG'),(920,42,'1TBL-RAkFaZNGZ2xCHhLO93Y4V-MiROqQ'),(921,42,'1P1uxzqDBTwqF87gcf_PIMiF2FghS294_'),(922,42,'1HMgCcKeBxh89Rfb7KzyqPTOBhxZ45pix'),(923,42,'1BVorX1c5lw1pvfs3nVCtRygLBBccn0MG'),(924,42,'1q4-_T4VJVIzHCVehQtz7YcpxgCLgeASJ'),(925,42,'1bqXRzNwe5eTqmAyypaFF5Ml96ev3qYqW'),(926,42,'1UThuOkPW5ygQSdVK9-aKfRnFH8ou2r6R'),(927,42,'1AWpzDtdbgXaoxW-f4xZd12E7S2S4D6J3'),(928,42,'1ZmkV4oOkUnFmwgTUDnHZuuu37B0pLlqR'),(929,42,'1218KQkGzEcL1NyPQQcF9CdcpMnnqQ-nk'),(930,42,'11JSzrUqLUHqtaZ9aWNSfhL01HDMWVRMZ'),(931,42,'1SYC6GB73aqSpijZCwwqXSbN30a5NkUiQ'),(932,42,'1d9pKB_EcueJ-GVL2Tlxr1vteQutEiVQK'),(933,42,'1E4_yqAGuXWKoYx3y9Gr4-RvLpetqjwJl'),(934,42,'15fG51rwOurxTKHN-vvYrm3CbCa6DaviT'),(935,42,'1MVk6vcNWRaqPd52yY963KfJ7o4afkuj1'),(936,42,'1wqLrBkyHHZK2Pk7k84uF4R67nNmgwg-F'),(937,42,'1M6WtJyjjOTTIA5B3Gt4IstjEoXJKKAT_'),(938,42,'14kS6qoPn5n9DgWCQxlfxYi4mOQnz1Re5'),(939,42,'1X8wy3hRsT7xwop9ROvb4nw49Hm_n_gi2');
/*!40000 ALTER TABLE `episodes` ENABLE KEYS */;
UNLOCK TABLES;

--
-- Table structure for table `highlight_videos`
--

DROP TABLE IF EXISTS `highlight_videos`;
/*!40101 SET @saved_cs_client     = @@character_set_client */;
/*!40101 SET character_set_client = utf8 */;
CREATE TABLE `highlight_videos` (
  `video_id` int(100) NOT NULL,
  `video_name` varchar(100) NOT NULL,
  `video_file` varchar(255) NOT NULL,
  PRIMARY KEY (`video_id`)
) ENGINE=InnoDB DEFAULT CHARSET=utf8mb4 COLLATE=utf8mb4_general_ci;
/*!40101 SET character_set_client = @saved_cs_client */;

--
-- Dumping data for table `highlight_videos`
--

LOCK TABLES `highlight_videos` WRITE;
/*!40000 ALTER TABLE `highlight_videos` DISABLE KEYS */;
INSERT INTO `highlight_videos` VALUES (1,'Highlight Video','Highlight Video.mp4');
/*!40000 ALTER TABLE `highlight_videos` ENABLE KEYS */;
UNLOCK TABLES;

--
-- Table structure for table `slider`
--

DROP TABLE IF EXISTS `slider`;
/*!40101 SET @saved_cs_client     = @@character_set_client */;
/*!40101 SET character_set_client = utf8 */;
CREATE TABLE `slider` (
  `id` int(11) NOT NULL AUTO_INCREMENT,
  `anime_id` int(11) NOT NULL,
  `slider_image` varchar(255) NOT NULL,
  `episodes` int(11) NOT NULL,
  PRIMARY KEY (`id`),
  KEY `anime_id` (`anime_id`),
  CONSTRAINT `slider_ibfk_1` FOREIGN KEY (`anime_id`) REFERENCES `anime` (`anime_id`)
) ENGINE=InnoDB AUTO_INCREMENT=12 DEFAULT CHARSET=utf8mb4 COLLATE=utf8mb4_general_ci;
/*!40101 SET character_set_client = @saved_cs_client */;

--
-- Dumping data for table `slider`
--

LOCK TABLES `slider` WRITE;
/*!40000 ALTER TABLE `slider` DISABLE KEYS */;
INSERT INTO `slider` VALUES (5,8,'chainsaw man.jpeg',0),(6,13,'KaijuNo8-UW-LTR.jpeg',0),(7,12,'one piece.jpg',0),(8,9,'demon slayer.jpg',0),(9,16,'blue lock s2.jpeg',0),(10,17,'sword art online.png',0),(11,6,'bleach uw.jpg',0);
/*!40000 ALTER TABLE `slider` ENABLE KEYS */;
UNLOCK TABLES;

--
-- Table structure for table `users`
--

DROP TABLE IF EXISTS `users`;
/*!40101 SET @saved_cs_client     = @@character_set_client */;
/*!40101 SET character_set_client = utf8 */;
CREATE TABLE `users` (
  `user_id` int(5) NOT NULL AUTO_INCREMENT,
  `username` varchar(50) NOT NULL,
  `email` varchar(50) NOT NULL,
  `password` varchar(20) NOT NULL,
  PRIMARY KEY (`user_id`)
) ENGINE=InnoDB AUTO_INCREMENT=3 DEFAULT CHARSET=utf8mb4 COLLATE=utf8mb4_general_ci;
/*!40101 SET character_set_client = @saved_cs_client */;

--
-- Dumping data for table `users`
--

LOCK TABLES `users` WRITE;
/*!40000 ALTER TABLE `users` DISABLE KEYS */;
INSERT INTO `users` VALUES (1,'bhavin','opbhavin21@gmail.com','bhavin2109'),(2,'heet','heetvelani@gmail.com','heet');
/*!40000 ALTER TABLE `users` ENABLE KEYS */;
UNLOCK TABLES;
/*!40103 SET TIME_ZONE=@OLD_TIME_ZONE */;

/*!40101 SET SQL_MODE=@OLD_SQL_MODE */;
/*!40014 SET FOREIGN_KEY_CHECKS=@OLD_FOREIGN_KEY_CHECKS */;
/*!40014 SET UNIQUE_CHECKS=@OLD_UNIQUE_CHECKS */;
/*!40101 SET CHARACTER_SET_CLIENT=@OLD_CHARACTER_SET_CLIENT */;
/*!40101 SET CHARACTER_SET_RESULTS=@OLD_CHARACTER_SET_RESULTS */;
/*!40101 SET COLLATION_CONNECTION=@OLD_COLLATION_CONNECTION */;
/*!40111 SET SQL_NOTES=@OLD_SQL_NOTES */;

-- Dump completed on 2025-02-17 14:49:01
