-- MariaDB dump 10.19  Distrib 10.4.32-MariaDB, for Win64 (AMD64)
--
-- Host: localhost    Database: anime_site
-- ------------------------------------------------------
-- Server version	10.4.32-MariaDB

/*!40101 SET @OLD_CHARACTER_SET_CLIENT=@@CHARACTER_SET_CLIENT */;
/*!40101 SET @OLD_CHARACTER_SET_RESULTS=@@CHARACTER_SET_RESULTS */;
/*!40101 SET @OLD_COLLATION_CONNECTION=@@COLLATION_CONNECTION */;
/*!40101 SET NAMES utf8mb4 */;
/*!40103 SET @OLD_TIME_ZONE=@@TIME_ZONE */;
/*!40103 SET TIME_ZONE='+00:00' */;
/*!40014 SET @OLD_UNIQUE_CHECKS=@@UNIQUE_CHECKS, UNIQUE_CHECKS=0 */;
/*!40014 SET @OLD_FOREIGN_KEY_CHECKS=@@FOREIGN_KEY_CHECKS, FOREIGN_KEY_CHECKS=0 */;
/*!40101 SET @OLD_SQL_MODE=@@SQL_MODE, SQL_MODE='NO_AUTO_VALUE_ON_ZERO' */;
/*!40111 SET @OLD_SQL_NOTES=@@SQL_NOTES, SQL_NOTES=0 */;

--
-- Table structure for table `anime`
--

DROP TABLE IF EXISTS `anime`;
/*!40101 SET @saved_cs_client     = @@character_set_client */;
/*!40101 SET character_set_client = utf8 */;
CREATE TABLE `anime` (
  `anime_id` int(100) NOT NULL AUTO_INCREMENT,
  `anime_name` varchar(255) NOT NULL,
  `anime_image` varchar(255) NOT NULL,
  `anime_type` varchar(100) NOT NULL,
  `genre` varchar(100) NOT NULL,
  PRIMARY KEY (`anime_id`)
) ENGINE=InnoDB AUTO_INCREMENT=45 DEFAULT CHARSET=utf8mb4 COLLATE=utf8mb4_general_ci;
/*!40101 SET character_set_client = @saved_cs_client */;

--
-- Dumping data for table `anime`
--

LOCK TABLES `anime` WRITE;
/*!40000 ALTER TABLE `anime` DISABLE KEYS */;
INSERT INTO `anime` VALUES (1,'Dan Da Dan','Dan Da Dan - S01.jpg','TV','Action'),(2,'Your Name','your name.jpg','Movie','Fantasy'),(3,'Wind Breaker','Wind Breaker - S01.jpeg','TV','Action'),(4,'I want to Eat Your Pancreas','i want to eat your pancreas.jpg','Movie','Romance'),(5,'Black Clover','Black Clover.jpeg','TV','Fantasy'),(6,'Bleach','Bleach.jpeg','TV','Shonen'),(7,'Jujutsu Kaisen','Jujutsu Kaisen - S01.jpeg','TV','Action'),(8,'Chainsaw Man','Chainsaw Man - S01.jpeg','TV','Action'),(9,'Demon Slayer: Kimetsu no Yaiba','Demon Slayer - Kimetsu no Yaiba.jpg','TV','Action'),(10,'Steins Gate','steins gate.jpg','TV','Isekai'),(12,'One Piece','OnePiece.jpg','TV','Adventure'),(13,'Kaiju No.8','kaiju no.8.jpg','TV','Action'),(14,'Tokyo Revengers','Tokyo Revengers - S01.jpeg','TV','Action'),(15,'Spy X Family','Spy x Family - S01.jpeg','TV','Comedy'),(16,'Blue Lock','blue lock.jpg','TV','Sports'),(17,'Sword Art Online','sword art online.jpg','TV','Isekai'),(18,'Uzumaki: Spiral into Horror','uzumaki.jpg','TV','Seinen'),(19,'Attack on Titan','attack on titan.jpg','TV','Action'),(20,'Weathering With You','weathering with you.jpg','Movie','Romance'),(21,'A Silent Voice','a silent voice.jpg','Movie','Drama'),(22,'Solo Leveling','solo leveling.png','TV','Action'),(23,'Solo Leveling Season 2: Arise from the Shadow','solo leveling s2.jpg','TV','Action'),(24,'Tokyo Ghoul','tokyo ghoul.jpg','TV','Seinen'),(25,'Tokyo Ghoul √A','tokyo ghoul a.jpg','TV','Seinen'),(26,'Tokyo Ghoul:re','tokyo ghoul re.jpg','TV','Seinen'),(27,'Tokyo Ghoul:re Part - 2','tokyo ghoul re part - 2.jpg','TV','Seinen'),(28,'The Garden of Words','the garden of words.jpg','Movie','Romance'),(29,'Pluto','pluto.jpg','ONA','Psychological'),(30,'Jujutsu Kaisen 2nd Season','jujutsu kaisen s2.png','TV','Action'),(31,'Jujutsu Kaisen 0 Movie','jujutsu kaisen 0 movie.jpg','Movie','Action'),(32,'Devilman: Crybaby','devilman crybaby.jpg','ONA','Action'),(33,'Suzume','suzume.jpg','Movie','Fantasy'),(34,'Into the Forest of Fireflies Light','Into the Forest of Fireflies Light.jpg','Movie','Romance'),(35,'Frieren Beyond Journeys End','frieren beyond journeys end.jpg','TV','Adventure'),(36,'Akira','akira.jpg','Movie','Action'),(37,'Whisper of the Heart','Whisper of the Heart.jpg','Movie','Romance'),(38,'Horimiya','horimiya.jpg','TV','Romance'),(39,'Horimiya: The Missing Pieces','Horimiya The Missing Pieces.png','TV','Romance'),(40,'Sakomoto Days','sakomoto days.jpg','TV','Action'),(41,'Naruto','naruto.jpg','TV','Shounen'),(42,'Naruto Shippuden','naruto shippuden.jpg','TV','Shounen'),(43,'Boruto: Naruto Next Generations','boruto.jpg','TV','Shounen'),(44,'The Last: Naruto the Movie','the last - naruto the movie.jpg','Movie','Shounen');
/*!40000 ALTER TABLE `anime` ENABLE KEYS */;
UNLOCK TABLES;

--
-- Table structure for table `episodes`
--

DROP TABLE IF EXISTS `episodes`;
/*!40101 SET @saved_cs_client     = @@character_set_client */;
/*!40101 SET character_set_client = utf8 */;
CREATE TABLE `episodes` (
  `episode_id` int(11) NOT NULL AUTO_INCREMENT,
  `anime_id` int(11) NOT NULL,
  `episode_url` text DEFAULT NULL,
  PRIMARY KEY (`episode_id`),
  KEY `anime_id` (`anime_id`),
  CONSTRAINT `episodes_ibfk_1` FOREIGN KEY (`anime_id`) REFERENCES `anime` (`anime_id`) ON DELETE CASCADE ON UPDATE CASCADE
) ENGINE=InnoDB AUTO_INCREMENT=2242 DEFAULT CHARSET=utf8mb4 COLLATE=utf8mb4_general_ci;
/*!40101 SET character_set_client = @saved_cs_client */;

--
-- Dumping data for table `episodes`
--

LOCK TABLES `episodes` WRITE;
/*!40000 ALTER TABLE `episodes` DISABLE KEYS */;
INSERT INTO `episodes` VALUES (1,1,'1F4dqEkBzLHLCLyJXP9Np4bMzCxiGIodp'),(2,2,'1tGLRB6bYN8sJe2oem0tKit24kppkrgfd'),(3,1,'1_WM3WpR1QnoaInbqWrxKFWCCMICn60W'),(4,1,'https://drive.google.com/file/d/1_vUBeginIma8ikmQ-0-ET5wy8DUjqHql/view?usp=drive_link'),(5,1,'https://drive.google.com/file/d/1JvQv_3I4vECDSpbYcv-PQOvh8cOKtTW7/view?usp=drive_link'),(6,3,'https://drive.google.com/file/d/10BVzRHX6nqoca_HWxFiEOLTFcdGVP9_U/view?usp=drive_link'),(7,3,'https://drive.google.com/file/d/11nbVe7-BG_NjL7vy6PptnZLA8EKEV7Sg/view?usp=drive_link'),(8,1,'https://drive.google.com/file/d/1agG_LyhCPpV16jvJ2cQKyu2twNbEdXtl/view?usp=drive_link'),(9,1,'https://drive.google.com/file/d/1faLDf63QwN2hbmScFW2Q1IXu7BLkHFU7/view?usp=drive_link'),(10,1,'https://drive.google.com/file/d/1TQq85Zz6bq-3Y_d3vHOqWj6f9JAtV6pt/view?usp=drive_link'),(11,1,'https://drive.google.com/file/d/17pIDcFg-5XUqZQ5HI8PTl70hzT-5CTdp/view?usp=drive_link'),(12,1,'https://drive.google.com/file/d/1kh8nQtRS5BdmzTgUrdEx8Wy148sUN8si/view?usp=drive_link'),(13,1,'1XWfgC6kwaLGO-wqbuL0PWZre0-M3KTy3'),(14,1,'1Z8OHWKK7lnfS8ZAZ70kCDfLzUKnu5pOz'),(15,1,'1qxp8kNM3O_buJEGy6w-25uFG9ZlLbuOZ'),(16,4,'16581f-XHkRy8Y4R4TFd4ZXtEbPPdJup4'),(17,5,'17-Lv_cY9MSrMK098AXgRNCLbP7KM2fJw'),(18,6,'12N8KdEiVdkI6vgJ_yeJ-utl1IhE5IsLf'),(19,12,'1nqcISCX9jjsd6ihKR_Ux6fJ2VQO-8ZqE'),(20,12,'1_EACuxrz8fl6JnbdNCAysfzCXdNJ44Ts'),(21,21,'1JVk2Ik4NAxBG6zsq2UIiAo94FkkFAXO0'),(22,36,'1zbdAvNsVQtcXF97KUBr0hF8AIIfk1UwU'),(23,34,'1EY4rfdxpqRTPzKeSGzOn4emRqdxPH68u'),(24,20,'121DyPKPudza_L7yqUWiV6NwuNtXlOj8p'),(25,37,'1EGKpVV_fWyGOk4k1nJtOyhIvN1Czm7bi'),(26,19,'1qmTP-goVjiHMMicHpGUunI5_7A90_E6q'),(27,19,'1_xwVkh6wjYQXFPE-z-BRRZXAQoHtcT1Y'),(28,19,'13KBHqyF6PJp0zaazkq_zD4qEreeOwW_a'),(29,19,'1Blu5jUlG-Unghwa5piUZbKo7s8gzxipa'),(30,19,'1AJarCYvfLTrBPh731lp4uEDk3ppd11Fj'),(31,19,'1tST5mHCMi8xrA_viiDZFAILXz7FSDVy0'),(32,19,'1zMpXNd_Mqvc4PNUIlSJlQJ8_ExCvcGwY'),(33,19,'1aI8lZ7tSFQ4KKib9nNNdSShP9AWG6rox'),(34,19,'1Rxz1_JNY9xrG6_vdnfPpPKm0n4OKkpJQ'),(35,19,'1ERuYGrsrXpeOPHLFhBdrw_fvcpvoA_XC'),(36,19,'1loWyaO7_pOi6t-GEtNvdYJgkiAxDSy00'),(37,19,'1ErhqHL7s5vc1IdZbJGR0qOwdlDMt2Dex'),(38,19,'1_0WlQ7EbB4BE3FbNSuKv7Ix4pKjezG_n'),(39,19,'1sskEHBfZze15C1WcVt9Vv09DscriYxJF'),(40,19,'1-_q2Snr7KG08tlN4MfoKw1eMEWEJA7At'),(41,19,'1xTZYSgvEOysg3mDZQCQeCBLilvFNXO_U'),(42,19,'1675G6I37Av-AC-36dgArsiB4B3JuqQWh'),(43,19,'1ZO1JwbkQyjZm8GzD12go9nFzp6qHmiXS'),(44,19,'1YA1QuHknW-t5BQw3jUpvYRVVDZflAH4e'),(45,19,'1_e5e1FQjBp4DpU0Katx0yDcJgi-LR_HC'),(46,19,'1mg9CtkbaAglv9TP5B9xlgXjhGqcmrQex'),(47,19,'1cut3BdxSgOEXRPRnhVSZ8tDG3Lltrm_E'),(48,19,'11Eb-adSargNjm3S6nFztBujg8Whijdqt'),(49,19,'10hxssO4i16omnINXiJJHVuBzed08tzpF'),(50,19,'1mpxkXuYsWBRFItclGfzSckmROlGyxnjB'),(51,5,'1ls-K84qsPJynLQZsx0MUgRuF9Q66gXvf'),(52,5,'1iddJ4pET5FubrLE7tvBHg3UFvQK3eu6G'),(53,5,'1TwZTTbaAHRGN_Ad2bCqe1XctSN4GvjgN'),(54,5,'1TXMgfDke795bKSgt2DmDRDggBK8gDrNP'),(55,5,'1cTQh5NLXk-7ipp-RYXRVXKZmw-_8Hgzo'),(56,5,'1mcTbJF6IFEFBzAUOZM4mwVfM1V7Rtr4E'),(57,5,'1rING5J00WqOtDBFP4F8gdPgEZB_wHfek'),(58,5,'1i5DDO4DAchk7QHRrkl6OU1oiFBbTSOqT'),(59,5,'1mPa_QKBsyBayQOZ72xpIWpXSgoH2c-q1'),(60,5,'1ynt90JnFPrLnkErabF4m8hZEndj2dTzH'),(61,5,'1dQRk-ebOytKMQ4R0gDPhkeaiV4-y0fx0'),(62,5,'1MV6htIw_838Hn6f556AYCw0pIEAR-2cF'),(63,5,'1kP7L7naU92iSYVTt7FliDOC4Guewjns1'),(64,5,'11d_T34YJe4ladnWk82KWMDUWvfydlc-7'),(65,5,'1CgePmerLYFwzZpwyPY1Yg1FbO7HW58ee'),(66,5,'15RENOxnoMVuwHAWujR8q2G67efVq4aWJ'),(67,5,'1X8GGQ9Dc7UcAYjZ7pPfT9zVpMElxT3Cv'),(68,5,'1jyJGYVoSGGvfLTvw5-jhsqQT7CCqlTwC'),(69,5,'1kG7b-IAuJa-4QxxTh5sP9rGEkCMIAh7q'),(70,5,'14icdxPQSmyBP8XNoUBVq8dzUDUM_QqYG'),(71,5,'1Dekd9iHGdaESOMUYXlnRwnLHj8Q-hE1D'),(72,5,'12u_GrY8VDiwrMwlU0j1TwtqSkJoLCUzB'),(73,5,'1o47l00ooTHOFF-L14Z_oMSekCrOZqG0p'),(74,5,'1wvV2VApTxBbe5n0yHwX0D0ytlgzkKF4s'),(75,5,'1M4zyIfmpBiF0kVvb-9JTN08xzkCuJvGa'),(76,5,'19eLfbUWLGxIp0MSEKX_ZjeMBwztl-YSB'),(77,5,'1VlxfC3Nh3xIPuQ5Ju4t5fmuv17qKPz4d'),(78,5,'1mTnUwpwNT9tL-gE4EwlxsV8Z6dgbDxIu'),(79,5,'1dCtgqvALD5P4xuaNYExK7LW-R-M5WY33'),(80,5,'1sOpCAK091aGVV71ak2U5gFN6NoSJXfxL'),(81,5,'1ajHnzrPJaebzf_9b-gZnnO9wF_zkWUTu'),(82,5,'1AT2geKfvOamCm-XG8gEDr8DpA65pKOD_'),(83,5,'1FmogsWjPKMlNbGamM1TukVBX7mpnMfpB'),(84,5,'1SIeNJI9_MTLuDPWd0uspFukQ9vAyBaC9'),(85,5,'1AwPeQdXgduGn6GiQIUcsJPSHw7xiWalL'),(86,5,'1q4MCuGNIt8MrZMFTvtlZOOOQ9gS3PkbN'),(87,5,'1pEc9OPm5kOe3h33CokZ2KrfIax8d11L8'),(88,5,'13zuTL40wX2tPl9YdOom0N7WH5Lv6uqNF'),(89,5,'10E0WrfJvSz6lHLBkAlUl1WOfNMrJsC_i'),(90,5,'1uHCi354SwUz7QYRAIKf0_OWIHHIFJ9j8'),(91,5,'1LZZgIXMFf9xT-g4HJ5aVT35HUssi829E'),(92,5,'1j-ndE38yd5tzMqWesqkql-TLojoI8XjM'),(93,5,'1ZHm1lAYdrGAz6Pz0oQ-12vKl2BdK-in3'),(94,5,'15FTkBobe60rDWPX-5pYDOgzaD4-E7W8N'),(95,5,'1sMCkUVqmZq5AyBtqR8lC4hbBqs8uTNjS'),(96,5,'1urDKsbbsBHIXGquFDWWXtwa-iRHwiY55'),(97,5,'1tj2hop0LAOQ88eLDI0SjmBtLYLsofB_i'),(98,5,'1RZ0z-dsDOclyIqI1pV6lLo0Erhdm_Q5N'),(99,5,'1tQu3fL3uZiv3MytNEEuMe2CmzoF5rICC'),(100,5,'1symClQ3DJz4J9Cf7QafV20_Yrftsgcp0'),(101,5,'10e06y8F5z14ayTJt7pEAm9RpJAC7Gagf'),(102,5,'1-n5FeOhKnOjQdyG2JLYHFZHpx3fQWsHC'),(103,5,'1FgbB7DbqRZ6etn0nFWGn_6Ipl_HKDnqn'),(104,5,'1lbhXTXicBkyfjq1IArgIz7_VhspJvYbQ'),(105,5,'15rU4S50kqaObaJH-ozs8_IvNZdsXf4Qk'),(106,5,'15fTlMyo1aLZigYJA1qGAPuhQ9NoAB2QW'),(107,5,'1sn78vpWROFGBk1pOjNq1eg6uRFO5YVSi'),(108,5,'1p8jVwdAc_eS4lFa-bDrW8caFHzR-w7sO'),(109,5,'1vhAIE3tQsR04QZMPzAvInT3n8xfOoDXW'),(110,5,'1hEt0bGnNMvB6DSKUuvxw985305XDIorT'),(111,5,'17k0lIt-6NWvO5r-84XFt0TvrJytuJI2N'),(112,5,'1yf2Bl1XVVpSn-obWosEpkC-YCxbaj8y6'),(113,5,'188Ih31il1hpa7f1VSqgx2nz6T0gmxWw0'),(114,5,'1yuj4UT3LPcKUgDk9-UfSaC5Ta49Jw3jt'),(115,5,'1I9Km5v1gtIpVjLVWWaxReUlru9nihWaD'),(116,5,'1HqS0lAkj1NZzrgzHBp6CmSxR5QJBn0yk'),(117,5,'13WhNqQKw3CuEIlXRV-j7cdOitxgAzdCZ'),(118,5,'1XBQTiMZMaYalyKlUR-IjsbGYZcX2q1Qg'),(119,5,'16ZIlo1suIp7sD9ylgm9ujSy_33Ji8ziv'),(120,5,'1vC-VfHncSAZraliJeSS5wTGZKVVJ2vWI'),(121,5,'1NqDIKdBz4TUHqFjlyMCuok7-cVQ8xTkT'),(122,5,'1t_OMTQrdV0bA-wKycadri6q61ytJ4VFg'),(123,5,'1WGslxu7uAs1KXHQs9eWlT-5WIE_Z2Q_h'),(124,5,'1uQGrRD3wlqyuBXHJU7jCf3ESks6WC3jT'),(125,5,'1bEtGMDgTm7-k0FaNlD4ALIKdAy-w9sUA'),(126,5,'19I1eRvJmAzHZgFOBFKhu2p3ySZOY-1ZE'),(127,5,'15edB1wwnSLbaFrK-nEhVRw1fRwPYAtxq'),(128,5,'1ONGlAGIckU4-LB2TGMLztYlRbX4DEb25'),(129,5,'1ddjyHkYBuotrvkzmECFz6UAASZ84J78n'),(130,5,'1RA6URPpVaYwxkyeQcoa3RHNbTThOv4e6'),(131,5,'1z6mt_899MIWhl1S0XKLhSqrpIuGUHVL3'),(132,5,'1KmCs7-F6fDB8Byrh-rv42hQkNNwHW8Tg'),(133,5,'12_8BypF5wC2Uh6DD96d7KeKs9_fJKxn_'),(134,5,'19R7J0REzKpeR7PkHj8DhJjEq32Dm0jDl'),(135,5,'1yzVw8q-hXCN98IM_TAKJQO3OfeI_ssKF'),(136,5,'1YMe0wXjs_4-Ci7T4X9Z76N-PttN-HnbS'),(137,5,'1OuS7uPw1cuY8Us5OtQNoOWhSZStRqVN7'),(138,5,'1jskGznJbNT7d5bIf3HIpfIxZiAwKVg5i'),(139,5,'1YdlLIKQ8IoVbDsJFETbstVLGYoL6Uk8E'),(140,5,'1wkIHs7GjxXIYx2grQvA9wioCxrLVi7--'),(141,5,'1nZN-eSQ68GkHfDLn_bfrNHv1ZnvwM50l'),(142,5,'1H8SKwEVfnuspfdvk00RYJEBOtXu_qPpS'),(143,5,'1T3gTf5Anr1tYXRWwEXnD9Ky2o6KHGh-j'),(144,5,'1GbDEpaKt6sm8JtMbvjI0B0dq65IPz13s'),(145,5,'1txHC34ZXCbE3vCNS37vGINoUspMKraSi'),(146,5,'1WJ31gX8bSteefiTDkkOyRUep7wkCzyxl'),(147,5,'1oJbNz-aEGVhOTChgTW0eM7MW8VRDl5G_'),(148,5,'1eMXng5mQxgzmcR80NmYEKqWgunDQ7a3j'),(149,5,'13nc_6T7GWjzLVM13Vu13R5GltgSpzxQL'),(150,5,'1zMfi8HzMumraHzRA0oEO6-Mvy4tTD9E6'),(151,5,'1JyikUE3G8-6wJST0GbtX1pgIqIQwUhud'),(152,5,'1THaNb0QSUKSt_D7x3H99q_rfFqXuLaWF'),(153,5,'1w1njxyeX0dAFRxijLblQAMe3D87lQPEM'),(154,5,'1fdMH2p7OJG7cAHoqZHcjArCOEmfkqPm_'),(155,5,'1EJZV0pDCg_rRDw2PL1xngWd3_ctD_O9-'),(156,5,'1MDwz9SLq2l-sY9iMvUVvkcwb2pVsByDK'),(157,5,'1u7h4x2dU9h_XOge-mi0mwSrI3DQ4e8dX'),(158,5,'1znpfN89t2MBl7ZYta1412mRAu-9FpeUH'),(159,5,'1vUjfVm8nU5LgRTG86CvM57HvXf7SPwFe'),(160,5,'1Pd1E73WEf7_RIDeg7nmRfmmmU64BMvvo'),(161,5,'19RMpZ-lkmTDlCUJrNXFqA3xRE1haiX7-'),(162,5,'1RMeiEeXL5nBp-ioc-rwyeiTzXyKoMhIf'),(163,5,'1nwhLtJ1CsTJ42XC-OymgSQCLzIOXLBoH'),(164,5,'1Q5XMdHKwX78WciK-AtJco6XSqlttAEiw'),(165,5,'1oTrtUu74Gi7l3bE1o07PKuul-2kabyfy'),(166,5,'1kK86exva900G9mJtAS2t4wEjMO-zG0i_'),(167,5,'1RVEUVja5m3Z2uv9mOxbxtyaqN2ZqTi7p'),(168,5,'12KSrYrWPdWODIa5TNx42Ug-PmI-Ej7-3'),(169,5,'1ONVQGlG66bT4mme60LilcSq_-KjVpTwx'),(170,5,'1EF9JuGOnKZoS6HBqL8h0-MvyJ2tSKcz7'),(171,5,'1p63PlVCf0E4hLlAzU1re7CL7UUdWSBYW'),(172,5,'1RwdROxYNuEvAdo2NylxGBxagRA1D6X2-'),(173,5,'1aYkCPGhZeZX4CsPnTpAoBTL18IqBQAAH'),(174,5,'1IIELkjZvEXmkSq2ciXDq56ueDdnT8TxU'),(175,5,'1ebijay19MiiY3t_jtYy8VPkJhxQ7M5XT'),(176,5,'1-vFjdD9Wv14P2QmqGzcbA_b1Nb87x-mn'),(177,5,'1NUN7t5AOQV2l0nvOZFlnahd15Dg5vL4v'),(178,5,'1ct3uVYi6MBfMY8mqsXiO1CVOle7k2Bca'),(179,5,'1TDu1tsVYfWW8Kf_SHL8hjyN2m48wamuP'),(180,5,'1n4VsYNGo-66Bx133J3JGrqtIJgU1sk-c'),(181,5,'1JAt5TJ8XsxocxAO7m18EqNTGh-NvHIt1'),(182,5,'1thMaHAkwCoOjdBouu-VZevo_E847frMY'),(183,5,'1lz1g3U5ioRluZfJ5nkE853Tu61-ccmQf'),(184,5,'1IZGrBDsjWrdu3BcYdPml9rec6c_x9NxC'),(185,5,'1LLYJnZaIO5XsEVeZ7mqukIRqrnWGopth'),(186,5,'1BwUInVIXEgwmd5PGLn18PEJ3Y_7HW6gX'),(187,5,'1izPmEjxSUSZnK2SsuYTzEsgTDsl_X-VO'),(188,5,'1M6lDoASm04nCD2es0XhB3KIfYzM1w2hr'),(189,5,'14Q6cFtPUwfQtSVDn65PZ3Fbbpo19YTcX'),(190,5,'12lvP7xebkSXiUVL5Y_bqG4OfKb__NEIj'),(191,5,'1e1kf5nMMK22mv-fK2SxwqFsUyC8UOohI'),(192,5,'1Xd8iOlKBI6yhu3ktmIoy28NaBTi2EDzB'),(193,5,'1nLokhctBTWEf0MCdIcebDGHAYqYVyDqG'),(194,5,'1jLBAKbPo26sbTJmi0DGQ0vQ96uP-xooF'),(195,5,'1yyXqAjUVOKAU-b9fc6GrEu1ri0G-rXRD'),(196,5,'1djPPjpP7BA79R3sdkuuXVeR6X3VAiKZm'),(197,5,'1KUZ8hn5k9CxsxETAfxCN0-h-BWQg3gH1'),(198,5,'15PlP1YZvCH4ymUUgwA7RP9ZLERgtUHMh'),(199,5,'1qoUiytRZRgKjYamDATZ1vVwI9KnDzvZN'),(200,5,'1uPyS9sYUyDitvDPASHFryAzkICelIwNp'),(201,5,'1J_PFCqE6rz-QKTXDBz-F3JJQ11g1HyQr'),(202,5,'1nplyg_6NUlXQMjhx5T3UZPPPSVeMvzu_'),(203,5,'1TiZeePiF3vOyW96MaBCrFuFRRVbV4Be_'),(204,5,'108kk0LfIQ4aWevq21QueOCZZSSLFitiD'),(205,5,'1hmSqapvwdzHsd81oQ7QczRM_ociOvhQ_'),(206,5,'1gjNwJP2Ro8lXyxrl4VS7UWhjMKEBFv1u'),(207,5,'1rR_Q1rGGmNkuoDCF8V4ZVo3vTAzhYR6d'),(208,5,'19aKnnTTlwV0tUmQ2Zu0Z2RnKZWEQelcd'),(209,5,'1_qXkcZJV2bfAuD1RdiAF5GtmkNfIOuCA'),(210,5,'1mFswc99A90Errfykc_rYBkF_JUID_VMq'),(211,5,'1usO530oT4e8D2KZ_PMX6ikdQB9yWcQTU'),(212,5,'1pH7LbRVrI3MXm3x_6UbAyeF9p8RfdRGl'),(213,5,'1XYLqAaYnYU7z0nl2bpf-z48sGe_7hcLQ'),(214,5,'1_7XdvUMzq3_ZA38a_FhgNCfxCfNvhYTn'),(215,5,'1HrbTUKAMKrcxKz-VUnFWZmcqYzXEgvo0'),(216,5,'1DQVktk0cZdqBO0fUnpvZNQ1mZ25sYTJq'),(217,5,'19Z3tz95DLD1CsrPuEhCByImAkND9Kj4q'),(218,5,'1_Dii0wu-IIlG87zV78-MrGdBixo8Uj-4'),(219,5,'1ULeafKwbWq9-BsATsT5XRaeDPfUB0wEJ'),(220,41,'1-VMYxyk5KHh144z676vDGzEZmegAuSFk'),(221,41,'1WYna1WWItWL4Rq175tuSD-n2v8yN1eoV'),(222,41,'19oQSOSQNGg3HYTavFn4daoKJl3jX2OW8'),(223,41,'1r6C4Xp2M_h9o7rrQ7idJjDuFfHq9V6cq'),(224,41,'1i4R-OzeZvCYXPda7aT3889QfpYZImg-H'),(225,41,'1-9ZCMPgZFyebYtSS9UEThwpSQPWdNQvL'),(226,41,'1bExmFF95eMr9IqA_urBEfQJhDNDcQRX9'),(227,41,'1SwGU0L103TCb_gi40Glh_bTZNIydY_Ln'),(228,41,'1DC2rV_BiX_SoC8l8CGlNFSJS9ZcWmI3O'),(229,41,'1xNxRMZb6mvssX77_fUMlxM3BAdURyqjD'),(230,41,'1BusA8M10st1BcyInSfBG_bWyPnfWcxIp'),(231,41,'1YcajPvZSdp0DYHrWhpUhal-1kTmFkpat'),(232,41,'1PFwSbC3X_HdG8RCZ8WIlmuiIip-JXP2O'),(233,41,'1qhUePsPqrTrgOHhmhlghRvl9pw3TMY8P'),(234,41,'12OqgV3WYrCTMpByCGkCJ1Dr7MHMnQEYN'),(235,41,'1cEopYeJ1fjM444_HDcajSd9nVWZhsfXG'),(236,41,'1mI067vNg61Hx4GEK_pmqs0VXqIEo3PxA'),(237,41,'1JpOG9-ERhvvoMUORZD5AeOTPRoyAHWBn'),(238,41,'13q5zNVKOT_A6TItrg9t3m8oQaTpiR3LM'),(239,41,'1SnoHLl62Wg9jbQJvn0OmQHe5pnkP4sqU'),(240,41,'1I4Y3OrtDSOb2I4eaUNw7jrxzwAJa8YpQ'),(241,41,'1_wZ5Odgke90Wp2mVNiEWCHzt2taeft6Y'),(242,41,'10IKCngH8agl3d5R8ngraQtDNBsksgfiE'),(243,41,'1fI7Qs1rmk09aKHwktVOpGqpGkvpot2RQ'),(244,41,'1eRaalA-Gd8gK2MiCqXYcyRcoAvLpikez'),(245,41,'1FDy_o91VOcxq3jOKIy8rOWyPi6brNz3n'),(246,41,'1axYNFx_PwJ_iIaxa7fRwugm02C_hXFu3'),(247,41,'1U_SqIstRQU2zb1OzOCLKfTrdAxCYYcSE'),(248,41,'1yX2nUQ9GBRp9CZznkJCv42e2QfTIHn-s'),(249,41,'12It1C6Qa95tZGa3WOEWg2rqqtPKdcamj'),(250,41,'1scl_2evaVHIXmv0VaYDyaBPlIoK_HaRI'),(251,41,'1rA1OJqe87nhurkM1RJEfHk41ENbOHU__'),(252,41,'1FekxiXCVWBjcz41m7sCkoCOz77CIo68P'),(253,41,'1E0SPK2mAI3Ct1dqQTHmcSHSZ5EoP4Ii8'),(254,41,'1BZ3YkQcOwhCY7rQ27ihZ6g_5rGrSjWYm'),(255,41,'17XygEBHhT8I66mwEbOa606ra_lQ_VTVB'),(256,41,'1mI_dc4EwJzflX7pFoHTXvrdRGeh4KTm1'),(257,41,'1n0ZAhPJxF5Z_7Opwkipkl5R-oA0yOoJZ'),(258,41,'1TVTYpBHiPY35_zqapfSLNZl0s4AX6AoO'),(259,41,'1JSEacff4gBklPxRucGBf89zsd_U7c-eZ'),(260,41,'12O2SCH2g8frcM-vFXkrZVkbQG15veq6S'),(261,41,'1s4jKtQvu7Xic8FmPLmLVPVrcg9XPp3KC'),(262,41,'1y9BTblviQ21eLCQ9_7D_0ZiNikw_srXG'),(263,41,'1fvl50oa4RJsS-C39XxzIOJz4aWo2yK-1'),(264,41,'1u31I60xoM3zrAgO8EVVfewYjShevDN4U'),(265,41,'11Q1xlpLEHAKrapBSgJQ-5kQc9AuWrWFk'),(266,41,'1j4-t0Myl6NweLFB6RL7me14PtfgbfCEL'),(267,41,'1IYy6lxmss3r4LgEAPlaQwjshlIUvoAHP'),(268,41,'1UBIZK9RwVljIdvw4zOhimab7MQvStLmz'),(269,41,'1HdNNjmjXlWaMTmto-CM_VMPpsUsLHg_o'),(270,41,'1Rx64PJwVZRG42YFKIMOn-Ve9ROHvNmil'),(271,41,'1pw74CY20mDZW4AphKQEv5f2j8KuB3-ZL'),(272,41,'1yXxpevL_m6p30QNrKR6kyxlZhbLnZbCG'),(273,41,'1ylkmrM-atO6FFpQLyRJJNIwleoy-JPJn'),(274,41,'16z3tkkD7HElAg-HhQnxxItqdsq4bHlUI'),(275,41,'1YuAKCbUWPLly454Fhg4ncWN6gDaY07m0'),(276,41,'1GAX-_3IcQCzVxtjnOfknrkGNLCs74GSA'),(277,41,'1T9W2MNR29pn7jkyfM5PyrBOkjPynaSIo'),(278,41,'1bswkHAuHR6CU9dU0l1B3B0LBtHTi3Rk4'),(279,41,'1vTruUgVB8ThimIiGCRqbuucXMZkA6_78'),(280,41,'1a4vkbtqfRKqGA8NHmZPRxQNXbF5M6oqw'),(281,41,'1_Wml34J2YwjeZLkvxs6b9d8PzQf5sxvB'),(282,41,'1TZfStYB2j2nDZcUwRd1ZjBZREZQdz9SF'),(283,41,'19L8GyTPfAYv0XrCXOivBfXBA13zv-5yy'),(284,41,'12CTe-U7eh9CT0MUL9ANID4giPd_FT_Q7'),(285,41,'1Tr6WqKaB4rOFF4ieTVa2RE2DdS1-ZoRC'),(286,41,'1HPAILfrnG38VhwSiXUeIa5OLno_RP_LK'),(287,41,'1V4rLvioAgnHyClCVMB0rHEqAgyH6Pw04'),(288,41,'1aJPKDyPOXNzdHmdo_EkQZW3gAUT59uP4'),(289,41,'12lAzVSmMIY7tu9Q0yznV0ARDBgzGyv4v'),(290,41,'19Nk6V07dCQ2IScpLtah_sY_YR-pA6NOU'),(291,41,'1PffLmnU98WRvaxK0xAEotRMuJP4GGe0L'),(292,41,'1blvUXhhsy-AisKd0ovTCkpXVokE50QQL'),(293,41,'1LHsaOI6YOafk3QUHNgjClZ8gPA3MVXcv'),(294,41,'1U0XOoQoMOwEkbrAQ_VbDs6cbNjPVTE2g'),(295,41,'1HvfgZM7sbfI_qM00mkZ_PJVBu5tNSmMp'),(296,41,'1lAmc5_043bOw898Yed4f8QyoM6hYEqtq'),(297,41,'1wjFp1Y81qD1QBMaFgvpHUnvOsRrF429Y'),(298,41,'1Cu5nABlurklXt1vEfvT7fYvtIdJB3fiO'),(299,41,'1bfE5HPneRgUeRR9eg34Ef89BeeL6kyID'),(300,41,'1iPX14jSxZD379UAfkGEW-9FYcJHzXMdt'),(301,41,'13tLAHtFbDNu6ayKQ7ncXusw6i1Hx-Tva'),(302,41,'117unzutsLeUjZt1Izc9nw1ktKuBq-8pR'),(303,41,'107vJyjrw5jya7qOpcGloaIouRyTh3soL'),(304,41,'1UXGHj0DlY3lvBrU-IAZ_mu3sux7hOkiN'),(305,41,'18ywqYWGxtJU8VgxaQm4l-ma8tRbyFRmU'),(306,41,'1_Vlr1BQ_wfgkzuirO-YX6dG1Uroxbit0'),(307,41,'1La9Wpjwic3AXmPeqJ91xmTm5Fk1wLQHK'),(308,41,'1t2h7OZAefUScUn2lOi8EGkjtAiSEtilV'),(309,41,'1E-dw0oWSljsXCVypZK_i5YtBhqWDNTST'),(310,41,'1QMhxLxZC84U-1iz3e-s_JdXmV6AVV9gD'),(311,41,'1R1oRWPRNtDiPHwFtnGpzOXm8vW6-w00_'),(312,41,'1KeTR09qdEhveCyhV7Fyh80u4ZrMBtrnj'),(313,41,'1at98gpGqcgPXyegWlBLjORJ6tDJHlMou'),(314,41,'15Rfdvv10E2BZOyBJgN1u9Rqk2mduZiam'),(315,41,'1tU5L2KqRkIvVE50mGokW3f4FSilY-D6z'),(316,41,'1ZD33MGiohNxYjQnz8jGMpyVNpvRajXk1'),(317,41,'192ByE_PN3vp7w9j6rZavA7jx3DXTftad'),(318,41,'1ReFlsPHwaw4AnhcbK43k-t1dEjhy9sKG'),(319,41,'1ntECXeC9cMde8mEy3XD7Qzs96FK4s4DY'),(320,41,'1BtBOyLh6Fttn_dwa2vXR7MAU40ji9Iy-'),(321,41,'1TfVxPVUOUUMkqJx9aOr7kclj45k4xLNt'),(322,41,'1Q2AREVf5DV5SKj5CSro7JY3dwvam7U9E'),(323,41,'1IMC3dnm7SSuZzPmOs96tySl34rTkcC-I'),(324,41,'1dT7Ou0XdETMGY0Wu1TDZo6n_z9kvYeH3'),(325,41,'1rFyotRHY0_VbggpTH4wo12BeA46b5dTK'),(326,41,'1qQd3rhPDMEnOmvViZh1rq7YiXIs6oqwd'),(327,41,'1K8yGub-DJMmdo1qSopP5MvJz_SXoai45'),(328,41,'1iBkd1zkfVBYlo8kLT7wxfn9bbVM_atOV'),(329,41,'1VhrpoQ01_Xi5PeZB3FNgLx_23Jca_80F'),(330,41,'1PIP6HpvACE1dV85FH133OsjGn98-HxEa'),(331,41,'1rDc-tGCFoDECaaABuEZVKaZysx1X1Tbq'),(332,41,'1L_YjnaTcBpeVouE_O9796oYIxAmKCzYC'),(333,41,'16LJOQvP-2sILS1tZxTnCQUhFa6-P3QPT'),(334,41,'1OriDiMZpUZkcYi-pQRxDVT1xlGz5iS04'),(335,41,'1j-L67b-bmgUyCr3rGFQYDicdyyDOjDtX'),(336,41,'1RqHQ7G6eaTimgMsELnaH-4T5WUMdyWZR'),(337,41,'1HLuDH0HYOywTnvPbUEWUUxKiChulQXsw'),(338,41,'10YSB9vI8k1xDIQlcAQI46wL87ivXn21-'),(339,41,'1j5K-kgCO1Pvr8iqXol7arSmpCqzFxY_b'),(340,41,'1NrfRczNpuKxdaOpvw3bgBn4v_IrdGemf'),(341,41,'15bg4r0SvpTVuSqr0ljMGKoitpjXuo8iK'),(342,41,'18dLPNq9ddKExWarTjDtdRwkOX-MzqWKm'),(343,41,'1VRWxChEpPbcwjGAwUtxiN43o3CfX-fqn'),(344,41,'1xY_3_i0xBU7tWjYfx42Ac9HZtZbGOWsh'),(345,41,'1Yk7GzjLpE12RXmFpA0Hc2FlDDYqbOsqs'),(346,41,'1ndGS1HKzmbTkw9RaWtuFwsTz68_yKB4G'),(347,41,'1Iz199WTQtx475bjbv3o2ZWY5wfavlNQM'),(348,41,'1weUDawwaOVhNmIrNoAaG-ERnFAC9wtNc'),(349,41,'1k493YuiZ5ffVI9axQWKXMFw8bhKTbEIc'),(350,41,'1viiG9L8VvunVxMV11HRy8i3kBI5J6QP2'),(351,41,'1TEFHl7Vzs4Tu10nFnSy7y236J9sY0rNF'),(352,41,'1iXEckmCT_H4NEm9N4M8BoIWNDfDIYwjf'),(353,41,'1pJic1hfe2poGSiSmSzw-vFbzakoKBJR8'),(354,41,'1Jhi61UwA6gPl-n0Shs0uh5wfVHNUnCWn'),(355,41,'1VyZ7JkjLfHTyLjUveyb0ZaGedhV4ejTJ'),(356,41,'1-ztXxKszj68XtIEm9yLnVdCcI95hHsGt'),(357,41,'1XFL_6b0Ikd5luiS1Qvc0e2ReiG82qXRc'),(358,41,'1pkcsKsKJm3xYSKqujDhxJjisJF9XpyWh'),(359,41,'1UqTw7H9UGtClmxAjrIdouY70c-h4sTm3'),(360,41,'12eGyL6ipmO-cjBMZWOTax5VEUECoA0gO'),(361,41,'1F3yRB780wUejl8urrbmIV-AzHWbgxqw_'),(362,41,'1S0csv1WQAyNZdmMMgoNEbvBrKUgueHLb'),(363,41,'1KNLsN09T_oSvbki5QPpiNo3XeRZTNf-6'),(364,41,'1ILIE2p9LJlef8YGbeVyhGPk1uYeO90eJ'),(365,41,'1r3wVr0nrnaNi5VbUovA8YqvnZmhVSkYO'),(366,41,'1ckhmmzZRnLR79PujEIUjXCD8ZGOax5JL'),(367,41,'1FQgai8puiB5iWyOz07QLN5Ar7HKY8XNp'),(368,41,'1R86707OVy8plMerErmwNLY3xOG0RA1O_'),(369,41,'11ighfPYVSubxDxeyIbv9SFVn3ivNNDY0'),(370,41,'1t6zAhZFcaJFMbDRUUrm5vBjwf1fTfEPg'),(371,41,'1cZopaTcmRr2-MKz1RYDWrALRqHqwYwpp'),(372,41,'1HYwOaYMZZjdkbXVAx7dRag7YpovFLdRl'),(373,41,'1r92iT-W96EcUHR67abiw-lPN9aOahql5'),(374,41,'1PWbOTKzapB3uY1Mhl4RO3dIIxsFqk1Sf'),(375,41,'1pc4fkawosDiUr-o2JldWAoCNFiTUj_tT'),(376,41,'19dEy5ggNXSoH1hDYgxYhAexwYXAHd5Lv'),(377,41,'1xA9lmZIGial6KAGaibaWXjTZSMwiMxt_'),(378,41,'1QCOaUlDv2Y-POnNglwL68vF3DpcPwhsS'),(379,41,'1kCA0-1h0qhbuj0vc8WGTd0TfspyZb1XR'),(380,41,'180VspCQoCoAvAv-0FI8oU4ec7xJhtWh_'),(381,41,'1kJXnh3DLdBpkwbmIJagmhgQBDhcOTJyg'),(382,41,'1_YXAXEff-DWO6wezuuSvvB3dwj4owb_v'),(383,41,'1q8d8SbCmNTyeglp1GChr_6emeyFppfj0'),(384,41,'18-0KXcw66WL6_XPQ69JKvykVoUpX0QL0'),(385,41,'1orKhd7J-9jbeVZwMBuNXBq9a1R2u_F-U'),(386,41,'1F7fZYgcZTjpiHUN8IJcf9gIqHuZllDrT'),(387,41,'1K-h1AWrmD8BpacQv5a46-PcvZkUE_5AB'),(388,41,'1-tuWasWTgSvHfjFQVj14nMUA_e-miESQ'),(389,41,'1JAJ0XqFPC6IeEmCIFxCK68uMO5a4NCXX'),(390,41,'1RutkBIWJOrMIlmY5g7lb4TObSr_P6ZPl'),(391,41,'1OGb7zeOZVkCPpjF0z6I-0p6j1INcUZqb'),(392,41,'1EWDSb1_nKp0-CSZ23B73yQFI0btonCEm'),(393,41,'1CW3JHTQMiLkiST80p0RtF8A1TppF1fOZ'),(394,41,'1PHxWb1W83xzzIj2fnXegY_5JXVG6flqZ'),(395,41,'1KiTY8vaiMjOl6OWlYxqlCFEeez4mLGQ-'),(396,41,'1dQ1cFSXIehB7cthTal1PNcMsKnsmNKFm'),(397,41,'1v1AWBlhHryF8kaTdUXZ6Y3cOL87ePwtu'),(398,41,'1uXiMGq0jJ1uyk9lnGYEfm1qk9EA9NPaX'),(399,41,'1mMCNGKwQ_5veaLpyVepzkT4XAEuVEfg-'),(400,41,'1eVA3rpuZm759wUaw8E8gwzskzAmDreyH'),(401,41,'1YJl-DPRdzlARMxfB0wArWF3TZ6IOJjcM'),(402,41,'1feEG2DfN23r4yDm81rzlDk9zSnY66Y--'),(403,41,'1nKdNNeDIXsICo2Zidla7mxfOlFGOLg8I'),(404,41,'1Ts8qSEjKvnparciHJ3VlyJj09Krln7nm'),(405,41,'1xINrWFotjNMCWXQXvuwG6tuZQB_nf_kV'),(406,41,'1Q2SCF22JAQs_iVBNNwbmVp82M8scnxE9'),(407,41,'1HTxL9ldzGdyW__zavjKfh9ScAEYtzlAG'),(408,41,'1mk-RInoBm6NO-kvi3ToYCdKj-Xtp6sgA'),(409,41,'1Q847lM871GZy-9xhriNwtMyuOW0Rotbm'),(410,41,'12gd4rhMV7AB0eBbNzgDqm9GmSrWHMl3J'),(411,41,'1Hre2bf7Yk-Pre7io3vngyKJGdx09F1Fe'),(412,41,'1wXI2fpJbE3sDi4MO-WqE3PbJza4ohJ1e'),(413,41,'1Lk-RpEIn6eDEvQGlZbId3eHpAtUnHV03'),(414,41,'1bRngbrM6urGczcuumgPQf5st4HiZoR2C'),(415,41,'1mj9s8e8lCSXlBG7q52WiXN_g-3we0iuC'),(416,41,'1hZrZll7OoaponP2hrXKGZRF_hFij1HDk'),(417,41,'1_v1xXltFLYz8GxtEo3lbzIZdx8-PSDft'),(418,41,'1g03CWduG1fQOIxYnxRgzQXWycXkJBO5c'),(419,41,'1uQMsyV3Xy4qBUMDViDRBPX9JUTOGmkf8'),(420,41,'1QzzQPafDoRTnx_VSc-7woSNonSE5tifd'),(421,41,'1KK1v7tIkdgVaLom9a7dMQbxwYVLZ5hwt'),(422,41,'1QXPiZo7C8-DoFJGDb9S3w1sXDVbrVsdv'),(423,41,'1AU2uXWDbYPb09Ti3vHFrujZt0baxcWb6'),(424,41,'1z-7fiLWe12bft_i83ZM1oBWnMDZWM7qR'),(425,41,'1s1d72S4KdHXYOu1gPBPRCS5NgvCrp_zZ'),(426,41,'1lF-wx7d23F1PHWOqJxRDo9OoQskj3lJG'),(427,41,'1xIqZi0VojOj7NvhGE_B8dZLHNtW2T9qW'),(428,41,'1TupmcHX5EuKFGFpAGKpKTpBxax5J7Ny6'),(429,41,'1GSa77nanzqsV5QaD7z0evE_8jflNQKgR'),(430,41,'1pcrTENyQ7UKyEtgHYxe9jMhziKWCB5PF'),(431,41,'1qX5lRFkWdMSbcdMUTBBlk0CNiFumv7qP'),(432,41,'1G7nmK9f6xRVg4v8lwmoUu9sheXv67Xgq'),(433,41,'1hcy3oxrmLhNA3W3dFmRGDsRS6oXH-U1F'),(434,41,'1cRF5gCVr29QPOdUhgM5mVielnPgsgBr0'),(435,41,'1t59hDUFxuv5ZZVgqRonBI3SzmoEm5c5V'),(436,41,'1zH4XtTkf2BTSefm1_yQOCX9Kj5RgTsGc'),(437,41,'1asjaZvIA9sVcioe5lKg8wWKrHmTXGWx1'),(438,41,'1oENRoQbpV2JcSOKqTEdGD2dbM8lghIVI'),(439,41,'1fTS8dHeKDlaAbQSzYVjw-J3Xxdzhhz5W'),(440,42,'1Gxl2yYavqBz-hr1-8FdK38rNkPVXr7C1'),(441,42,'1yzA9utlcEfdWghSgDt9dY_eSaaOeV2ko'),(442,42,'1pEY1dDyyiz2XBTb5uxfxdbmtevJ5d9Z8'),(443,42,'1Zs3d6-3dXMkEWoMBjbPH7YLWuAu3ScXw'),(444,42,'1DszK0cXCvNypHxz3Sqfw_jdrqj0uHypv'),(445,42,'1jKMVnvp-QqZigzLVW8qnbH8CTVRM4EKM'),(446,42,'1IqvMPjMMOlAcr7PkciMI93XFOd5BTN-R'),(447,42,'1quO-mKbKnMEAwKlrE--J5nf-kn5W8Zvm'),(448,42,'1pexrr2tdZftayCyxdWhVY5CO9M3UFvdg'),(449,42,'1BkDnLtlNxT4AS6BcUAvVxZbm9xso01wz'),(450,42,'1LxsGkWm8Cw1PitCFKDQV5gmCFr6rZgdZ'),(451,42,'136ZLTnwTYWrWrNFkwFhADXPDt6kDeG0-'),(452,42,'1dh2RFCEqcspAGq3iNrKM2e9tqcCyPopj'),(453,42,'1mPzCb_RMQjT6prM1l_kkLVbvtMpLMH0W'),(454,42,'1HnVfgLBBh5gf12oPHc-SUi4cqbb4mVMw'),(455,42,'1WnwO-4qWKj424DxW1j0dse144N4jetYs'),(456,42,'15yRn9DdabwXShdpF7GkEyh-PzwzPPo64'),(457,42,'10tSgZuac3L_94QqwFCeD6aS57IqqdQgA'),(458,42,'1GwHoCvNKqNWRO4sM4BDKGYE9YLHTQAqI'),(459,42,'1iC5kIRrUAOQ6mVsAh1e9Q73U70D4MaZ-'),(460,42,'199NzewL0GlrD6fckbXYfkxD0Oi04sTZc'),(461,42,'1PRDe9MKABQy7XXZ-HiHjLDOk3MbHZxRL'),(462,42,'1sfJu8My9oWZ7BWyk4FEeOhT6ii2mLWSr'),(463,42,'1erOV5zDeAUC8iTk0Zd6hDq3PzP2l0hJn'),(464,42,'1L_P7cERTP0kStcGPV4yCv83FEDPs2KqV'),(465,42,'1NOd0U5ZVFICHiE9DQtzrZ65nn0yIiCWB'),(466,42,'19SqkB9iMz0ccMF7_JjK8V0DRyfHnYrpB'),(467,42,'1EentXt2C8QAOwtPZr2NrOlR6bR-uN-JU'),(468,42,'10RIQMqTf0GpDqV_j5AKObyBdhkiwLfA2'),(469,42,'1zWJRHDD7YQopLmkCx2Qr9G-d08jRrE84'),(470,42,'15c-m37xyW8HSFa5t-Q51AbPDx91ZUz9s'),(471,42,'1Zv4plpRMTGVrxgY2LRn152B_-KmceKVg'),(472,42,'1IfJdp9_V12cz36HnMbDxDJpT0jydr5Gx'),(473,42,'1BmyXCLE2CsShuAnKAjFcsWvcC7cQrmtU'),(474,42,'1PT77gNTKJSWjwz0KK_MqbbsIuDCOP9Fa'),(475,42,'1ustJggVsrJIRQjWFP-rfxXeLG6pUva2p'),(476,42,'10_QloZjH7hwUaHk3FPsVtjxCTaJXMlQo'),(477,42,'1vDjJtFCFzHB0gi0dYvrGJOuEk98xyumv'),(478,42,'1TbrqlqX90PAYep51UGaKOBVr51nQ_cJE'),(479,42,'1_IBTdFrc-X4e6zX3KJexgkrFjUzmsyDj'),(480,42,'1zQrG9UyUktHutzXDprZfe_20VMs69O8l'),(481,42,'1mfJUe-uehp1Z6JJkZ-ghf7T17K0wIRz7'),(482,42,'1YSjxfX3D9enpB3f0qcwifeotpCPj9p-Y'),(483,42,'111TFb5QLoHLC-MO-faHRM9lO1BwN-hKR'),(484,42,'1Fv3JTXiniu_CMR21UgO1SXccliz_pIWW'),(485,42,'11991KzB21hQa2w8Vr7PBEZk_13JNN7c2'),(486,42,'1VO096dZiyQQuWDA_Ezp05M4nuR0elTx0'),(487,42,'1Ss5APZwQXd3PmkOIFNC9bC1K6lwrkazJ'),(488,42,'1eOubXBdZGrApMGjqr0qgHxV64LGzhICE'),(489,42,'1wgg9NZUscAnAdqC--ADHsxC1rAFksupT'),(490,42,'1kAuFmg_ef2SWid7eNKRRILH7xCFgLy48'),(491,42,'1YuksYOzVlUcba6TK46WiEFixbGPF5EZm'),(492,42,'1azr7yJpKEPXnc6tGHoB9edhowYurb1tl'),(493,42,'1h9yey0JFj1tQpMMUQ2heMhhDDRBfRfBq'),(494,42,'1oxxKfOT7hEpXH-yyYtJdpU0-6AL0shLi'),(495,42,'1whELPPcafsnJhQpEFCGk-nQqsfarMB9V'),(496,42,'1l38839xPpbDri10Z08MeqB0z1UQ7qfFy'),(497,42,'1cT2FsuixY12o6LjkTdTo0-XQpRvRDXTc'),(498,42,'1vLr0ussRffI1Pj5vP8tMGW-VAKlDiCNP'),(499,42,'1a7cygxxSSc2IEogD37lXcYJOZO-HHJVA'),(500,42,'1LfCjNlWwmR3LBFbGarn7mHv6Pngwnxb9'),(501,42,'1jZrWYBR3BjcvwAYN8gWJJIupYPt-hMdL'),(502,42,'1KIMfOWjbxPHC9cwlxtmoGE-DBom0dINj'),(503,42,'1F_oF0TtDK_vMpEuA5dlnzLOeJ7f3jhBs'),(504,42,'1bdQ_BSv-YOVvPQ1dWbMJ9FNwwArCext3'),(505,42,'1h8byGZiumW8IfAIlIEK1r920c6IDllRA'),(506,42,'1BmfQAWiDX4qtX7ZaTEY5QWm96uuEt11G'),(507,42,'1sUapSpBYuonWeIyeu-OxNBCLKTxZhM3g'),(508,42,'1dGtAEfyOEAED1ay9MKw_2c_C_4HxrIg5'),(509,42,'1SQTh1dMFlowEVHasMFt6T7YybVJTorHt'),(510,42,'1IlB0XTqZPe58RYhwAT3xVZpoSCwJdDqk'),(511,42,'1RjaLslndG4qkkA-OJ4MTlGNbjQIYDYC1'),(512,42,'1TrlhkQ-0KEZtStP93-KNZceB-xFFmM8C'),(513,42,'1PEl1IF4QNkURG-R6JVZMxV3uo4ro4rMo'),(514,42,'1f3x25iPAWhHSraWR9yDmb_6je9TbKtAw'),(515,42,'1V_xQ2xjU6OM5P2AsZWQpzFyAJKZ-lDjJ'),(516,42,'1juMvbo_Npn-xoTLbbdWZhoptN-b6prEZ'),(517,42,'1iaEZFVNXg6-bWQybyE55Hxubx_g7AG1g'),(518,42,'1TQortmbWhsPhDSDwObdZBDOy9cZZ6nVa'),(519,42,'1491f_WweQQJHQaccsRozMdpPRxOgw2La'),(520,42,'12te117TiOXjbTmtpeTd7NSlH69u2Cmy1'),(521,42,'1wnikmLm4xWOPXNFyFATGy80Iz4SbK3Cd'),(522,42,'1MIQGP71ojwPk9xNgIFWED9v9DzIw9qn2'),(523,42,'10SxO66CrJmLv4hAJjkAveSwI0JI6H3cs'),(524,42,'1TZpR32wCWiJNt-ETsxuyyXMUgmJk4oJk'),(525,42,'1k0E-ve9I4Amdi5Rrrv9XEgPD3-t6KnnM'),(526,42,'1xV1CY1lEISZndG-111VgQ4K6Ye9B9yUo'),(527,42,'10Ea5TV4a-2gDllICOsAedge5s9kH0d_7'),(528,42,'1zVaboik2w1jGelO92S8uFxt4JeZljwwi'),(529,42,'1_dkET0DOgwslzNGirukvU9tihIZ8ilE0'),(530,42,'1dxwQuxzkbIru8FPdnsNFoHKmiO1kG6JD'),(531,42,'11zwjDp4F8Cpw6tO6L1CDAvX89wQ1NEjv'),(532,42,'1r3-RItzeZqqOUT0K-LwExfAt89BXjuLW'),(533,42,'1inxyxCdZ8ytQeZ05CnCpN3O_GunF5zJL'),(534,42,'1cpNxC182jiMnBr1wqeSKVwj2vG-IPeTA'),(535,42,'1mAZlxM5v7upIk38HbMvRR3wywXkFLUv9'),(536,42,'1F3i8R-9tNpgJwGyCWa7028_AtSndgqeB'),(537,42,'1MWY4zEF-iqaDtTXW2la60rzxj7KlSHuz'),(538,42,'1ol_Lz1S8cM_7Koay50hcP2vXGAn4bU6i'),(539,42,'1RHS-U7emY6hYly0MvtoNPLfELmRJWZCX'),(540,42,'1kBUKkivMc6fAZU-nQXAVQo6wkaejmenK'),(541,42,'17fTb0Gl-3vrmiNxHv17lZOqlgbsFEri_'),(542,42,'1jJbEsUEvTKxyaU3fSXR3eVnF8UtKRljm'),(543,42,'1PW7bbsQ0ffR7LtC5ihcghcHpKCvM4O_t'),(544,42,'1N83iHjx2PM0iLjABc8JY1tQ4NGBQVvfI'),(545,42,'1U4IkPwApHHZNznxrPEMbyAEORVRssXe7'),(546,42,'1VcrANDR6DXDEAk7csOu5thT9EpBT_b5_'),(547,42,'1gp4jVHWVlloPz6xcPI6AsMKchGbD1pYO'),(548,42,'1GoLzh-a9ba2ekDSbW-cWQ0KUlyVu-q4s'),(549,42,'1zfYwbovRZb1rjK1EsqnBB0EEM3IpAeEp'),(550,42,'1bkpk0KFBeJpKcHxuyzI8004ADvpzLcC7'),(551,42,'1rXSNLaxZoPIvf2uSySQylclP6c-LKs_X'),(552,42,'1VEOlFkE3W4uSSxStaa0GmpYuKnwL5SOB'),(553,42,'1Fqzh7fHcCselxWa1JKRBJ1arg23vatm_'),(554,42,'1xon2rZ7wuXgk-0WkUCduu2QOg9dbwrQj'),(555,42,'1pjbqoMi6blkeXu8RuzXBGHWHCctBQYVz'),(556,42,'1sYH9qbJdVzo3ooc40Yip5UaaiPYfWC0N'),(557,42,'1xKjLaTf_g43ZPEENG93S4qG8jdPmqPwj'),(558,42,'1PRh-2G0Bb8S8whudmzXzqR7PQgxFk-67'),(559,42,'1LzRs4YR6MF5TMSX6VkF7w1PuBQ36IF_x'),(560,42,'16_aLYFmPYm5z0Z_tYGnQkc-TsmY7dVBT'),(561,42,'1PCRCbc3-vWElfRP49mXRzomqj3MfESPN'),(562,42,'1HifO0cyh4Gp5QihGM5cPrLRU-Wh4s05d'),(563,42,'1bRKhvlMvBXzmw-iu0CH6pl33DnC3Flrm'),(564,42,'115DLWpjw1vh_UDTWLvDyxdkjasEUJf2M'),(565,42,'1Gcz_WqxV-yO_8hl-4l5bpcxNCTvqGZJP'),(566,42,'1kCBfrhMZRI2n_ownyTUaJkDesqLa18IH'),(567,42,'1WT00JJ1q5wPbn1jnaDvG2JMZPBX2P-Dq'),(568,42,'1wA8Ws8pUzzqsFxSgb7L4wZiAmm1HUQ_D'),(569,42,'1w206X_SlTF0jO9l_1suEayHRxhDH_gs2'),(570,42,'1u3Sf9xoe-CyvOyya6CgWN77NGfpydCdg'),(571,42,'194qLcWOYELCSb7LUlihohud_Y9ilPtD2'),(572,42,'1fXM7jvqMYZHD34ds4nSuqjrpxXWwo0s0'),(573,42,'1mAjAEnFqmAjLk1Blc1g6wZGS83WV8mgt'),(574,42,'1VWDp9WnVquv1gQ2pmoV0MA1XN6aIq4ZQ'),(575,42,'1k9zeywajns0RgK3sey_eTDLhV5nTv4p3'),(576,42,'1i7Ni-RGOL2U2DI9BjiWuvzgOTMlQPFq1'),(577,42,'16snP9L2V-4RLMaro-ygzMelV9rxhuBy6'),(578,42,'1pNdgeTIjOb8j4pmP3qDgrmNdOKPuXt2W'),(579,42,'1IyOGOVYHq5iclXO3fEgGvQ2fTAEaxDZL'),(580,42,'1Df0s19QmZALD5aYh8k_BIRRRt4ONVZ5G'),(581,42,'1lxFeNQYwCT4ZFE5VVT_NBZqDY46IO9xz'),(582,42,'10lZhUmaZnLT4Qp2M_OauzY6jISclEvl5'),(583,42,'1V1nyinSaAw3yz1tGsGmydUFwmGZrf8a2'),(584,42,'10TO0t48fGI00agPz8oPr2uBSqO-OlSCe'),(585,42,'13dHFN709Sk8E05dFLzmYj6-ZYIDmVn_4'),(586,42,'1D3x-XtJaHvsnhd0Z4C9FLkC7EX71BMmr'),(587,42,'1aZod8IZSIVJ5Me8eZdGT-cHHvJSblRGy'),(588,42,'1SUZt3kRib3ShB_vH5bgQevION8mudRll'),(589,42,'1B9f3-UnLfbPFxYDEPAw5cj50k4nwr-xf'),(590,42,'1AJmFPjp5KMTXWJVMQHU0iHnuSBuO0nWL'),(591,42,'1GdbARifsyex2tCbGkncr3F2Xe4PZeWOF'),(592,42,'1iiWhFlIXxwzXNXaDUNZ3o10-IshgVpe6'),(593,42,'1-dAz2AJ8MoDNP_6tbmbRc91Ll-bnSiYD'),(594,42,'1ddgJGS8HldFSdX-fsx74VqRAyNEwfqx-'),(595,42,'1eI4KAZHxjE_Bq8IGmBp4xio5L9vw-a2Z'),(596,42,'1AnC_DD79pMX0lmknhiD_7QcNBHdLp_XU'),(597,42,'1mbiH3v5x_Gb1kCI-mYmC05rBx-85BA28'),(598,42,'1GVlQXiIAbn-fSv1vuiIEMgGcgqx0251d'),(599,42,'1nsSdWvvURkLMrz7Hc-q3l4ZFZ7R08hVu'),(600,42,'1MtxvmU-l9TTl_6HHOHgGQ3UgPdCiH3oF'),(601,42,'1OzGiZIEuPjvP3CCKVkFDhLH0KoUYTG2F'),(602,42,'1GHeuJa5fz9yih1WBkIqz8TOmMuKeF8Ja'),(603,42,'1WiqNm7dDFz9rFd-QHG1NC_yn0qoM_yNq'),(604,42,'1iUWh1PTqWW9IncYEkHvhaOUwNfSa5XEV'),(605,42,'1FGe_jOZdo6_QgX5T5tzd9GbQcSeqhstA'),(606,42,'1bLeWKtIgCGCawWjz8a6wS0MnRLztR-jj'),(607,42,'1AXl4QsPOT9AY_W7hvXI3FFlPk3DgejO8'),(608,42,'1BAytADb8m9XPi05cqHFMUTl_Xk0YxrYt'),(609,42,'1zlH3blpJdYodoxEuz9p0h6yA2q3U-MFP'),(610,42,'1Oj3pQewnnbxH6VoaPHUEJr5KVjbgeFSp'),(611,42,'1GIEgKC3g_CPlWSFlEfDMu3ACvpBNyEFh'),(612,42,'1vp4M_Wl2q53lwhwDfQ-9X6ybVh2yJra7'),(613,42,'1r8Gm4N9IpzuEb8l3Mfk6aMkyYVGy10-S'),(614,42,'1rDA0ig-h-Pkq8sFS_bvUXiOCpU6REE3_'),(615,42,'1P8pRnl_c21-RofshxfP-5RZ9Z3hNGK6w'),(616,42,'1PZY48FI28MxfzWYpwKmKNEXkheG5tgH0'),(617,42,'1Ctf6ORX3VaDzjYpwCze3CBboo_oxDz-b'),(618,42,'1-7yiNJSrJfc9raMuES6nI_CM9yOAMmHY'),(619,42,'1tLvJ2By1eP8RTJE747x-E3iknBzdoTiI'),(620,42,'1WsFRNcX5G0ILubp7sOjQSPD9EP6ZHvtS'),(621,42,'1RTdRLmLzLgDF-iH3N6TtaoKNHgsf4HKi'),(622,42,'1pawoFt-AuZ5VTOQn1KCirQh1htFoyrLp'),(623,42,'1oQVNedCjaxxLxBF9M0aJrhMkgWwXkskJ'),(624,42,'1GmCw2tVH1g6UihGaNSPYVvL3qEPoh2jH'),(625,42,'1WmOOhBYCBDj89cJGyVPc9kCquIsi6oLF'),(626,42,'1XEpYjD8Wh7LOHY3H0fkCXwPPUGH07IG4'),(627,42,'15K2UGRVLuPeMwOD6vqgeiV0xG-aJP2wL'),(628,42,'1Q0CcccdoJXIqv95lKe-CvflJlAQGwYb-'),(629,42,'1sBINiNL_L9Wj8OJloTIAMV0WO8-jyn0A'),(630,42,'1eWTJVCERr4L2xFtD7rA03FXM3tMd48hm'),(631,42,'16iadI7OOMoTeMalno7pYnpdJx4k9Ukrn'),(632,42,'1B0x_qcBSC973nKzZorfCpO1Trlv7ZrNs'),(633,42,'1OK8T6ba5oXiIBi02xMbVlTSrIM76kKAD'),(634,42,'1Ht4clVbRWjugKJ5dWiTQDrZ1UahKkGqB'),(635,42,'14WMUm36SA22ItEUoQUEcOlPFbZ0auKng'),(636,42,'1Wy75VNAYPlppJB7Zqb06lBUSTfDJl5Fs'),(637,42,'1A6fFxJ3XWwCb3i1X2oZvAJtDqYCx7SuK'),(638,42,'1ItWQlOzd69xoy2jqbvLPhE4wOdrtK1H-'),(639,42,'17tUK8Xgpx-Jg0ZiFIvgMsX2aCrIMelRg'),(640,42,'1BFm8nLtQSzlFBRWKg4F4ocHXtL_XgNhG'),(641,42,'1dxiP8VIYFWYKDrn7aSk6WzZNzXXE4Stk'),(642,42,'1AQpOsg8XBXbAK6_C4iRSl1Q3BMSX6Wmu'),(643,42,'11zhC5DnuGLi02jzv3bEZkV6pl4ggsPRb'),(644,42,'1PSv93A8EhS1XnGbA_05A0z0Yy8m5czSO'),(645,42,'1QGluKzCRDLIsZ_ZkuzV94F_-PwNZzlyP'),(646,42,'17l3hsK8lOuMaEHBsICLsrHeCdSZVplNg'),(647,42,'1SuX145YUNMGhosKgIk-xL_7ZhaNhVd02'),(648,42,'1-YONxmrTpOS4vLmw0l_Kck-vWgjSUWks'),(649,42,'1482f43EDgMB3dg3QCarC_PQUGjsE3_gM'),(650,42,'1Ek3gTQ9RpqkyiBNuH3zHDYf3IwILFcDt'),(651,42,'1sNoxbxVzHI-FRbPR0Z1QXfNfAiNGHVCK'),(652,42,'1Jw6RsJLooGTSY0rA5g-x_ThZd4NVomCz'),(653,42,'1O3Rv649B8QEixRSBmjD_9mpxc14QcYpl'),(654,42,'1erHCJXsGL7hHqjkcrJ27XnH4so1WVDcQ'),(655,42,'12WAkdI-ga69QRlWhu8wioILHSIcZSWFi'),(656,42,'177oVgOLOjTY8PyJg5S9z4UH1OlCjQwUP'),(657,42,'1YBYDPvEt18bCr9Pp38PLLQzaNwmxU0xS'),(658,42,'1bR2Zn1OoDvhW6AuAR0AtJoRg6RKOh85b'),(659,42,'1ikT5uIdhRcZ-iHQ-LUgYfyy9ZCjuTlkf'),(660,42,'10Noo23MzmtHikiNkMjaF8L6H712pdOgO'),(661,42,'1Sp1I7kqtnhcoApV8F9vyL84UoHXW3XAe'),(662,42,'1K9sCNJXyIMWpzXp4-TBxbyz45jsJ5Q-Z'),(663,42,'1u63IgjNOuzbH03z2L9AQQts6za-uoxbX'),(664,42,'1N5nPhT8wZdNV4b4eZCyqdu3ao9URB92n'),(665,42,'1g_yIc1pDZ5XLxQbdo7HYQlgrJtZJezke'),(666,42,'1IItetj18VZFeo-ZErrqjXMRMS-Yjk7aJ'),(667,42,'1GblHHryOMHv5tJsDqYIX3BA4Yy0EpzBI'),(668,42,'1hvYGAnhcAfYXNssgNfBHt_DG2RBo8-dR'),(669,42,'1PeUxeVamGiwfAR6J6YU5y3FQmlDsBVlm'),(670,42,'1Trq5RVnop65UwH_3ug9IngSTPPc8slA4'),(671,42,'1JZetQP6d9SVsrbdPQdRa8rU--u536mKF'),(672,42,'1Uzc8ONfFFd0H4C4lETyNgVP4MzrfyEuZ'),(673,42,'1nxhlPGO2dNs5pp68JRRhv6Ac-K7-ujMx'),(674,42,'1AMf0SJiq3cgeMeWQapcNFoayk6O7lKkr'),(675,42,'1ypq9x2wsdcJ7K5inQDSPuxzQ2CTY87WM'),(676,42,'1BrdEs2z8E3Dej_21HY2x4i3iHBU83oBz'),(677,42,'1CgieDa6iuOKrdkNQcWvV5-zmHa5XRkR2'),(678,42,'1qb-vDHfp0gHLXI9EpwJba6mxMkxZXG0-'),(679,42,'1Lir92CYWw8E0-J3LTmRhVU4iuQpVif_0'),(680,42,'1NbLxawcYssnCdDAR8QFRo3-brEKMwuUm'),(681,42,'1GBnScr-MeZVBomEyBvFIMMf6ga-FMQmI'),(682,42,'1MLlvMiVxgW8OKIOqcQngHeYLDQrvasOT'),(683,42,'1K_ynPdFxNpcRlN_Mh36Q_n9McrZmZcey'),(684,42,'1ZnxWlj3mZRAm4Rq-bsM-oiBl5QobCg2a'),(685,42,'1jMnqrCO63nwKNJ4ZeaETIenGW3cgW_y4'),(686,42,'1cLKi2jkVMD6mKjJwSDKuhI_ZiA6fOYcn'),(687,42,'1rkEG_4xtSETiRkToVhG1Q_ue6C6w2EsJ'),(688,42,'1N1I4p7LzF2MuRclC4fPWe25GVYbZU4Io'),(689,42,'1FmmPHsMp4J2jyCrJjaZN_dceERqTyCen'),(690,42,'1JTpQVpXDHShr7XTMdveGGWCrhOW91YJo'),(691,42,'1RRefZtVdnPm0DKWCvbRIbPMaeenxxyL-'),(692,42,'1O4GtdRryAGGfaeGKXvKOQatR6UNKTrqR'),(693,42,'1l3WYoW7IxmUv7Hh8up4Fi425agacutBe'),(694,42,'16tbc0BEGqbaqLosg9KyvOReUA7qxN7oP'),(695,42,'1wVAHPo0ZEVqdRjIj1x1EIdTK07vt_mi0'),(696,42,'1-HH9f84HUKrShbBcrB8yxjJb7zfcHRve'),(697,42,'11cfzS6olV2KF3BwNTT3O6NzVZU38Dkfw'),(698,42,'1iQlnyNKBkeAa_OqUsU0Tv8SvOBn-zOAK'),(699,42,'1NDVDYQUNwRGSl0TZ1VdQs-NuwXo5g9nI'),(700,42,'1F9VpuiST99LUzg714x4Lvh08hLi3hZOI'),(701,42,'1CF2eswLSKwVNMn2Ns5iq_JENx4HxmEkH'),(702,42,'1rprx9gdJWnAxm7HPbAFOT2YMruNC8xAu'),(703,42,'1pDKYDZegzucKtJd3lFxcyXO9oWoQFWeD'),(704,42,'1x9XAgEPrkwH4djKxRX5J-ItGDVOdIEV7'),(705,42,'1m0eP3i2196cI6TESVNAVZSrwBIUru147'),(706,42,'1lp8HJ17I0qwCA-13jWtgRnIZj6AYZ_u_'),(707,42,'1HUaBESOBwtVTzDfMOlGXB4fiBxgIVQWP'),(708,42,'1aoMbJUOHBLoB7sAca70kcSutiukFeuGb'),(709,42,'1KN9llKwtybYZgIqv6-bIn5uOzq2ZACBx'),(710,42,'1QtiK79X6PvjbrV60RQz0vxO9rit7bThJ'),(711,42,'1Kwyt9tZmyaKejwsO8FLtLPXkb3BtmEKg'),(712,42,'1YP2CBEWDCwKe6KDT0d68qf4E76swvZAk'),(713,42,'1seimRdU4DpmfRmoSZ6_hn5rpL2yKFpOW'),(714,42,'1B1Kfh11cLIoJnwbu6sG1PNWjT86Pn6vW'),(715,42,'1Q-T7BwBfABJoMmtycbUGHXWPsMHsSZzr'),(716,42,'1435BdzxByKc4HyFs7PxM8gARAkLnnasg'),(717,42,'1AJskv77ENQnIZXBjlArQxdAxNSkOlQWO'),(718,42,'1DWMxN-BH9LmLETpKpAHje9q0405SjddU'),(719,42,'1MPYGECFS2vWJYoYbkVFMyzKDWIvnJF4o'),(720,42,'1JncYr4NW9FEGQa26oxORpjEkFFNL3hD2'),(721,42,'1RL2ci2rbK7v1VEClwXWyVYQhhr4-K2er'),(722,42,'1gZHHIFa2oTLI90yvFWc6_DxYeHwQCE0l'),(723,42,'1gSWIWYOXVAExFa58PPeFaik1gwrJleI9'),(724,42,'1NCcKdw0izlAjfIPC2zKSagfTZMBAYodw'),(725,42,'1L-xmB8MP29Vc0TjG5YMHBa1PuauJ4Qt2'),(726,42,'1O4Z_nF1Nhft8u7ll3beJGzvfeso5Rmlk'),(727,42,'1BBhNlEMGgNKW7iYHvTDyu7sCpiAlsAJL'),(728,42,'1LVhPJc_MF-TmSap-WaNoFV8wpsQFfO60'),(729,42,'1vtvEX2pS68XAUViTQg7awRgZeV9fGcbm'),(730,42,'1agc5k1TlopkiQRqTcKQrxbEKKl5Ja_Ln'),(731,42,'11-dZiFfm4oNnShsWL0LDLUzIiGL0q6KI'),(732,42,'1__cw84XSnuQU2sSj3Ajnyh9XVLQJ03Et'),(733,42,'1TMTs8K5XQgHEQ5F-zGRd6Q1sEYugT1gD'),(734,42,'1nUseES0Bj2ho8p0sU7k47-O7qY2FsdqV'),(735,42,'1SJxakO79JbCafmKTSwjsgN8wQsXbGZNQ'),(736,42,'1h1fBXcN7o00w1oNYYKuF5l8N6zW4P-_Z'),(737,42,'1INVPFFRsWyKCdujmmt-9aVQivB1FqDz1'),(738,42,'1qBeKrL1ufZ4ItcvxcpfqCIslpdCBwbD1'),(739,42,'1CCQssCFM5eJKDxUaYqnSM-ry_agg-Ohc'),(740,42,'1pC_fuw1SQEDY2XHWIErEo7yupnteTDou'),(741,42,'1kfDYyPhSu5iJT7q7VFiC4uSZfb8o-JDi'),(742,42,'1RFRABXOP1jPsNKrZRkL33dd0U4wpR8CX'),(743,42,'1N8JoBOCBgsRMSAFg7dFrBER0a84IPRNa'),(744,42,'1IwRSqhejjlgxCapdOrt2qJW3KUovO0b-'),(745,42,'1S1otYJKp1XHHkTeS4gdlEnbGZ-ZH2zJn'),(746,42,'1PmQeFCPd1BokmOD9HdBqUy-mNgABuzTz'),(747,42,'1jz5e22Nki6vnN7QEcUkzT3WXWH9h6d3K'),(748,42,'1JmEbDG9H7G_H1_MN-PyWMuJeUIwispYe'),(749,42,'1txQa2qEzTZi0tV8SRef6AgUU5AfqU_CQ'),(750,42,'11P246ouVeiwyYmwKV7K12tNDN888yiei'),(751,42,'1S6mH3NEtOsUjMu5TIDwmBO4MGDiTRQTW'),(752,42,'10om-a28fq3ZewSZcwTh87tkahpmofxAv'),(753,42,'1mSrkpT2McJQ6ae88SmZ_ZX2p_CrDj5lj'),(754,42,'1Sq8xv_U2KLhEcCJXRAwlFvs4HNWSrshM'),(755,42,'1gTvHS-dc7Q75heiLRz4TqzyWEmu2jF-i'),(756,42,'1kKUuD2d0eqNTquUdG24VK_1ixqVcPrvO'),(757,42,'1EpZOzu6zLWblLGRBbmVqTC5-09jyHcQg'),(758,42,'1O-rvyMAYXp54eoZBJRsacmmKFG_5Otmp'),(759,42,'1XnXLibXmYic_szPKOm5n0-cAfUmkmo0p'),(760,42,'19E1HjI_nN_1_SNlWA-OGU3a39wBg7d9W'),(761,42,'1jsSaQHadWnQ0y4WAZNMuXwJ0WGxZafLz'),(762,42,'1ZqWRgh8LciX4feOxOuYNVz00tzSPYl5t'),(763,42,'1DUCJY1vMSfLov1AduzzcAB70VJXHsjo7'),(764,42,'16Pu4VPOaKH3m4gIXYExkYP-cyaCWSfU-'),(765,42,'1qFhngdvLcltDqdV5_Nqt9JYehkhdXT2v'),(766,42,'1b2fRaRUEBDHQLpL1FPraUXijEnt59TpM'),(767,42,'1Kbe4sCqwhXQJs5Pg6ovoBYU17RL_EDyb'),(768,42,'1T617o6ecfyIr4-bTO4oY7NnJ3c4jW_vS'),(769,42,'1I0xaEVS6Y3oEKs8ToDaCA0Z5RRrU3Qnu'),(770,42,'19x65YzHKuE8Cx34Q7V9nzrva52AsNW6Y'),(771,42,'1hxlsyRypwhC8VrZBjUX-GTKktHD0ktBj'),(772,42,'1YtxNGb7_6D0gqJw38Fp9PlYFIIB2w_yf'),(773,42,'14qNVVVLBirWk8uK83UqpPMkMNDqAm1oH'),(774,42,'1QvtMwufVnemcnDuQjr0U6LjkO1uOM9-E'),(775,42,'1KVciABsLnpC2tzh-JQFYZn2SUf9LkS7Q'),(776,42,'1r_4lWLZ3AiXXz9cUCLtEq2SnS7S9qQFI'),(777,42,'1EXtreZKaFrvwvx6lclfKTlIpcCDeTGBd'),(778,42,'10j5R_lTqBjB2O6AgzJtZqnvfFQRATcE1'),(779,42,'1nz-dHthpnAaBOx_GhfpeP-qM2U0O1X57'),(780,42,'17jRc0fqj1xnxqfmY7p_7SYIokJrEU_9l'),(781,42,'1wTGcwXR4vgJ-DDJLuocJm1BRUvTddw5g'),(782,42,'10lgnAlfyA3Kd1YRLr9yFpiyDFZ-K6_Wl'),(783,42,'1sNkTKHTf4BLjMFWAAJweaEN-k5-29c0i'),(784,42,'130yNal6Yaunvbf1lmEcNfryd03yRl3ZS'),(785,42,'10grA9kxrHjP9mwgrery5liFNveWoIvDc'),(786,42,'1XUVUuMMU2p2Yyn8GuzD_C8GYrU-UUlhy'),(787,42,'1shMjjMFbq4bZ5MAxEcvUeZQd1uMewJE0'),(788,42,'1HNSajVdSh6ZRoIQuBDQAn2956LTRYkJc'),(789,42,'1fwpLTC9Qkk9B0ee0gEXvToEoCI-1rWSt'),(790,42,'1tauHmbBg_XAiaMRVOKiFzjhZOhC1C_uw'),(791,42,'1wcuJkhKlDNcw1Eo2N1If8UOBCJAmUiAb'),(792,42,'1bBwyWjUyGTNcMvzm4Z-PFLP-xSpU8bLq'),(793,42,'1Jcxk91jVas2dXdBxJ6gsD-mw_esQaK6s'),(794,42,'1xp8oA-Y6FHZejmwvaqtkOvRKedgS6kn2'),(795,42,'1B3FXlkCnfnrdVJfG9Rj2uchmTj4sLYKs'),(796,42,'1bOOZKrc4E9Y2ARlZR3oxBDfVGvxgOGM5'),(797,42,'1DYNee44IvcY1Gw5Tqs1QBFlJ1CTjJ9Hg'),(798,42,'16hIIvrxuaPcyT8ioEuVkvIAhzLqYHOWn'),(799,42,'1wKYkGxdRmIAMhfPpAOM6Pms0DOxaaOyT'),(800,42,'19HtHme0qITzdy5maS-9j616Oza719_9U'),(801,42,'1ApWQU7UA1pKTe_MREbuE4u_Gf_xX3_3I'),(802,42,'1rSGqxgKXb861HdOmB00gZ7c-jGWgr_xT'),(803,42,'1kMF7TdRqyBpL5b9QJSDAyuL6UelW1mEq'),(804,42,'1IS4LMQMSuoHYkZmXXzMez6HQjKqk0eEc'),(805,42,'1ZrY_it8Xm25oVqVY5jyjM1xmD4So8jVd'),(806,42,'1Pvz_JufcOBkmuRBGP3sEvKlFaK6YH_bP'),(807,42,'1x1u_de-ReHg6gyyeNRcz_bu_c6l2e7Ij'),(808,42,'1ksz5YEbY3wDDjrhG1wRl0bTrcsemsglb'),(809,42,'1Gp3a-jCB6Lf1EinK6x-JmJCZcUD1FtFC'),(810,42,'1RbmemIGicYikOQPz5tNIgJUcpSibpTqh'),(811,42,'1MJpM61fP9mx1tt4JWyDZg34-h0an0ECl'),(812,42,'1zmvmu7IcsPtN4B2h9Sg3-vdwb_Kj9rjG'),(813,42,'1gBETJSwC4G1MDUIid-QTKTfg8kPFfHWG'),(814,42,'12fOCAjiv46U-QqGWdcE-1oAN6D6jiESQ'),(815,42,'1pvIKFghjUWICXPnoLfzxjj62uvhtKh0P'),(816,42,'1NI7OfH3hYqgeCoYJ9JgaiAacM-zMppfh'),(817,42,'1M6OI_gIcmNJ7sGeUwyZTB6PV6Gc3_cjc'),(818,42,'151BGAftMWiNZc46ABGSjLt2lpvQTHlok'),(819,42,'1ZdfXpcEQLuHW94C8mZoJHlu19qlPqmOk'),(820,42,'1lSicLe98CFqPn0UWQcsElLhmAv4ShocA'),(821,42,'1DPodT9UP5IVtoyMxq-tuDloBih5T-D7m'),(822,42,'1jHnBvCSk2FBk_uzXR0axm2Gc4dR0O14t'),(823,42,'1Xx3edyn6hXo7tZr3OoQw-1nYnmA5hoWo'),(824,42,'1INkMIHNT8HFAb8pDOaIGR37qQM0acRI3'),(825,42,'1BnT3Uu3sjQnyMlOcxZIQqcmnEltDrhye'),(826,42,'1aHUFz7wm4USYmVlHe-D3kF7-on0bSwvy'),(827,42,'1SZLSawiYv3pDxUByA2VEGEr3xSDiNZt-'),(828,42,'1g-lJDx-czTOpzxeMWRBxVg3bQaytxFV9'),(829,42,'1UBT5BXKkFpBDLk14d0Vmrp4B2j9cknhP'),(830,42,'1ZfP_T9bdX5bWUzLjN1Tokch7L3Da46Nf'),(831,42,'1_HsJ1UtxykOiHLY81vlprIUAhdFR6WlG'),(832,42,'1k5aJZfjiKMD5Mxfe6bT_Py9qJGZSNKf1'),(833,42,'1grDe8r74xN6iLzwDZGoi9yGTgHigHOso'),(834,42,'1GpEZb3ssutELJlKcSaOype1eQNvHmu27'),(835,42,'1rV1h47zolm6n-I3GSC8P5PV4WU9L3zo-'),(836,42,'1kcJmUZPOIu-FNczOZgfEIri-6DBP234_'),(837,42,'1yL-p9gxsr0DXj7VCwgrh-mUCqQNU8YY4'),(838,42,'1PFUnCdt8_kuZCKvH6gCQ8_sYUTMmbjkP'),(839,42,'11j3PLn3ffzsgZgGUG9SuL-IlWnsAhx0L'),(840,42,'1dYp2Pge1oSf-AfiRx4NPpRPmCaXdq-ch'),(841,42,'1VOPBcExp-Z4dDrVWGMCRy0cEe7HlJiuu'),(842,42,'1MIosCSjn-vk-nPeNTDz8fj9glZq258Lh'),(843,42,'1x1Tj9PHMOkDhUAKLa20-XsUv6lnzKScg'),(844,42,'1762vaDAYurFjpmBUlrSBQ-dz2Bmzr0rB'),(845,42,'1Il_dYY1GV7hQA7h_XXYv7R8IyP5glcvj'),(846,42,'12rSLxllm19xSbAj9GAJGmhRbYP7Csk1a'),(847,42,'158Q4VFJuGN8Mml77znrUZxAtUrhHeohf'),(848,42,'1N2w8nqhCpPE2HiHv315RwZMIQ25hkE-B'),(849,42,'1q5Rn2d9bzDRQ_CsHeoX30FokN7d79AVu'),(850,42,'1f14EsjtLIbeCQxew347eIupBONo9iJ15'),(851,42,'1Ze9NrOtO3migkg_DP0UBw_7fzfT2zmVe'),(852,42,'1Ll1gxBe-r_Ri9kjpj00YXsZM5RVoFMB0'),(853,42,'1stRVr8i1z3qoxHkIb8BiFMwKhQ1FuwBI'),(854,42,'1OYICWqHcl_ysPm_0xBSSX-yex2wv5OfG'),(855,42,'1n2bf3b4wkcy2MUy23ixttGcHqDPMSJyR'),(856,42,'1fBTLQGxUbCVk5JNpu7oKx4f-z0Wy-ic2'),(857,42,'16LKcqtYQRDirytDFOBwr7-QJl4mZDJv0'),(858,42,'1V-pot7VxLTOaBsDrH95lg48Pb4wRTgZd'),(859,42,'1Gl17F63aMMoXKfnmISNnmpUILfMi07Pg'),(860,42,'1ibM7moUtxhemjuvKjhtIv7BnjwJleeE3'),(861,42,'1IS-VCuENW5QS70Z82nOiHDVwxHLmc_bf'),(862,42,'102BNoEMsE6tP5ZfZaFqzpGy1GAt4GoyG'),(863,42,'13jbRNV72v3hSHie3GY3DLmH6YAirYqC-'),(864,42,'1vodsETGlNPIX2eFInEfL_oA66oG1QoFF'),(865,42,'1BBLzg-tlzuoZ6GKv6ZUXwPHHuBbnYcQz'),(866,42,'14cGg6de7hW5oB5qyeBsgtypf8t-8QLAj'),(867,42,'1TaS-GAb0YwgC3L2M_9-RlIFfH3khrmJ5'),(868,42,'1vN0Imix_gqm5545NRaatMcXZ0dNJoquh'),(869,42,'1J_A9McxS46Zai2RaFfyShhh_JmEzM_ce'),(870,42,'1zMwGYcNEKMuo9j6UJOw4ubPWi-D40mDn'),(871,42,'1Zgf8Sinddwj1DVZnKDGb_pfC_JEufhGD'),(872,42,'1sVFbnHpqEnkHXmnxonFycni82vODKpjU'),(873,42,'1R1rpwJT_x7AjQinhQo2llpRuKyx2gXbz'),(874,42,'1h6DY0HYeBdy2ktq9qUAzd8pLwYdKLJzX'),(875,42,'1_vg5pUfFLTciLOC8htwXpsxOYlFcwr_V'),(876,42,'183_odXXOfLwad7DmhR9LCiO8WtSVkhGc'),(877,42,'1dJU4mmqF7zLnpuCj52x07m4BwTswdsvo'),(878,42,'1bnZrw9p7KXmxtMThORNXf3JxrlNXsagB'),(879,42,'1eLn2DXloUgO4XL5LH9fPCf4PFQnitEbT'),(880,42,'1I-6Mf4AhCybL2KgVZAVIhjw6CHLdkAMS'),(881,42,'1cXuJVmZTbmKR_or66O_CL5VITHcTKpRd'),(882,42,'1KdoEADCBpR_ztXZ1hOb2OPGA9H-9Vvw8'),(883,42,'101kpF2gtLB0-Hdo7Py0JtwfgNrBItLRs'),(884,42,'1U1KXjFwy9E4qDRiRIX3ZUbY6Lv5ccePm'),(885,42,'1GkrQoiJC_zvdJRslDutv4ghW8kA0RCt8'),(886,42,'1N2DyT7dQ_HW9GhkfL_ui4tGKZRfIpQup'),(887,42,'18XmGnXt-Vq9MkoweFo7n7KJ00IUylKDe'),(888,42,'1qsQPBs4hphJ7zCMVbPPqt-Uz89_Cjdx4'),(889,42,'1wSFvzaf0dCORr8LXXHVdCYKh3w-KRrot'),(890,42,'1eSxOgm47JukerhuBvmTC7NwOLqMJye-M'),(891,42,'1Qij-pswoghX85ttfaRhLekbEpfUFPWDW'),(892,42,'1R2bf-ZEf1xfru7tGUX9bEjUC9Me87qJf'),(893,42,'11VKoJYKbQQ3-DU9Q423Rst8qDwFizeR_'),(894,42,'1gZNMYhph1n1HJE-FNH7VIUXbWaDXYnFi'),(895,42,'1aQx-G7G9-65wVnivajDDrB7aACAlPOV3'),(896,42,'1xrKfQC327X2YXdZ37LZJ3hyumCF-XBzI'),(897,42,'1Ick8UnnWPZE7jgoPm8oCKVI4JfFv-DOg'),(898,42,'11q-1YM4u2c1jm7y_Hbvq9Cp0vxq7EAEa'),(899,42,'1v_HDOXXZmxErlKsX5uUaIrUebNVZptGn'),(900,42,'1OStLolsKqN0IVpSyvG_N3xGbTaQOX6ww'),(901,42,'1XK0M14DLb4y7vXDdMLLgji_u-sn_f1Jt'),(902,42,'1oezptbzdWDdUZCtXcVK27KTd3-wN6ttg'),(903,42,'1VkI_LuEkjJyvPgzsuzITN3EdExru16Y-'),(904,42,'14xr2DJPIBcQlXdgE18w52xga2HH_oNgK'),(905,42,'1gL0Gc7-1-M5VM-3DxxsdblkjC1j6b2Qv'),(906,42,'1dwZgRUeej9PJiCCe4vStE01gtsI7mDPe'),(907,42,'1xULXfjo7hrCbU9YJm8-Z0EZV0ZMP3Bdo'),(908,42,'1q1TY50C70GZbyW-eKt1LUwAcQ2TimWua'),(909,42,'1qvwq58-Ho3rkldTlldSDqpWmZLUSmdcf'),(910,42,'1truqkIufwLnL1kiL4kkSZFH7VW9CJLZH'),(911,42,'1wTkwpzndvKH_GDml8KLZXXaiiIguPViu'),(912,42,'1HIjJm74wERIabMHToWW2m77cX0VVQCsi'),(913,42,'1RdADIrMSnhc8IkMpuLItnTDwk8phefAR'),(914,42,'1oa1837uU2wMjP7yEGLMcSYqoPZtejzfi'),(915,42,'1vHU0Snd154EW5fzgal402nLYBELlqJIc'),(916,42,'1ujlhBE7XsI9l9sDYOaqkxMkk5kxsrQ8F'),(917,42,'1Fm0kl5l9hUHIbHdEDx2ydfIVWytsguOv'),(918,42,'1cu_VLgcf83TAcN7lkM73l1Rrt5-HK7Nd'),(919,42,'1I7sCXmVPRRVRyt_v23gFuxok7a6y7CSG'),(920,42,'1TBL-RAkFaZNGZ2xCHhLO93Y4V-MiROqQ'),(921,42,'1P1uxzqDBTwqF87gcf_PIMiF2FghS294_'),(922,42,'1HMgCcKeBxh89Rfb7KzyqPTOBhxZ45pix'),(923,42,'1BVorX1c5lw1pvfs3nVCtRygLBBccn0MG'),(924,42,'1q4-_T4VJVIzHCVehQtz7YcpxgCLgeASJ'),(925,42,'1bqXRzNwe5eTqmAyypaFF5Ml96ev3qYqW'),(926,42,'1UThuOkPW5ygQSdVK9-aKfRnFH8ou2r6R'),(927,42,'1AWpzDtdbgXaoxW-f4xZd12E7S2S4D6J3'),(928,42,'1ZmkV4oOkUnFmwgTUDnHZuuu37B0pLlqR'),(929,42,'1218KQkGzEcL1NyPQQcF9CdcpMnnqQ-nk'),(930,42,'11JSzrUqLUHqtaZ9aWNSfhL01HDMWVRMZ'),(931,42,'1SYC6GB73aqSpijZCwwqXSbN30a5NkUiQ'),(932,42,'1d9pKB_EcueJ-GVL2Tlxr1vteQutEiVQK'),(933,42,'1E4_yqAGuXWKoYx3y9Gr4-RvLpetqjwJl'),(934,42,'15fG51rwOurxTKHN-vvYrm3CbCa6DaviT'),(935,42,'1MVk6vcNWRaqPd52yY963KfJ7o4afkuj1'),(936,42,'1wqLrBkyHHZK2Pk7k84uF4R67nNmgwg-F'),(937,42,'1M6WtJyjjOTTIA5B3Gt4IstjEoXJKKAT_'),(938,42,'14kS6qoPn5n9DgWCQxlfxYi4mOQnz1Re5'),(939,42,'1X8wy3hRsT7xwop9ROvb4nw49Hm_n_gi2'),(940,12,'1_DdBAfEn642rbQetSQs5zLv5I6nxsbvh'),(941,12,'1AxtvDVMTtlnQEwrn8xkBUUQoQ14zSJ7_'),(942,12,'1BsND3dEx99Lx9hQWoSHsc6RmprsxMJvX'),(943,12,'1QM_EGTWsm8HpeIRysyeE58Pn4xdBgcVy'),(944,12,'1bp73_Mt2Vx0aSmTsjqdtKUcEQLEVf2Yo'),(945,12,'1Wpk2RckUmYTRTUKjhFXDCl1bdEAnriRD'),(946,12,'1zjzlcSuQuvLEBfdSWqDKTQPZJeWUsj1f'),(947,12,'1Qsky3rU9AKb119AWcZROnAfWuZEIF9NK'),(948,12,'1VBe6guZn80eSAJhrLbIqVD6mR-8cNh93'),(949,12,'1SUtt8jbyPuDvuacj9Bdsf5PxwCiIX4i8'),(950,12,'1G-7lqF4kG_ewslbuoaHD8rNyqyLzbqQj'),(951,12,'1K4UlKo_Fz0NemtIN8A8EJxkf2-C6hVdx'),(952,12,'1QpM2ppEvry6EbWaxwAhSOOj8Lzi8ZST-'),(953,12,'1soM8LiZqIHQGk0aLuwmhcgQKied7kLQe'),(954,12,'1RzOD02Mi3wUE2-EVVk6K4xBAyUA4dx66'),(955,12,'1zSk3w7_9B6F9vN_luJ-hLpteIDyu2kyO'),(956,12,'1bNAQ-w5t6hkrQ9w7oIWbqmKsmA8iKHTI'),(957,12,'1mI11zO0JDJSrZ_kUDbEsxEO5v33zpTKB'),(958,12,'1wQevkLMN4DxwjzarOW50zh6Gw0sZsx2v'),(959,12,'1RyP0-koF88wWvPiEpSR0qcDA7M3SMICY'),(960,12,'1amx5sAVZNGdVcBx0yrZAejnN07GFp9Oy'),(961,12,'1Ub8ag571BtI3iyV8rf1gch_ZXr7IyTrh'),(962,12,'1dxox5iRUlAVh0T_QfuArY2r7VKeHiEKo'),(963,12,'1J_jTB4javjmINFL1Lmp0919Q4PISLxC1'),(964,12,'1mn_qvyYvyyRIpVVXiAcPxMedh_xo_spF'),(965,12,'1CXIy4PrDRMxyhXH8HCqHErJdrjJjAg0Y'),(966,12,'1TEs3qLVtgR8acUnu51Ue_LC4Qbxym8IP'),(967,12,'1zFLxoyy0WTdvK3yO508QqBOOa_ah-LYR'),(968,12,'178wfzz4at0KU8iwR08JFXIGiUgNRHo1k'),(969,12,'1BTax0Mxp3L8UqVeFpOE_ishP1MPM7wtB'),(970,12,'1RBmb2G2vJW_WqVwvRVAag6Y9bGYHvPdf'),(971,12,'1DINbcbpu-MXkQMGyUJhArw_dMNuEhUG_'),(972,12,'1KQnVQk8UyRuyuuR9k-diJdMF2ps80MIk'),(973,12,'1Fe1jq6yKzyL0RPRYLiJG0tw_YUhBmxwy'),(974,12,'1XQSBYQh4LJN-4NaZ3RJm1kP2WpeSd1UV'),(975,12,'1rmX8W7PiMI2XH125jQJogryw7Lts3GaE'),(976,12,'1oWHZPxdDH-_G6oSEy-EDp1Z9KQVIgw-r'),(977,12,'1F8of_k06PHsBpD21KEyKYBhJKF9z9bNQ'),(978,12,'1XNoar9jyXhRLdniESz4vmup9KwAeI_hJ'),(979,12,'1Jpm1UnFDCQDrbj1WTV6LbWPnKNkN1j1B'),(980,12,'1Sk45JM7dh5xuyv4RZ-vyfCnqFdYChsIU'),(981,12,'1AA_zHp0ycD8kAH7oicaAW-xSXxEQhkX8'),(982,12,'1yE18AgiMF-_jyyBG7ObucMV0EfQ8IlyK'),(983,12,'1bYu7DQ2n7mYByiuhUZ25pITrog_8s3vO'),(984,12,'1dW2W6eBoGFWVgyGwDY1X5LA4moX47z1b'),(985,12,'1xyEzz59ffS3jLVGItVCq7MkarSRpVMoi'),(986,12,'1BMEyYWDFXcC0l8eVZ6ez_oRH7UkjN7W2'),(987,12,'12YRHn2daEYnkMRtCcvQPYFVOLNu8qa3Y'),(988,12,'1qE8q1BA5ajgaxcJ1q8cteNI2mrwUpLlS'),(989,12,'1URberfr7CKbL2G3MYkua-UDFseZr9NFP'),(990,12,'1qf_oBboUzPHygA1X9orOzO-EjjrvpDRy'),(991,12,'1SaELW1S1SAvfwIS1jIhF3FGbT1f7psSW'),(992,12,'1p223-25e3KcWD5xJH-7My-_eHwqYxm7g'),(993,12,'1wjDNbTbJ9qZgJdFQ4mpJ9kRAIdMVUiLh'),(994,12,'1pMEDzxZJKxfyvKCieN89FI6df4P9DQt2'),(995,12,'1mgggnpVwQ6Nszr3Dfdo8ARfl0Ty89YSy'),(996,12,'12KwUJafwOcHc-Lg-_wsXZ-qbpGqQNsyz'),(997,12,'1EAaggEqKD7efIOg2Eikl6LrOb_7XtJBZ'),(998,12,'1Qbcv5gBION8ARiBLltB_xUP4X3tib3LJ'),(999,12,'1J2eE3k_v2w2WnwBuB5Bxhrz4v5tNkZqZ'),(1000,12,'1Hi0pJparsDG02PRNCASYzlJhGRcA9NAu'),(1001,12,'1joUCvbZEMSddtAFAXeMNzz1WKAknlllM'),(1002,12,'1v4cC-_9-5pvHEA4GUtqYw2BT-N8smJnm'),(1003,12,'1E8Plcg1GB8RfXAsVxht3-1TPzqIDqqGg'),(1004,12,'1XsDEIqKY2tIsbnr1oOyxm1zFtWxQ0kIs'),(1005,12,'16b1X7an6yS2kD60sYddweiGC_YBtOjyl'),(1006,12,'17K_jMc3YJ0SR-0XWht35i_O9dRAz22n3'),(1007,12,'18kDN_9-gQC2g_6aRASLC8lzKMXjvaQoF'),(1008,12,'1NkawYpaNEmZ_2_Dta1uMZu3iZpmglTHg'),(1009,12,'15ZvV6MneOcoRXtHOdU456QuozSjXVrE3'),(1010,12,'1sGAIgZVO8g2Zw99z1F9G068ggbJndd3x'),(1011,12,'1r6LiRJC2u9o3HPcfRIkUw3D6Vlc2qUw6'),(1012,12,'1CfTC7_VC9wJa40gXACfugRlvkl-chsWm'),(1013,12,'1y1uvfzMFngG1ehhghiTroG2aoEiiZEul'),(1014,12,'1TXOXPTSu4EAM9JYsbvU6aw9ACrDeHAj6'),(1015,12,'1liIQK9-oZHwY9O_TpKN2Dg3KLWg2H72n'),(1016,12,'1tvVyqhirDjBrMV3xeRr52gTCsYZVxv0t'),(1017,12,'1MphlUvGqi8aZz5thlYnCAF0HqjuHHoZC'),(1018,12,'1OCK7YnqiingZnSB6ToycXBR_Kmdiu8jj'),(1019,12,'13iBfCBdpMelRxmsex00G3k1lvTAewTJy'),(1020,12,'1W1vusHdFUheO-VK8fA3DXie5lfw2TElK'),(1021,12,'1Ssk9QamlHQjmFxcrjweI7ukeOpEaw1gx'),(1022,12,'1jVg9bGLMQiwV1NldmbRx4WP9_KOA_WxK'),(1023,12,'11YeQVNKUsWW-GbmRFJUGWENqhzea3sKC'),(1024,12,'1vghRK4ynYBNSFApIMBqKHEZCExsnViOr'),(1025,12,'1kdTK-RGbHx8G3pW4SCU4G-TWwBjjOpSn'),(1026,12,'1mPBYzG8HHzE0zrHGsSNW_MwNj0N1onUK'),(1027,12,'1u4CLDyVmKJk1WJ1spPy2YQVmgvj2zjYx'),(1028,12,'195l-67yCVVNI0uQEjxYs8nJLPFTJDQYl'),(1029,12,'1IMCjzsSPSwafShP8CT93p5706Jq0AsSH'),(1030,12,'1Rh8_rhg8fDB19lq1JqP7DBfcoxNXE3Wk'),(1031,12,'1bhoo46uI8oHXmNBaL9-a1rOJXSQ4k0HR'),(1032,12,'1eM-118gP9PguzbdVC5lt2Cv81D6Cx92t'),(1033,12,'18JgMYI7MLH3uE4DgDvDTJtkc1a4H0yrg'),(1034,12,'19VVpSzusZmaMm0hf6p9jNQbNb6L8E2P6'),(1035,12,'1Ekap9xsgyf9UXlVnK1cEnzrW0MXRWIKM'),(1036,12,'1vGESrgW9AB1v7PJK-ufBK5JWYl3q7sKi'),(1037,12,'1cocNcPRdCNRHg09c4FVIoKIqg2umzkkQ'),(1038,12,'1xVsFxZxuBLfqCxXq4AlTMuMtOi26PY9B'),(1039,12,'1ByQTyzKi1ewrmPUuoLu62WK5e92coNRC'),(1040,12,'1XovtIQCryqHMn8Pgyq30FL3UztF-i-q5'),(1041,12,'1XVNzT_Q3EyHzcoD97Y4g75uT40Fz0pD0'),(1042,12,'1oLYPtFhdL-xVdurOorWTMYloClXCzY2n'),(1043,12,'1qTiZMdklceFB_FB0GpM_u_zoCvLr6frK'),(1044,12,'1JIBCO_EKLXDxGZ7V3AQXgH2YeSKbZhxu'),(1045,12,'1V8v24Rk3KXHIe0yXArcv856OC4uFUVrl'),(1046,12,'1QNpV1nmKK6czBIbmTFD2W6_plahSHKD0'),(1047,12,'1SpESgAmIlt7FARxpMyq_pqoldxuobOlN'),(1048,12,'1kI8Lo7SESYgjYChXUvZX0I45rxlRRfDC'),(1049,12,'1UZazL3lVZ71k9akzMm9zvQ3JwPwTwEW1'),(1050,12,'1wJDWdd_UALddo7pF54gnol9x5swqf8KX'),(1051,12,'1OCRlWrz0lbvRqM9ZSR8VaD7nDVbajgzL'),(1052,12,'1EmYbYqO1Q0Cl28IiexjIi0pkHkiDJf02'),(1053,12,'1KoLz0o4rX9FteZhWqN2reMFv81yhwO-H'),(1054,12,'1049IumEXCjsiKaHhdbatKvDtk43oPhnK'),(1055,12,'1f9W5dYmSFXOIvxirCqZrBFZ4MYOGBxUd'),(1056,12,'1Ol6oD8HEYOsT4wNK_Gh-KFqh-R350iKb'),(1057,12,'1pEsS2eQiAChnXbRHU3o_WqwX63XWJQwl'),(1058,12,'1nGNgyTwnmJVCcAMtex8QuzYBwM1u46IH'),(1059,12,'1XvjN4XwM7d5uqgKk7bpCFKxC1OZudbnU'),(1060,12,'1tLgG6Y0QaP0gFZY8Kan74RrKJDEPQVg9'),(1061,12,'1a7yVHrXiB0Fr6RQ-C8akX-50o5YAe9Oe'),(1062,12,'1EuzH45ppez5cTQMdu4sCLnknSvnZFTnN'),(1063,12,'1rzH3kmabhRE3zwYE6a3lzd91jY1QZHd4'),(1064,12,'18eISd4Uj_lbkIvFQ-6217qKXMOXjg98b'),(1065,12,'1eesIx8sZuCHMft28YecDlsP7BkgDO223'),(1066,12,'1hm5g4zkQnC63to5Da60t3oDaNrEiDIlH'),(1067,12,'1ElwmWV_vQe5K7LdsQZCFFLB_bYwqka09'),(1068,12,'1p9Zb2zh2utKM3tFZCrRh6bckFqV77xJt'),(1069,12,'1nAXMtRdePpp0H4fcNNc97o2l7nUPpWFq'),(1070,12,'1HMT9zLs0qnR2m2WtOB2vMtt-f_xMd4Wy'),(1071,12,'17yLSrYJqYYEDjFUhHo4FbmhHOnd1vwdi'),(1072,12,'1ClkaLb5X-iTdzUb0RO7sgzzackiXBL89'),(1073,12,'1k9QRs0ejAFohBC53eifMfgxIY1wbYyix'),(1074,12,'1JDyEqBL_eWZdqfW4y9WRtkIlOMBzqR1a'),(1075,12,'12q74utsgGQXtPnqXNsyljwdBuDV1md33'),(1076,12,'1JIrs-GAW1MhbBCwW-YGBr-1vQpsFxJoo'),(1077,12,'1tAjD1hT8VzSBUfb9sqyIB_F8chPfn4qc'),(1078,12,'1fzwrnD0RovHYsgNvrUtFjrK8AHaCnsRL'),(1079,12,'1OUjBl5tQcGCAVJQamJs8vI__qJx2LWmi'),(1080,12,'1OSguAW_z8Gwh8UCRJ8DI_hD5_-vXwNyB'),(1081,12,'1i0nCcQu4H76vN7WNm-KyP21HAINgI5Ul'),(1082,12,'1Xe1qLL7FtTkgDskhUJ90FGGmUa_sgG_C'),(1083,12,'1moDaZJKfjNFGYt0uMiTLfWIQ2ZGHeE5g'),(1084,12,'1b2UtXi2O3igSM2vJxYy0aU7LBzso3JXv'),(1085,12,'1GL84tYcJegWrOUr6-jMuD6kw9Ylmpq87'),(1086,12,'16EWBhvm2XlkSRNqNXAlvi3pkjPGX1whc'),(1087,12,'1rSh3nfOcvO_BiIvhsTQ3lNiAg7fV2MpS'),(1088,12,'1MtXJujp1zDh0qaY1bEI6uHTAiqnQh7c0'),(1089,12,'1xBERAis0H13caSBWwwdgFPaCJwomtMxm'),(1090,12,'1v9DtJ3c65uX7oOTY9XejmPaXIWOGUAPj'),(1091,12,'13tFam3c6gfIMi39ID_HLMyxLk-2hfOe0'),(1092,12,'1sryQkYZC5cjcQBVeFfslDgUuX_EShI1R'),(1093,12,'1_KtNn7dC_IrPyUB9pmbzVSgCQ6534VUv'),(1094,12,'1YFqieGZTovx50edD6E2rD18fEJwK0raJ'),(1095,12,'1paj3xTNNIUEzSV7PQYbUtGGYE89PypHy'),(1096,12,'1Wc3-1Ajj0Gl2OCYtpHUVX_dldBeorilK'),(1097,12,'1oZzZ_5wye2FGjEiZ9hOhkmOvUKWD5x2L'),(1098,12,'10aDOFZeR2waZ1D30QBDtZ1JhA0oitDWM'),(1099,12,'1XfiVtFKYQxyVuXiJgvjPG60Dm2W2lna3'),(1100,12,'1XycUJ1Gx0c6-y3Iolp1wy_se6w12FBlV'),(1101,12,'1hfOn9Ps4oaCIvx3UajsXEFNe4Ldg3DCL'),(1102,12,'1VdcJ31zhPpU-YJAhwUSKlWOQhUJVRdED'),(1103,12,'1Nvi5czqp4aU2HjbtM_qmZR1VAFNVmWII'),(1104,12,'1GjIUd0Ky5FYn2-ArXu-9-5MrQzKiMBdE'),(1105,12,'1ZL86wcAus7bZGxX3i6WL7m6d38d3-MvL'),(1106,12,'1Qgujb8jhIUtduKMVgphou3KtsK-DA5vq'),(1107,12,'1y457Yhl2xKZhSfOsR2pn3v6EseMhMo2Z'),(1108,12,'13Sj8Pbr_h1TM2TFxtvxYBhHeykFj8Bh3'),(1109,12,'14SLdxwEk9wRqEmMfVXziVCdpWRYYOVeo'),(1110,12,'1QtUUw94Y6C7oD2k8Ly9lVWIg5HCeyb4h'),(1111,12,'1j1HVPO9oMqo9RC1ioz1ReBY3zIUSJ8wd'),(1112,12,'1F3g8DpUwg1Ij8UZ37LkPPPGMqpszSgpf'),(1113,12,'1IvvZmMwAv4OJWv1_35LXuvblgIVU4RDN'),(1114,12,'1c-4DSj8FyZA3mKLV-HsZdqr_kpPotfa-'),(1115,12,'1u1IZMCjqiA-eicXMwC4LLMxG2PGn_hIh'),(1116,12,'1Cc0AQnWaXgAGR1yDrnEK1w6MdnVlkU86'),(1117,12,'11Y4mX8xS221wSSUZrV4hHfDmOMh5lWUL'),(1118,12,'1T8mH9kDJFqm8zU5CmK8TI4nZpfARkcb-'),(1119,12,'1389STGkzxfAaseLWV10O_j7p9OA002d9'),(1120,12,'1s0jJOxJZJm2udaLXIuLbJr22oSLcYYvO'),(1121,12,'1ntYf5yQkIPEsWISgaXueNSnlphbjwWv_'),(1122,12,'11UBszW5833Q_KAz7kZEKJ0nyXQbXvTaC'),(1123,12,'1insN73ca8l42I3YoaKc-EJXmeKGlv2ms'),(1124,12,'1IvHw--6P6x0uKPcnYYBNurMQBLYg-2NP'),(1125,12,'10WivGqULAwj5rfr0rsHcmWVytkPgEnIj'),(1126,12,'1pXHy6Sr6O9AADf5Wn5xAVvMEU-XxLb7y'),(1127,12,'1w8Ujfze7RfZOh9GjWQEmYAS8uhanZ0ko'),(1128,12,'1_SK2ZYC3hv80JZTy2Ne3z8IghV2xvMh6'),(1129,12,'1E_LyvD0pZ3G6zXYZUyd9okhfnvY4lLEB'),(1130,12,'1g40TTyPU6ZZ2oDrucxeI9kMEQ5sh4u6o'),(1131,12,'1MBtVY9ylYApFg0VoScyZ2AQYhvidwmjz'),(1132,12,'1qDSV6PbmafQT7kN2RdfqJPOD40leMm9P'),(1133,12,'1s0XVoiH2fB4M-IXks8-yaflm1Rx_hjRX'),(1134,12,'1jmUDJPOWr9hN2inuGzDdAU05aL7E4PPW'),(1135,12,'1zEl5XE0ITVv_shOEwllJs6vDu3WdaM2k'),(1136,12,'1VYlawryg6MhJEnHhKxFje6eHjnnYpsR0'),(1137,12,'1nhqUmNGX42J6eIKWTtM-vEPaWNZuFAdY'),(1138,12,'1NBte_ajQqFUypk08rXC-SVS9KI-zivAw'),(1139,12,'10MZafzMagmZkmmbm0dnSzBGqvsaJ4dWH'),(1140,12,'1pqKHOwIBQYisFRnf6rd30u1kLKx9W4AA'),(1141,12,'1tZCBxFNcqD7gwAwBYLBSCT8HoG34rIIs'),(1142,12,'1gcElckNvIAFyx4YucexmgSixHT28NPpf'),(1143,12,'1D_ooF4NhnYOuKtIb3kmXJqVp7cfV3-u-'),(1144,12,'158VycrGgYf3dBPWNvZVsz7Ot-rfhZ4pa'),(1145,12,'17aGgLYB5cTZ3ts1baFNPljbxM6o22XXC'),(1146,12,'1a5xjSawejiHRnrQ7w0EECueN6PuMBoR0'),(1147,12,'1OZEbDqAtK9lKvY60upA46Z5u1dYX7G4h'),(1148,12,'1PJPdIEonVmZWiblkIwvxGtLs8y7nKaNw'),(1149,12,'1ci8JFVZyE_X6HvxHxhE0XZaEAqqnQgow'),(1150,12,'1HdO4O54j37-YsnxFO_nRj7HJN8Ph2Htg'),(1151,12,'1NOEWY0Kp4WPHd0e9UESUcU6ryb95HewQ'),(1152,12,'1_ZZ-yMAfZb9oyJau-aawSDXGdtqwQIC9'),(1153,12,'1q_dhBaIxngoBhYfAVH6YqcBS85nM-pZw'),(1154,12,'1aKdJw2rssgtFmhA8hCmCvGzPmdTF5EDy'),(1155,12,'1iSDDlEuvGPTPw2sENpr01cB6QqxTOa6d'),(1156,12,'15SWkcfR-H5F-PAuh0f7l4YHCQI6c-8Y1'),(1157,12,'1Q_LsF22dDrZWXLk90vnUFM6DdpXGRW8A'),(1158,12,'1LdEZDEbw2eaa3YUfwEvEtMqebJm97fnf'),(1159,12,'1cRfkS123xv6rDUIPAVzHDcQ7BIFBACAf'),(1160,12,'1hzcHfHo758z5d6p1kGeIrL1ihM_QJFgr'),(1161,12,'1tc3BEkbqG7f5vLE3KSLERvB0XDX6E97K'),(1162,12,'1PwwhH4chzsN5kj6XLj4aGBi1HSzAdxG7'),(1163,12,'1JcHLmSHN5rCGnXfwLdWkcldRScz0TknT'),(1164,12,'1MNXRNQUO64PDZemV0Kj8Md9vMalJB91e'),(1165,12,'1k4xB8aK5SHjN49msv48gnvGAwep3XWw8'),(1166,12,'19i5A0il8fZVQo0dVyb_tvT7VxPR82ODp'),(1167,12,'1lVUA-psY2l7nAqPDfsENYFmH9v_ML1id'),(1168,12,'1rjTRspRWknRdfKz4jVuN5Nhv0QY-b2LE'),(1169,12,'1h5xa5QWMBaRvOD3h8-UPfzd6syGPIbYH'),(1170,12,'1eki0xf63CgLGDUp4hGixSE1vSqR_TYn0'),(1171,12,'1u7YBS1PdrZeh7MWU2UxTaEuXTOzVKzZa'),(1172,12,'1clON--9JDHlw_vlkaalKPvv_YMmKWMvf'),(1173,12,'1ocEhTQbhXaQbeENd7HkWpiKIHKUmXlYD'),(1174,12,'1RIGxkuTFNzwSn36RF018dUCRHc9DgtVs'),(1175,12,'1MT5w7QLqP1rlgTb_w7lpDV5AmrFDmpfB'),(1176,12,'1YYVa_wEPVHOkoRZLgq4FK4jyYu22TOrv'),(1177,12,'1gFVfd3OyZlYiZx5GsVtYZOr0w8Fo2wlM'),(1178,12,'1SmykZ0kEn0hUTj38pSyFxq-BSCEGTYG-'),(1179,12,'1hnCDZLSdFjxv7mmkNKzaturPjZbuC1-3'),(1180,12,'1VQJETwQacG6lDgo5kyfFUC4FhYAKNyC1'),(1181,12,'1QaG9rMy6b5w36ZwNsps0HIB39pXW0ODi'),(1182,12,'1GwssweoVhvhExQM5Y793vLy3u_y-6Tdm'),(1183,12,'1l3MU7oe_6U2mKh8W2Hasq2dKfNoa58FE'),(1184,12,'1mRLLU9wmxiKcJ6RwgO2YDmUQSpOCH3EQ'),(1185,12,'1q0kl64_DoezTCVIoPJSE8Q_sdfLyJXTp'),(1186,12,'1adK9ueMhczYXK3UloBtL8tldp9_takI3'),(1187,12,'1A8rfo2udpBegY96YFBAHTqQPcvTddrQ0'),(1188,12,'1UuhiJcttgb-pZ2SegS1qPPYDeVQsqRGv'),(1189,12,'1DBt9yKcuAGOkyf5QKaYGPewfPrHeUHC5'),(1190,12,'1Ypf9Eci51iT9V34zlHKIBUwW_5XNjVQY'),(1191,12,'1QEMfr0xI6XSxIutxxh2y2-FzZAbSTnP7'),(1192,12,'1v42xFqyCIOkDI37pVyJGqpr78UtFoyvT'),(1193,12,'1882wuJp4OSkZpl4FchbnnSxRUpBQJB_E'),(1194,12,'1R7cAGM3hT0XzRoJyDirqKQ631GA2Sq5y'),(1195,12,'1W1A5uYuZgn_Ow_Ypgl9j-49n21A3WCBu'),(1196,12,'1iwINeqOYZEUOB5xNNwHJt1hQAcpuxkAc'),(1197,12,'1z0GTwGp2V8gPmC65yUpyyo1sxPUIV_Bc'),(1198,12,'1iU1NDjaBQbu0Zw0rEvxLwA7ESSgaBOd6'),(1199,12,'1NagSCT8KFAaXqAa9ItbeFFS3_lIkqrZA'),(1200,12,'1TSV4RC7El-fWJXF7uuvGUxUpcJHnJaPB'),(1201,12,'1Cf4Gx7gyxNjG5eODCfUG9l_CeWNd4QHe'),(1202,12,'1631kAdJ4TF_eYe3ZMVMb98k3ndE5GbsL'),(1203,12,'1VAAu7hWWs_xEsUBqLy7n7Ur0GXxO-pGA'),(1204,12,'1CmcVzNTVdzqQ-cNeIVZwCPW7BQ5-kqXn'),(1205,12,'1T2zWIu8zrfrVH2wsNaBhkCOHpNVynF3x'),(1206,12,'1WSz6HvYXWSMMI9HHOtNA6PrjSjlZR1-7'),(1207,12,'1fXe2iRrExqYbdZU6lz2rQI4W-4MB49Bd'),(1208,12,'1K8EceY6dHyXur7MBxTvmj1eLW6PViO-S'),(1209,12,'1qGlgmnEa92E0og4fRA5lbJhElx4hHDYm'),(1210,12,'1X0gKt5ohx6IWbF3sLZLPV27IMwXRHZvK'),(1211,12,'1rJ4ssI8XD1vPQqk1LwiGFg940Kbeivm8'),(1212,12,'1fPQxOqnUsi0Xroq7LRbsSHdSELYGm0Eo'),(1213,12,'1TR7telenBBISdMt3WuNTh4pH2Cb7sL5u'),(1214,12,'1eAj61urt6ExgKshAuwm0uG3mol_GjMT5'),(1215,12,'15Dikk0CnTTXibknqHJBXfELBBp91Ud07'),(1216,12,'1JNw1xsRCceN1eXwxlxhAogbXo1p_9Rfc'),(1217,12,'1D-fwcAa_u2CVMLsX5xG098WP_Mhe8-S5'),(1218,12,'1j-A_qRx1FCyuHT3s5Ej-I0QCy6Wq0JBL'),(1219,12,'1KE5fDFweGSFBxdai4hscX5Aw_Ti8xziv'),(1220,12,'1Y2L6aCFYw0dPtbMLsTUiLK_T-1T_wQkn'),(1221,12,'1ZgB0QkbqA5MorUVmIANTNtbDPDqd1XSm'),(1222,12,'1u_Ez1GNAo67vi2NdShnb2ZPWZP9lvWrt'),(1223,12,'1a24csxlsqjFcITpNH1Km8RKlCLlWwDYh'),(1224,12,'1RLOwWhudpdmeubMoKOAB_N1x69EspP_y'),(1225,12,'1BD9kOt5Txz8jXWcmuWgLYGlSRpazH_L0'),(1226,12,'1LbkvHXJYSXUesIudwosROVhG6MdY1vRI'),(1227,12,'1ZxZoZ3ayg5Mk-nMIOx7LmYaLvpHAvKKT'),(1228,12,'1kOsKt8bQxbYtrXY4DmDXR6P_mn962vAK'),(1229,12,'1ESpIKkMCi8_PznfSHzecJT0bMYnLx1gL'),(1230,12,'1CSAxpiBnmX5dGLFKxyLjvsZAmtQawvRX'),(1231,12,'1oE63VDEoXJo7mIwLa_gh87I91hQB5he1'),(1232,12,'11p3MD82r8OEDllOcEGGcYV8eQQLVMhwY'),(1233,12,'1DkqGfsE-USElkmszs6lOi8cd3NJnPDJl'),(1234,12,'1BpN3rqqYI2pp4wcDFVT1PJ9Slw8nvXVQ'),(1235,12,'1Xxqe5Yonqw4j_hYygpC_1p6Qz8ckWK0w'),(1236,12,'1nx9Yt9iB3JcMPW32QCC0nmIUMRbV3vkF'),(1237,12,'1Hzz5AmXsnfWWgG8EjzuJME5R_uKH_loI'),(1238,12,'13s4HezvbBAZqthuNeMOFysZMnHBAJeUn'),(1239,12,'1YD9EobhbeX9xanlttcvk6hi3Ze6ofUPu'),(1240,12,'1I9Vd4DKS8SdYPhflBiZgHGcmVwG7iDzI'),(1241,12,'1d_ZPGBZJDnvJZjs4HgNCbpUqYXkQInCO'),(1242,12,'1a3s8XVxoGhRqH-NQTCCfiL-5d1JPbEcu'),(1243,12,'1jE_zwix1qN-eV0yJvDfcDbhYkwfNjHCq'),(1244,12,'1dWlrRkifbRD2tlacJXvuTWhteWSeG9OA'),(1245,12,'135ahtmBHJEAV7Jeuijcq2PqrEgE0iWiO'),(1246,12,'1rSbrjReF5Ez-uPDJB2TxlY1_cf9btNdO'),(1247,12,'1_w7JcC30_TJ9kiZarCg3u9Kq3OKBtb5Y'),(1248,12,'1wx-lulK7jpr5vF1WMkx7V_x0b1bKbaQz'),(1249,12,'15bjpeKXLH2-5t6VqSeyvsJ6I_VzRd7C4'),(1250,12,'1CYv0FivHHX7zosGNMkihlhK6KFlgPBCZ'),(1251,12,'1P3aY9F48qGOmKO9sbDGGADHXbuSLyFfw'),(1252,12,'18hmNGSLEMyZsuca55-Q0L_sffkii_DuZ'),(1253,12,'16EJEJyfIYWWUeoe6PtXd-ZUPaSSgJKz8'),(1254,12,'1ryb8DiOTSPOxRaYGPypX28pPNimqALhR'),(1255,12,'1NFHv1L6lAXg16PsH0fmiVbgU0e3z13Y4'),(1256,12,'1U1DMo_G6xBJgMU-tIIWZnIbHwvjb5ykD'),(1257,12,'10_dmnl58pC0MD5yZ0wbi346HkNPocKmq'),(1258,12,'1wBmq7HHL4Nzod6aFGnRzNYzTxz6e75r9'),(1259,12,'1LBExoGtoxdND9Scd8AUVn1TsXiGsywfs'),(1260,12,'1vniMJcWltHDrIbHqoKTCjUw-OQoY10Y8'),(1261,12,'1HUcmD6nWt7f_JLrh3qy1k8kDSC5hsT2M'),(1262,12,'1cf_eshBh9I4Tcf32zuojc6F_c8_JQEci'),(1263,12,'1rWP5BI-SaQavez51T5rPIXCDOllQkobj'),(1264,12,'164_gfsaogPNdO_k1RIT8JUXbt7QRkHzy'),(1265,12,'1nUzoQg-XZmwMcSXBuRlsfC-H8ncKDFd6'),(1266,12,'1BRR9epJjXUOBSludnS0bYJbsNhqM9o8c'),(1267,12,'1Firm910-9jbRPIcTwOPhYMdrOjESx1FA'),(1268,12,'1aRDvJGSXPJtIDI8BIRYZlWioqWk2dJQr'),(1269,12,'1xGm5aWafxNqdmSR9MaCsUBoB-JDBod3T'),(1270,12,'1YLlu8H0XYl3zT8J2fJdywDdof8thG42P'),(1271,12,'1m7ENLmYoZOKIdYPgwzqKLfViPzCavHC4'),(1272,12,'1rJZEFUeu4y0eCKk_uXVy7KsHc0YYsD69'),(1273,12,'1vT3aYtgaKpJbI0__r-hkYhGW2_5Y-M4n'),(1274,12,'1SC-UyCPQihQ57wUxZc-qndqTngD8PCIH'),(1275,12,'1uwU4JRaeD2-NyIXdkQzT2URlHlzVE6Hu'),(1276,12,'1j8BwNGhshoLqg21gkIC0ckVEABMGKQH2'),(1277,12,'1LfHw6Ukh6fmqzUkLRIopDHBLd_LKv6Cc'),(1278,12,'1kMpLisD1s3t69bIjf0BbxqAB2ruJcCDs'),(1279,12,'1lYA-a6vggDOMfOybaWfSrOlaRia8WRZg'),(1280,12,'1qudX-gB4XqFLJdRGihWDf6R9LoG5HP3F'),(1281,12,'1OMEEBtgnEbU6vhSEfwavD4Fa-X9pGCRc'),(1282,12,'1iDvn_jeHKzQ4h6lgSAlI1GCZx4gvYJOk'),(1283,12,'14NDAyJON5bEFfSuv4DQ0gqdHrmsuADrd'),(1284,12,'1mvMN6a3aLcNWTPb99gQxeXz4wvoKW9Ku'),(1285,12,'1lDmAcKC2s8fV9Gme7-SltW4wsmgcIJKf'),(1286,12,'1OsGlqWA4yhFy41hVrSjd8U46OfHc60wq'),(1287,12,'10QUPL2Xk-UgOEUfBnGkQahLpCcGGVM-k'),(1288,12,'1otfK4h7Fa-JGOkta2ctc5j0RHrdiJwOZ'),(1289,12,'1yquLwfIJIirs1aa6ygTzF5m8hrxm-ael'),(1290,12,'1l-cQRI54wH16sMXAMv2GDNY6VAtxhYHY'),(1291,12,'1kLDZo-_Tww6YWoDqW-KfN5ciXBrzlvxz'),(1292,12,'1PkZ6qECTHZgNTIbeHoN2cskuPIjJg-xB'),(1293,12,'1lTC4SrSBHyr4Due2ORqmaL9i4I6gKX6H'),(1294,12,'1vwzrc0fAHaa88swm8e0sMjwPxfYi65hh'),(1295,12,'1dLNcftD7wgTxW8Zdosz8thwupxH7vP45'),(1296,12,'1Tiay4Dmg33E5wx_mb5bTPiD4NPhm8f0X'),(1297,12,'1_9DUzgBz6Qc1skisqQv7cZQoIZoxeLHA'),(1298,12,'1LJ0wmKEEWKdGxHfiq0x5oAk8z5CHOcLG'),(1299,12,'1wks9Hng_WCySgji6uZK7PuBxFb9DCLKl'),(1300,12,'1Dy1WvD94xGBB4DDIRkQ8FLhNsQrLBE-D'),(1301,12,'1mekuH-ymxNms_7gs8tcTO1iKclbyaHPt'),(1302,12,'1lgeBddGXZsI9_wJIgA3a3vuSBIolByNL'),(1303,12,'1_zMx0VF_PBXzfEuSDVmLQlP2_yqbXn7S'),(1304,12,'12HbRkvKng5pZlsC83bZ7_AZtnBf2admk'),(1305,12,'1DZ2JoAzp2MCF4g9oFnuGr04uhMfTBD0W'),(1306,12,'12Q9j0X3R9JjofngQ9IFAHTgHF3McYP47'),(1307,12,'1SXZc42jkCjuGvnbqMa1C384H5RJSzqHE'),(1308,12,'1qKSQUPV1rYIOs0xICF5hUG51hGI1iSbU'),(1309,12,'143-64GoJOAdfZ4iw2teZVL-M_Kp1hMQs'),(1310,12,'1vcOsnAU0OKI-M6InD0iUUdlkYXGNdYb-'),(1311,12,'1sxtpiH_mjGtrDcM6iCDghP3kppItP_Uy'),(1312,12,'1LsgE3msdzQDtPiYOUsUKJBstx78YxEDh'),(1313,12,'1hFHzsPvLJ5eUj3Y8IoTa6tDq-zbAWmrF'),(1314,12,'1QyxnfGPk3guW-kyXv-0JYvDZ0MeV6Q-G'),(1315,12,'1NyqAtkuWkPEC5bQduMkyW9klcw4ig_su'),(1316,12,'1pDUMRLpbYeBkJNnTq9icvKlUpKkbGKdo'),(1317,12,'1NKgEJrF0uzQ5LJztK2Uj15RtCydVBgn2'),(1318,12,'1uJ88o529r5Z6bKW0WFxVzp_WeWd9O_9s'),(1319,12,'115n_I0JYPJe7y7pX7IRkVpuy_dVlYpUh'),(1320,12,'1UtylcjHtSNvggQzs6O6MoClIN6CiZYqg'),(1321,12,'1UyZP22RnBIsgyd60GoPLJJL0OVzLLfX5'),(1322,12,'1yGGGl_AtlSdxiU1luXisgnTORfZlMZSd'),(1323,12,'1ifhQIODcmSVK71AwN4vrjFpyfu1w6amr'),(1324,12,'16If1pMWUnC_YcxzqopXkmcIakLxD__jW'),(1325,12,'1zQ1AAsYJ6e_boDtpYYi-c1AtgDzOh3Rw'),(1326,12,'1Ic7bfJ2xh9nx08dfzEpkg8MMHLPXB0ph'),(1327,12,'1WMDtvmwOjR7PxaI6LeeXxJs9yqFCgcER'),(1328,12,'1Vz39SA5kRjPtZwy0JX3XG1dXx5oh55Ka'),(1329,12,'1doiAtCA9vUUP_28tcMf0QZOm9XtBO127'),(1330,12,'17YJBA3elOHK4eiXK800ppFsdNuFOn_fO'),(1331,12,'11RKqRGsVVh3hGj8-sfHD4CIkOcXAAvu0'),(1332,12,'1jG7mRjwHv3gvbYqETzcTiYIeXaj_MC36'),(1333,12,'1_DmvSMMRYjCZ1O_FMXZnNC2o23mU-2wz'),(1334,12,'1AnFL2iBeZzjCqgcGfxvMCnyVcfOKxYi9'),(1335,12,'1WhFqWDY1JK_bTzIttMCjGdAwXHpmZtmi'),(1336,12,'1zrzgm_3CFPvzRHnj7s4MdMR1f4ym-10Q'),(1337,12,'1QKqy57vLN0wakLSBvLb7U7m54MFpl1Uo'),(1338,12,'1puU6et_NUCacAdom10e8-wVNo9TjMflN'),(1339,12,'1z-dcl0wrkkeW3TNqTfZ06sdT6Hzj6Pn4'),(1340,12,'1x8ix3plEkxWtQj1vyCKv6nzJI60JHp4g'),(1341,12,'1XyuIGjK85A5b4mKUQ1B4BrqGvdktS41w'),(1342,12,'1y_Au4MMKffzglT3CrgIx-ZZYXehkb46R'),(1343,12,'17oxK8DfGlAWX8gxWvstG8GDyutT4DVqM'),(1344,12,'1jyt2fP-h5Awri8e-ACaBeE_sHxAaNd1W'),(1345,12,'1Qa3E5hnrx0pQOeVvy9geHECmtaVG0-KC'),(1346,12,'1Y8Sc14JDQ9jQ--aoOVPmXUPZ85CuAjd6'),(1347,12,'1TDIGPaS14DzrFkI0FWTlFApBxFoaAyA1'),(1348,12,'1M-bZ4lGB0uELtKpcBokfz4__CPUyGo90'),(1349,12,'1i0mxXiWnzB17we2sJVg9uyscttJTgUeg'),(1350,12,'1AmqBV4QCWMmG0RE1Nia36j39rnjN3YEt'),(1351,12,'1ckyoZURvStPW0SQYpe0YCSwURuTikclv'),(1352,12,'1ZN6AYfGKbFXr9Oc3IQA2Z9APQcYsw3Tr'),(1353,12,'1ck1q3aj5xpsCKfF0EAUWa3u4rcTuL0gE'),(1354,12,'1hQX53wqIOm343siP3yUk1GXGJRYT9qqB'),(1355,12,'1ZiJYTbsPULKEZvKuHnlWlJaoKbHZQy6o'),(1356,12,'1HfDUJSfgsJBDrG3r5HD8TOkM2PP0coGV'),(1357,12,'1C7uIjHQMmRrASxkXCG9wI0p1j9V0BWQr'),(1358,12,'1Yo5SMaPy4uTg0d1bBLyYWn6eQ7MN4P3J'),(1359,12,'1fAr8CSstFi7iOg2X1OhXh_p3NLR48iNT'),(1360,12,'1s4FVjG8VoXnl7OhmyxYyWTMIebvx86nv'),(1361,12,'1pQmEKvZ2-T9szl24ZeEiQyClzxlLnVD9'),(1362,12,'1dtMjX_MlvGzB553-jUtn0DJ_QSQw8QhG'),(1363,12,'1dGnMGPYI5x_rdigElID3EGbjSQ0VharL'),(1364,12,'1AN4sWtV5twtC9PrvmsQMTM3r_IQt_524'),(1365,12,'136GYatVKw4l35DfGuPfIS6lAh3BY53Hc'),(1366,12,'1CRaBDP5BVrt5Pi9p2Rx4t-9SsG2Lvjm2'),(1367,12,'122bh-wXllSd25ZE0FtiOnSec5WSRa7m3'),(1368,12,'1k9W5NLfABF62haio29lGB96d9mOq8CCA'),(1369,12,'1o09bGiKkJQRN8UP2AtDhCdYvxdHSIZJi'),(1370,12,'1JA51dDpGTLLI_8Yr9iD4hJG0JGxhvRYm'),(1371,12,'1EvN1ZWYVjJTMrWeb608tnGUsY2v-0C1l'),(1372,12,'1PXHzkR6ef51j04gNrcwBCVrQc2opFEiy'),(1373,12,'1j3MZ9EU35-PyR8LFxJhXuam8oseQ6d7N'),(1374,12,'1slK29tYnoaNixAJafL5GhFiYilER8H1v'),(1375,12,'1Pl83nhrieuB3vdVCop9tU6QNmmDtsam1'),(1376,12,'1G51FIhbWI0WvBbhzdmcY9SKjQkEndowH'),(1377,12,'166I6zlW41R3qMg61vVc65BI05b1ot9fd'),(1378,12,'1ih_t542ZRwxjqp5asst9WxOIYHuHWhv1'),(1379,12,'10yrD3QXGqTVpSWeepzqtNLhPsqfzUWp1'),(1380,12,'1zfZmOd0SmXp4cOWilV-DPhbLtPrLZN-z'),(1381,12,'12avXZKpRR7Rwe2U-IbdyO3W5LWCcu4mZ'),(1382,12,'1YBXiDUko7JKQngeGsKjNS3U50YSjq-hX'),(1383,12,'17Qwm0By_H2O3Engr5uvj2-M1qiwdujIi'),(1384,12,'1-wi-MX784d8W5V--Rf4TVe6ug2HlaVmk'),(1385,12,'1dHCGcgJHTTH8lGbCcskkz9CbKxY-wnWe'),(1386,12,'1LMJEx2RthLS0bOdpoQeaDmahWWVB0n2G'),(1387,12,'1oaqavjH_QJ7BrBLiX0P0H-JtmYBs_IEj'),(1388,12,'1KNzbMQzBJK5BRfa_AOMXAGSZO721e32o'),(1389,12,'1WuMxcwtOXLqipfbREPwQLBi79SGAit2P'),(1390,12,'1t-cBVN8rrxifHZvLCvSAzkbJtbVbHWUJ'),(1391,12,'1XnxxqfsVefpBSVZms7OkEqQPkglzxDq_'),(1392,12,'1_15qFnaCpndkdiPcp02cEaXN98ES29dI'),(1393,12,'13W3bvxd8AA8u4YhLH_mF_tcsHH9OZwiD'),(1394,12,'1R2j9OPI72SizzhuA2tlX8f68NOw9uSrD'),(1395,12,'17G9zKvO4cIIs0R9ndQ1ADBzxClubdMzh'),(1396,12,'1zPz5tvmGd9qnngKqVmLR6-iZvQyr_ZCB'),(1397,12,'1iI_K4KQgduzmJa3LKWFTgO7ltpt2lo2R'),(1398,12,'1_o8E7yfDFJV7OoAePpBR_-58Wl99G2m9'),(1399,12,'1O4LVMMGEpj3ix8i5FSC3lr8die_KpfdI'),(1400,12,'14SYJ-mvFOOpAtx49sXr_2JvqLPyFbvxy'),(1401,12,'16LHALaSbztUFJaKNpWo7si9m4KQJMYwm'),(1402,12,'1FeCkSg8h7ijZFZpDFYx-qtSVh6faYQ_a'),(1403,12,'1dLJOo6cMMidtCRD1xB7InhQjxFW_3wR3'),(1404,12,'1dszuoa7-B_xwsnBbQjz4O4N3AaJOaL4t'),(1405,12,'1DeUwQgHHUXiGd0Lce8dNc-cSHSubiRon'),(1406,12,'1gxDdLCnUzdii6i6gZ1Y5EwVrf8nmvP7f'),(1407,12,'1nOLO9EuO_j5qtInVhhIR0X0kRvXTLm8_'),(1408,12,'1qfikA-qSX0W3CY9h4psCIKZemJt6T3dp'),(1409,12,'1lLk1rV9JPmPaJYrkFdK-gTN887bFTIks'),(1410,12,'12J_5f_-jdO-zhOTxy_KWIZLDXMkc3-EK'),(1411,12,'1o_i6q7lHu8ueU-iD6qygnwX76lLtqk4k'),(1412,12,'1Ahpz3fY7ccFbloH9ohmhT7X3pfLCFER8'),(1413,12,'1ZDNTTfQz3HP6Jaq9RRGfjt2hbFHXQPuy'),(1414,12,'1PhfwIVReLUBY6dRJPYuMF2cJWjoELoEa'),(1415,12,'1-6_ihOVLhrxHkO_4Bkbk8jRNiI9Xsgb9'),(1416,12,'1nADv2g-pfiINUfZQNi9V_qLXUA6dhgfb'),(1417,12,'1DIE8pl8_LLF9MRHKO98BN3vg57gWIe1n'),(1418,12,'1rPwsXxropQd0eW_qDToFf63Z-s6VnBBI'),(1419,12,'1iwtO8C3xp1q1Bi2hEcGGp5Q-3ER2cWF1'),(1420,12,'1zorbQn8ZHEfU612SXnYw-yqxtzHpJNNg'),(1421,12,'1CLf533siruQ1zP5RmrDBxleE2Der10fO'),(1422,12,'1TyNBtl89c--dVX-hS3LX53o7thJPnqda'),(1423,12,'1DwjUDTSTeSlc298t1J5PnUEbPGFCuuo5'),(1424,12,'1LqomdOUmpF8dFu370NOYYuSnlcSPaAyQ'),(1425,12,'1NGXVE1B-obWPR0VuDTadeG1SXtUsIA0o'),(1426,12,'1-fcqOW5daXZ3yr2yanMgMheSIcV1ME7s'),(1427,12,'1HkY2cJgF4Pyu69c7QX-HtWqaN8BMXi9A'),(1428,12,'1ANRH8iR8kzjUfU4PUSid6xn60vyXyRls'),(1429,12,'18zm64B9gvZmI9SretoN91chwd7jmXWeb'),(1430,12,'1AlrjvCK2hsM14-GK1-wrgPdRl1LgV8be'),(1431,12,'1FmdLpbEJ2abGP1AVrH1YxPdh6URhIZgK'),(1432,12,'1o8t632mfFPLZRTanNxVDfQ5fYgFsOA5h'),(1433,12,'16cywjGaXukdZZpUjHJMltRF7ksmFJ0zy'),(1434,12,'1h9_a-LjXcLk9XtDoJuHkaSCKrWY0Ru3J'),(1435,12,'1JCEtLCNByO97-A2QY4SQC1EKNtjOVEri'),(1436,12,'1oWRsXedzQyNgxQxP9V1vdyUdlH9he1XY'),(1437,12,'1It40y4ofxw4dezl_AhbDvmPxwlQiWthC'),(1438,16,'1UvyBcAKGzD3BJLTFMfpLDn9IE8HAINQx'),(1439,16,'11j78S5Kg3wS7IcKJCPaSChRaOW7gVtHg'),(1440,16,'1gcs9JE4s1V-VONIt5rp454LK7JPVAHAf'),(1441,16,'1ZETyKW5iXhdmGTiCvsGX9Qjur56zHZyn'),(1442,16,'1_qpaOVlcb1Sv-0X3641iTANf1bUMFKL9'),(1443,16,'1oeMEpXqZazpSJ8KPCRNvX-9mmX4gtJiP'),(1444,16,'1zjnBImsqHqdgf3imK6lIPwjQB5b34n3y'),(1445,16,'1Is9CEf76KaROcdB_Zb8ZO4UoLT3dRy7i'),(1446,16,'1kUzW-A9NlFfQPOvbmXmk0W0WEv1XqD0l'),(1447,16,'1-dUMubfNEXCr3FSwHu0xQBCFhFvTtEC2'),(1448,16,'1fYraZmQj5XZUFy5rQHVhIIvNpgYzF2aH'),(1449,16,'1gsxwYSJPsEbWKgAbStB3i3fNayQ8SM04'),(1450,16,'1AkPxof9-NU4xtlmGvYB2gsFlM0195ikv'),(1451,16,'1WfVtIJh6n3HdjxT6ti6ChxjkB2ni8EWc'),(1452,16,'1lPh2z0eW4HohhEeZA97UT9YBzKriLAlJ'),(1453,16,'1V4kdEmzkuKkIXVDzQlqTNZA8HT5dSO0h'),(1454,16,'1DJNRjlLXDQWTQ586lTan7t-wZkx7jJi8'),(1455,16,'1zRQUB1WE_NuiBiI7vXn7l6dFbPl69ssI'),(1456,16,'1GlHbx-Gp-WDiP-zwFg1wnV_cxdwDpllV'),(1457,16,'1-3ZogixFAYcucNf7BnKng7TnEV73I9Sa'),(1458,16,'1q6FBFrG6hgtyZeZX1U5ArSq9V2vIxsZ2'),(1459,16,'1HnKhYhM3IgoFZG2aR8BO2XfB_GdYR60j'),(1460,16,'1SWv8K9_2ljoOuEQnXb0mOYx85tp6wPtN'),(1461,16,'1R3MBTWlqKVBDzgQp9fm36DeByrXP-6MS'),(1462,8,'1zwYgWTLBHIHlFSnK588qyPVF1oY5kJL9'),(1463,8,'1rM_G1J_Ip1qqmrrmVd5wyOLrYwbuDYos'),(1464,8,'1mxHI-P-WbtOmi35fYYXTK1P1Ul5c-Oxy'),(1465,8,'1nudeTXip64EYgmTxZAqpIgK3pDoOCUie'),(1466,8,'17ER5q-s-ZbPgn_wBe264hwVzswd3wLqj'),(1467,8,'126GsTjN0Z81GBzNliNqWVJx6hARE0Wh5'),(1468,8,'11LgDfZVt642P51zJShL_rpgqQ7u5mw8j'),(1469,8,'1LAUa1dcRBfaRXsGGgbVs_mecsSlIVwAd'),(1470,8,'19GQV1qusWqcTKiaGaUXB7JVj6GniV-BX'),(1471,8,'1BpIymcCnjirFHU0sSZ7NjZBljeaNokdp'),(1472,8,'1lVoKoSkNXk_0sTN0m58RIgyHQGGekCBY'),(1473,8,'1ZsL54bh-wMvd0p7lD4kl4LWR0GHgcA9O'),(1474,32,'1pFb3QJSgFx9hhLvG7O3FySjWuNaBpva3'),(1475,32,'1Z0mFV0Z1qtPtsaoUJBYe4nN2BvnN4O8V'),(1476,32,'1y4ZG28omx0sNs-Agss_Zpo3TyODjKX3q'),(1477,32,'19vxeLWQfih2kC56VyrYMeNNFgsRWkL5B'),(1478,32,'1J8M0NpodpmRim8hZ2XEqDHx4zNzc63JD'),(1479,32,'1iSsVk_ILY6UX77vFvU0QYs7eMk78XDei'),(1480,32,'1LR4w2gItkBXxm-RSWM_BjmXGadDCxwUQ'),(1481,32,'1KAIPPsLbgn_mZF8UQwZlTa1-a-Mt5SR3'),(1482,32,'1rpWzBDkDlJA_iFFMWwU7lx3xYC2Xcx8a'),(1483,32,'1zoF9qV_RbJ_trgRln3iqJ0-QzblGVjMK'),(1484,35,'1XQLzUPlCNEEE9QJpB64Z8Gl2wuzgA7jw'),(1485,35,'1Wn7u_BgyKpmu1ZyF_2lZCFjlmANTLNlo'),(1486,35,'1iBRAK69JUUqbnbU6seJf0QZJugRLZWwJ'),(1487,35,'1eUUVz5veebtRltRovs9vhdJyekOhUjUz'),(1488,35,'1KL5N6ryWK_5sF5jZVCBsRPTCdhYcOOOU'),(1489,35,'1hYNwUxpJ6vaSM3ApUcqFPVUWZr9hVTGc'),(1490,35,'1XcjwkD6QZDOiTjVQuqfVyJJJUDfdzpp4'),(1491,35,'1wbI-eguTXBTq2dYZwXZ9byeeDRsQOtUT'),(1492,35,'1SpbwBf-2umSby8Y81QgtLsd21DfNNkFd'),(1493,35,'1qBb90S3X4UatksR0R9h5uRqkcGagShPl'),(1494,35,'1KSLAvFOqSpur1R8UHysZHqiD0HYaSj71'),(1495,35,'1rraWG-f6pnX8D7D99St3TUwBWwhMH25e'),(1496,35,'1RUcPFB3Gs_4PjifItlygpczdjcTb_75x'),(1497,35,'1366lVtcDkOx3Ln0REcHO-7MfInGOCrU2'),(1498,35,'1l_1KMt0u-XF0eOXxdTlp0LliYNf-zygb'),(1499,35,'1IMYgXazw2Q53J-C6lLHDyYWk_JYpY12b'),(1500,35,'1I7d3-dNvHk6vd5nAAFmLQrhm1W_LIrUm'),(1501,35,'1gfpjyOoZk-24dQLH3-4jpWnC-ZkY4jBJ'),(1502,35,'19o0TuvePr6gCsY5UgynvpXzTDsSoHZiZ'),(1503,35,'1UTBjOGgj0VlA74IqOsaMt1vfmOBpxZag'),(1504,35,'1ClKWOHxbFj_AM5x3W1LvHDlNiKjuiFDK'),(1505,35,'1N2UX2ZE-yf7vZnLSRGOnEz5fuDT7Jbva'),(1506,35,'1Wa0zz0F6ClFhHkTDBDJIaTqHvlmyVlyh'),(1507,35,'1sRVP52PJnFvl7I4PLXLftUKRvqs3iBmw'),(1508,35,'1s_TWDcFod78KTf-kkxb0vfy280m54enD'),(1509,35,'1HFZTpuOCkfqDlQm1_P8k9DheP9c3S8CO'),(1510,35,'1PHDaRT0lPuS5o8sJo_ovjzbv7beVzeTe'),(1511,35,'1QxdWtFWx38YSb9VU0DgPWFm6DTDeauPX'),(1512,9,'1WE9UxsVwzjyU4QUfOYjJaPhWLdIZcWgL'),(1513,9,'1tk08gPC11tGljPql2qBuUnvHkeIff4EP'),(1514,9,'13XxQIsKNWG4eJYkhoPoB7Qmv58iHXChG'),(1515,9,'1rkNpxo2a02-iRzeKWKB7es3UIoVop26l'),(1516,9,'1EnfXtVtUQ2zOA8hZjjbbcEaLnpfQqOyE'),(1517,9,'1lAkmHFDQZDChiNczud4RcFXMAeX_Hkcc'),(1518,9,'1okyACMYZqD-HPlaxaUkSClQYwoF2atgi'),(1519,9,'1ly5WadNdumyWgtXTtgBukH8yVWsJ9Jpq'),(1520,9,'128gvLPSr_a1cjoiJ4NZZA4Z_P9wFcJJf'),(1521,9,'1ywUavRJGncosVimaCnjlEZicVxbeak7O'),(1522,9,'1h91FiEtfEOb4GI-g_LQTy0lS5ikXpuU-'),(1523,9,'1ZWBkQu2D2JCvqgwE8Yb1pDyihAXwvpYl'),(1524,9,'1afS9q53hzYH-RmPnbVuBn2wY_jCuxvkR'),(1525,9,'1XxgG5fQId-DVHgQ2zCTPzN-WTPXsjcn9'),(1526,9,'1jah2Ojm7b3NVTgGVrWHT5uhKdjc1lzNk'),(1527,9,'1VtViYANDFMzhytycxFZuCi1NraoIck1p'),(1528,9,'1QGHeLHS7JA7xFcuFb-acdmzsxzD6R_s1'),(1529,9,'1P5dNe8dXjiOjSXaQT2GAN5LJNuyxCBtT'),(1530,9,'19vU8E2wG_PaSo3kZ7El-6ZOGKwVhKmB6'),(1531,9,'1FqsC8EMdDD3Sv9SJ-SLukXLsDw_xQsUx'),(1532,9,'1DuDko2IwXnNCnj-1N6qMTGVYdD93Lr5n'),(1533,9,'1Sn9Ds5Sl3S5IX3oUxL2z_F2Vk8zQI-j4'),(1534,9,'1Iw2SwIB77buVxyZHYr6H_5e_z7FG-m91'),(1535,9,'1JQEjk2VLioxbjSdefE30ZCgNqQBqhR8E'),(1536,9,'17xS0C-BBsg3EyKz-aBShln2ej2Euai_i'),(1537,9,'1UV84QpQpYqk_bSTpdM0f9SLZTuxMIzy2'),(1538,38,'14Akt_bXZQbugtSKGoJJJjVW8cbfz7c_I'),(1539,38,'1_-9XioEWsGQtK2G_zhP9G1reZ_HxttWB'),(1540,38,'1g46KHi36kfyCREz7LVvI3uH3zhz_TjBD'),(1541,38,'1AL2msu2miHWjReKtttimNxXl58rI9fDE'),(1542,38,'1Vtei7ZquFGS8H-R9yjAo-q8BAOSQ51RM'),(1543,38,'1nC3SEJ9JnaBSD61-Tewht1AUg2LiIxSR'),(1544,38,'1YuX3aRYZpqhAkY9LPHi-zS118v-WNJuR'),(1545,38,'1qhhkVuepKScIc4mxNSbu0WoRPbL2Wmxa'),(1546,38,'1UVXVTBSzchicXc-sIMpAseNLEEFG_hqJ'),(1547,38,'1-p0c4Fsm4ylGcYeNuVC428JQEHIhVjX-'),(1548,38,'1zHu6KMwFwQv-kb2utKj5hpc0mcsK9ixa'),(1549,38,'1i5EgMLMYH7-XJunEilmB6RR_AjUpcPfe'),(1550,38,'1XG34YAkFq8dKEYz0aeSA47O0_5652w_5'),(1551,39,'1GLj5DeO8IAOJoXFddgVSaLUiD_T4fVb5'),(1552,39,'1UFwLWU9BrrAL58rwN79GyXUzrqdzsTf4'),(1553,39,'16fohHRpoZFRwvbTRXwL_3ehzOn0ogn68'),(1554,39,'1J5dzHBwPzuSUK5gstsuwbpD8pJVjc82i'),(1555,39,'1zbNTSyvaHIDs2FqabYd7O-lshh3fk3AM'),(1556,39,'1W0LqTIA5vrCOZq9C3IehDLB8uxZ1_8hN'),(1557,39,'1Mwmnf8AaSHOE_5UXhFStJxWfZlFuOd1u'),(1558,39,'1bUj3mpr_2tSIwB5BlHoIgUcpYWv_rR-p'),(1559,39,'1BkY3PqMwseZY3HJ5jfpogHxf0QVjggTk'),(1560,39,'15RcFN6cU6M1NpL5Wxe6R3kSuRh3lJl3Y'),(1561,39,'1udGJ5WMQslLNLREgeQKvAlbib8qteGYU'),(1562,39,'1B8XwWzqxVLGP6OPUZ2O2zH-kTd4UdmmL'),(1563,39,'195m7CaAYL6dCtYNmHNM6WQ1Kk5O24dQZ'),(1564,7,'1cxxFrlAGZJIScy50IbuCBE8ZDgqBEcWQ'),(1565,7,'176LtRMng9GF14nex4cq2Ddjeib5OiOna'),(1566,7,'1SofaCqVERB5VRxfCXz6csR9mLhUAT8jn'),(1567,7,'11XiP-Iz6LbnOqCZVCjMiR7jooAWntfVU'),(1568,7,'1eeUVC9HukOwIBD1ipH61vvmavrSApVah'),(1569,7,'1HoPV3cFPqu27wYvoxeEcXK2TiyxlRFVt'),(1570,7,'1Ta7fWZmg3yyzAtLVuWvynqq0pUySEHVg'),(1571,7,'1_Akt4xB3xEljwbdEZXpGOlMLw7d7Tlix'),(1572,7,'1z8DUdqoIADj-OR6DE9kaX_tGqUvdgGuw'),(1573,7,'1pvWcqTUO1bIbQbvb3p3xhviQiITyY6pn'),(1574,7,'1qYgHZe0NNDxpFqBSADZG8K9jjWGyNO7o'),(1575,7,'1s-CqZ3jkgQGIhHS3tkUpT1yEczD8iNSG'),(1576,7,'1XJLrquB0LzPxnEXAPD98ZQo3mWGnu-dc'),(1577,7,'1ADtygo8XyQMue3iPTyAugHhZMS8ot69i'),(1578,7,'1pmpMlh5AesaLIm-tCGWylV0x7qUfFd5_'),(1579,7,'11XT_S--gN89U0GjjI_00Is9tWN7AXspL'),(1580,7,'1Uwi3B_mewYCrExYfFPDCnNc3utVcyyCC'),(1581,7,'1i3XPajYgQjaJ-EgnJ7p1lgyAFzXLKSoJ'),(1582,7,'1h6waNskvws5Q5FETklFaEHjVH8_iq6bf'),(1583,7,'1SKjTxIPo7P_GTU4q7wzbkEzL8P6Jzn_F'),(1584,7,'1MFZ6qsZqc1zLwghmkkKWOKhBAL7nwgrC'),(1585,7,'1CF7pQdNUpdvczggO2p7Qh_wiAFoWkuhu'),(1586,7,'1A8kNbBCJaOVyIbKtNhZN1lS95QmWxzSK'),(1587,7,'1AKzm-lYsm2kjlgZgjR8XQaCXEHdbs4Ol'),(1588,31,'1RxRHMtX33iGU7vnga8KqsjXFDXDAOpiP'),(1589,30,'1nbTMt1pWp7M812EEaBo_cZw66Rl80zFt'),(1590,30,'1ZHUaOK0tarOUEy8eTh18vGIQdnEf7BGI'),(1591,30,'1EomNSd8K80wdlB9iDcLTRfBWWuNLAvZg'),(1592,30,'1lP2ivDEq0C71Xa5thFxrOg70tIcbNfj8'),(1593,30,'1y_MwBU-dE7PY_cIZKtXiX-c9dn3n7-6C'),(1594,30,'1iv6RDy0wHdF5s8lXv_5y5OermNAXLuMS'),(1595,30,'1C4XlVuxFBVK0Ts1s9JbfgvKxHA6qtslF'),(1596,30,'1RS1p_dxKYJd765bz98sQHUS-1LhXOhOS'),(1597,30,'1DOrT-ekktgkjYWr3BLIFNemmAu-bZF6F'),(1598,30,'1jN-NqVLms54K633IMjGHgAX5EkwLfYFJ'),(1599,30,'1Mabow87ur-u2MRBhxvBVNyT3rmmVgb77'),(1600,30,'1Dfris6riAon1BZSQXVwyJmOgK5xgWRdi'),(1601,30,'1NuFIXKCGPUshg_0vUBSdQbTPa5Y6vKIT'),(1602,30,'1IwfRcbZ7_ryX5It6X21thAnxdhNX_cdE'),(1603,30,'1dK_SgyoHBpighur_J1HfRFDgeuZNrn9-'),(1604,30,'1zK6YEbeXvpyFHzWRbVu2omgLVNWMY5QK'),(1605,30,'1KX10aeMW2Q-rj4-UQO-e0DvZce6_XjUJ'),(1606,30,'1s5XD9fPUFR_qVVJHmeDVRivowBwJQh2w'),(1607,30,'1m6i4_W4DtTSDx-IOZJo5oCAZfgzGWVXR'),(1608,30,'1lQkOrMZJjC4toaFCwD0PhlukO081fUy7'),(1609,30,'1YNttCqcGdpXJtXUbRnPKlBkM3yk_g33b'),(1610,30,'125G1HKonGZ4vZwisQ3G3X9NYPUfAvvW_'),(1611,30,'19vQ4TdTONvzhSKmIpRJZPhvmO1FwvAWL'),(1612,29,'1x757Cv4yAjRE3Ann_h03v2FLBWYmFGin'),(1613,29,'1asBaGvRLigAyxeJzDVqmnj0O0Ik6KO0L'),(1614,29,'18Ds5XhKPrJXOxJ_JJTW4aiTc9-ppC6hA'),(1615,29,'1tt-KaxPxI9GcPLi1i1ge6_0x7yLB489D'),(1616,29,'1gKmS1sxCbBg7a7IdZvtnf-wjJW6H4uZj'),(1617,29,'1M7wEZrUCQkHF20BPi_bCjq76Kvat99Xx'),(1618,29,'1DxknYOTlLBHItYNdJpkTn20Ecm6nZs9A'),(1619,29,'18FrpidzXlQ-Y9jomDLDHq9Yi8i7JlrpN'),(1644,22,'1F4dqEkBzLHLCLyJXP9Np4bMzCxiGIodp'),(1645,22,'1tGLRB6bYN8sJe2oem0tKit24kppkrgfd'),(1646,22,'1-WM3WpR1QnoaInbqWrxKFWCCMICn60W-'),(1647,22,'1_vUBeginIma8ikmQ-0-ET5wy8DUjqHql'),(1648,22,'1JvQv_3I4vECDSpbYcv-PQOvh8cOKtTW7'),(1649,22,'10BVzRHX6nqoca_HWxFiEOLTFcdGVP9_U'),(1650,22,'11nbVe7-BG_NjL7vy6PptnZLA8EKEV7Sg'),(1651,22,'1agG_LyhCPpV16jvJ2cQKyu2twNbEdXtl'),(1652,22,'1faLDf63QwN2hbmScFW2Q1IXu7BLkHFU7'),(1653,22,'1TQq85Zz6bq-3Y_d3vHOqWj6f9JAtV6pt'),(1654,22,'17pIDcFg-5XUqZQ5HI8PTl70hzT-5CTdp'),(1655,22,'1kh8nQtRS5BdmzTgUrdEx8Wy148sUN8si'),(1656,18,'1m_U4sHqHC4y8q-AekfYW_51gxv_xeuxD'),(1657,18,'1P8C75Zk9bZDc3uBddy-eu8XuTyHwwCB9'),(1658,18,'1BxwpPqUxn3lM689uYW9to97cWm8VTJIS'),(1659,18,'1ujAbTThoGNPMthXozdqk40xRjgZ4qKEb'),(1660,3,'1lAFNlOJ4CQMuX8AnJOOwGlfDyQoQHAp6'),(1661,3,'1UTGhz_ZlYNlZIrgp6rZgAc7CvNmDidbU'),(1662,3,'1BlJooHujo01znwKtvjUd16aE3WJPmFq-'),(1663,3,'1P3l-JqQSq-pZFbm7XXCfq8lP1Ga2nVGi'),(1664,3,'13zY2zUZP2IBi0T8-9spMu0WBgXOeOqJN'),(1665,3,'1j-I_rVqCcjYfhG7qMm8ZqevxUzrjx6LD'),(1666,3,'1e7lvnELkGbPwQWmhja8xNKpQxb4MG4m5'),(1667,3,'1Y7Yq6Eak-yUDGly4qUNiWj6AehtMB7Bp'),(1668,3,'11VSkG-4u65c4St-LIZ5yuYm9osyvSpnB'),(1669,3,'13XBVIWE-yGTeWwI1j_w1OMi2A6UrO-Lp'),(1670,3,'1YpnV36H_7gZVHNmh1wspwZLP61fnMYtz'),(1671,12,'1cjxr7NKmAktavkyKEeZ0DqIiUSwFnTSV'),(1672,12,'1-JNRy9d0tSCmot0QUNe-XoBbhzk8pJuT'),(1673,12,'193v9iF__LijOO0xSlkCiRebzcHzF6f4k'),(1674,12,'1z6zeOAQz-Ks8BtVjH7E9C9OnABOUu50y'),(1675,12,'1qDNFsc5mfrcAz94TAvLoy8i9T3LEjYHY'),(1676,12,'1VYXvh3ozIU5_PrUp-IW9ZyLkd8dHzXNG'),(1677,12,'1JspSNEAK6hSGg3lYWugh3alBwjJgoFy0'),(1678,12,'1YKXgpH-P4mXdC-hOnExhJgO774o7jOAH'),(1679,12,'1qM7_NBtWMcttfckXu4bghzs0v84eOwNA'),(1680,12,'1rFyQw6bCPAp238-oOHuXVzJzy321CZXa'),(1681,12,'1FTqOJpO0Hh4R5BvpyDQgSlNmB4bF0-hX'),(1682,12,'1-PWkTLOkZVlqPFeCKdVnsKpXi60Gkzrq'),(1683,12,'1pFBkW2XD3xD0n9NSfeQ99mblUMi7j2Vr'),(1684,12,'1AZRZFGrhiTpeI8jRtPkev_uEjHnOgq_6'),(1685,12,'1aGg-8F2yKoiTlv5VUcuf9RP9fzgWwvXK'),(1686,12,'1U30bb2Uxwj8cuq5cYAq6g8DiSXQQH30B'),(1687,12,'1HY2rU7L-HmlzjdQ-xBS3Vkkxd9rEpK9r'),(1688,12,'1NPoPsrvQTk3uuEfvFLSsYD8UCQuIItJq'),(1689,12,'1HTOvCUSj16uvSsAo9uWTRnQkk0Q148DL'),(1690,12,'18hso3csfytjmJUG4P_r0yid0vXlI21Uv'),(1691,12,'1b4vdSMQoRtdTVPos5wKyI3b6Mu6J0nTG'),(1692,12,'1NwtRZbadgzvHxZY8kDusEFqLDVtu_hoG'),(1693,12,'1xbbFxS82zZkH1RXcE-yhavDxSeUHLkDa'),(1694,12,'1I0AeB-8q57cthP781qq6WeFZjpaapYVW'),(1695,12,'1W_bzKjMp7ZYrYRSOmpq41vyXbKGBO1cD'),(1696,12,'1zwgrBFowo5s5VlUFuHIQkt_oq_A3q6o3'),(1697,12,'1LRoRyEtiazJyU85fMnoHQT97NVSI4ZaB'),(1698,12,'1OlYiooHhZAyFhUtRzFQzomkP-LLYkKdS'),(1699,12,'1Zrgm-kkX5k-XmBdf9YVsQyYzow7LwB-3'),(1700,12,'1qIv6VhbbS0ClmdWegWTG2ALyURqx-0t2'),(1701,12,'1hRL1QDVNJf91q2nKpxnpGjFmiN8SiCEj'),(1702,12,'1unffKvffhxb6hno2crtREXbnOCYp1VUF'),(1703,12,'1J73_d8HrUyXCJxrxM4W7cthwj6VLbEm1'),(1704,12,'15k2h0FKGK-Y4wtP3hliH6sZcG5UY_IaT'),(1705,12,'19yiEOCQ3kU3THXjIuWCSWuDpX7yPHKBp'),(1706,12,'1loiyiKiFszWvjMRd6iaPFDcJOw2Cc1pN'),(1707,12,'10FRwGKhMIj0xBKZoIfzhmGEbjLIQwEqR'),(1708,12,'1QmA2pRlPJUT275FU0BKVtiG5MCfIdN_8'),(1709,12,'1vhoWmJWZKJyKE86Zhj1wrNbben9rwWup'),(1710,12,'1-PXYIqjtZlJNi_fqSGlJIq9p5EUT2Rde'),(1711,12,'1yPIzKRlIC-byEmhHv2Zm3u_ZB5tR9f7t'),(1712,12,'1sSKevTVcf3KYpQcW_2HXTCxh_5TT4WBb'),(1713,12,'1Z1KpGks2ihLABHH5U50irMuOyWg2xgn1'),(1714,12,'13iOw5LRknrsQASB5eU1hZ1zlb_ekdZSA'),(1715,12,'1PhUhXD2Im81WJ5KWC9JCwtFt-abXYcce'),(1716,12,'1yvTFIolc0sId4dKNAnYiL6bdoNzPHkv1'),(1717,12,'1k0rRDoqoXCN2O6_LBZWi9SQCWAAyae9X'),(1718,12,'1M0Q8V0genkOt7I9PTIMMwSpkYArOUaoL'),(1719,12,'1h6i8q5YpeEtqwd1rpY_BPEkzqq0uOgFK'),(1720,12,'1bZcSw1_9SMoyTwEmDJvLkvSFQdBgzDBC'),(1721,12,'18Mo3bcqXNq-JO4o8y-uQJLtJyyGiQ7Us'),(1722,12,'1eYDmXUx_V89un7gB5KijaVP5VCiL-5D8'),(1723,12,'1v73KhkCd4E4bjrNMN9P3_1Iw1zrT6Alm'),(1724,12,'14jEFCbLAfw7v7Vl5wGpQRm40-dVGlSxP'),(1725,12,'1CaeY-yi2qhv2p4h9DGeHrnPLPsVyjGIP'),(1726,12,'1zmx52goFFaem3Q4NseIwTrUeXleCY0XB'),(1727,12,'10wnF0rLY1WxgUaxVq4eTjqKCj1s5bxcF'),(1728,12,'1WjtK8yK8S1mqCt8-Ehtf9kNR_niRFeHq'),(1729,12,'18YLyAOsgzEisGeAA3nmMGmeEabe0-w7F'),(1730,12,'1kkF-LLJij7mdy5oUMxlOCrfn-bG80zUr'),(1731,12,'15JZAYC1igGfZefdqj2UK541fOPpU68VM'),(1732,12,'1bb8cuKFsT5IUBaJ8zoUEPofF-yd7LhCS'),(1733,12,'1NgKDUN6qpx9Ywf4wdmSzC_CqZCehkvzr'),(1734,12,'1sMyL_uV233lF41XhIaGEjYTb8vHV_e-B'),(1735,12,'1ZToRXj4pjcamD4ADXaxnd6_xjx4wTxfD'),(1736,12,'1kJ_eduhkkmq1ib8pSAokGN5XqNOF4fxA'),(1737,12,'1yqbBb6XnGnF1MI_IynRjb41-QrqiLic1'),(1738,12,'1g_Mri0y_oEa4WWx-nZZByaC0Vti3LEYb'),(1739,12,'1HRXRpu0xOUu14Xys6YPWdlSt4wkwBHWx'),(1740,12,'1AKY10p7crWM8BEdeHSimOCxlOLIRCB2j'),(1741,12,'1Qy2hnEDEtyKmzGNdNPP3eh0-2tkzOSjx'),(1742,12,'1raZthZ8Bi8mTsT02ozDmB5rCJAGDpqrS'),(1743,12,'1TZTashntYnu-AdSlS0qKytoR4rTy4P8y'),(1744,12,'11bwy8tiDHa6KP-7pgSqQiUQ9_Cdq4c1v'),(1745,12,'1X5jbbcvza8OciAFS2pOfwl0tqOwHIWIZ'),(1746,12,'1I3vQ0rtapOx1tI4dnFLotAO5aMPdknfK'),(1747,12,'1HJw6Dln-tsp_yR0iR6ySYd50CdeLLKo_'),(1748,12,'13c_qBEtCLaxXlT-1byf4QeV6UzbLTMM1'),(1749,12,'1azVuwx2Q4XKtrpkbIKqcDeODUUzc1vk9'),(1750,12,'1_pAbVLyHMOVv2jCoIzkcwd5L6E4JWwis'),(1751,12,'1QNIcfJaiLwMjDu0KrJej-EJ44QRZgY9O'),(1752,12,'1iPIEOC7WDa8OwsvgST6gbvYFBriIUUYY'),(1753,12,'1e0q_18stIvZn7XcVvLyW4qKjTNAhAGyN'),(1754,12,'1lUrQyTicOP_LpwdeCThBRDzliHCyAY1a'),(1755,12,'1syxY7cNNlAcctHoads3OWw2iE5S0jv6M'),(1756,12,'1QoW6JWOY1SMu9-ACdt-56PkI6OFRJAX-'),(1757,12,'1Xq-DmxBNeU6RMp9tW_wZjtOTW9xcGgkp'),(1758,12,'1e9rv2Fl3tetlmw1nqMwZ-pJ25Mc-zFcz'),(1759,12,'1Ak1G-s4d2uiLF4mKLHSjCnboa8Hu8v8y'),(1760,12,'1claIGCPK-1StDVsDllBX4tZMfk-k56Al'),(1761,12,'1BTJM9Tdt7DDJXASB-KGTECLMlwO3ziSL'),(1762,12,'1FS_fMS6PMWEyj1qh7lyVuigKg0furxhw'),(1763,12,'1BG1OYzqyBPcigIQNbneRMYkMYAqNxEB_'),(1764,12,'1D7S4k9DCf2Xshpu-ZnCw7dtUvGTxtBTO'),(1765,12,'1yPq1sMhn_xTjTIgHFBbZsSth31BRrRDj'),(1766,12,'1Dr0YRB4IfclVWnoV6Y2R0sYLRB54jBsZ'),(1767,12,'1op6BRL8I-bMVxycRQWOoHVzGdAfDE6sB'),(1768,12,'1bG8ZAyA7J6YvGBZeq0LaioSGPSn0Y8bV'),(1769,12,'1C8A3SDMrmnvlEfLNLQ9kxduH_Lqw9nOV'),(1770,12,'1Ll_bbXvzEtU99wIOEZDuySEXArvUYv7i'),(1771,12,'13A875LvbFXJiQrBEjphM_xOU0U32ZVw2'),(1772,12,'1f9EptSzeq3l7HYvZmPFYUEPyM7bVzNIw'),(1773,12,'1tdObu2qVA65c0LP5upW7ZQU71SdDEkCL'),(1774,12,'19vnruaf7J9JD9EARQQYeqBdM6v-BY1HX'),(1775,12,'1_qIL7_O-W7SwuWmEgtzjx1Q6M5_csb_v'),(1776,12,'1BA8zlsKFlELyrUxow-MFDQTyMUWhZ-rq'),(1777,12,'1C-AMqLYfHYLsSShkx0alXwbwA5Z74X46'),(1778,12,'1j2P-BB0Bl1tRJpOoQjT4MI4vanKXiD5c'),(1779,12,'1Hj_SPm4JwhpXd0ivyPvBz7m4hP0Djd_L'),(1780,12,'1kB318MqIfHBribHLVp8vLMAFimpvkkiQ'),(1781,12,'1x-hZ1cK-pKghmpwBd_dpDa3i85bPzB0k'),(1782,12,'1HF54pzOgcXo81jOAT6NsCTyAc6QiySCY'),(1783,12,'1zbAu522oEMz_YhBsmN5v8vRK4h-_z6a5'),(1784,12,'1P56B4kQGVbt6-ZpA6y7jXfZz5SS9Qj8_'),(1785,12,'1raeS3mCvt8151tioAOMkU7Rle0dI7CS7'),(1786,12,'1LmJyg3WTo0055l6QAsVIPovMPJK5gv3M'),(1787,12,'11WzBF3iI65WY3zX0-J36-vEJKIVFGcQG'),(1788,12,'1hlncO39l-RhoKlnDjnYFw1nIAVOcKkJl'),(1789,12,'1g1Qzp43JOt46etK9_xriR1St68elF1lT'),(1790,12,'1qqwwOZbtaojbg9XGjZIOHOTUmY2wcvJw'),(1791,12,'14eIN62YaPnvwmxCGWC1Vk7HJ8den6P9v'),(1792,12,'10w2zR6Bk8Ijs7PUvNCWzEzJvzF42kt6z'),(1793,12,'1T6rcbcL-6xyAYem4tJrrX8UKxKtHTLji'),(1794,12,'1PxlZ_V_EKgYCjAcb5XXYk3lqWWDUfjda'),(1795,12,'1pdSW2TwX1YtwXgx8RXjncXrI_23UFjKN'),(1796,12,'14Esd3S130lURt7fqR0YSZRwy9QT0Od80'),(1797,12,'18faPUHHhnZDC0pl5FU1T5XJ3XkdCzvUL'),(1798,12,'1Utxhd_ctleip6mreR6BE21_G7PU_r1pz'),(1799,12,'1v8sWfSoBTj1KqobPr7OI4OPSqXwKgCyg'),(1800,12,'1U5K299OBfYvRo0SgUXqT3ZS5wFbk80mI'),(1801,12,'1SFT93YZ1YAXuQL6y5vxRzYFUhqpV4ERQ'),(1802,12,'1mbGJUn4Wv1CxQI-p-4cW77P1GPi_n8Gu'),(1803,12,'1xiTwLq5uLxNn7tyu0AU8pXXryn-6eOox'),(1804,12,'1_4V6L4VpOLAnmj4Y4lpxFZBfbRREV6nq'),(1805,12,'1CsOZiDKs_HqEc4-LsnPqhliwdRPbZpMG'),(1806,12,'10zkLx2sYDo37_7u2PjYlc9P7i6RJvTJc'),(1807,12,'1sfnJIS34cLgGqrG7fZaWIU2z-A0CGOub'),(1808,12,'1mbFFNwdA-6RzoK-uvYP_z3CEa0jSq5fK'),(1809,12,'1fS1QodyfQgR86XVLlYMPuiIj-HMM9Hnt'),(1810,12,'1E5991cBpzNUqtlsFXBrKySnTutIFQM4c'),(1811,12,'18rJZVi4W8FGPTjfjyR8tm6CRss9yNcaN'),(1812,12,'1qB96LXEeCL2fwvcqOWtWsMl1glQi6tqz'),(1813,12,'1Mt61J4a-ipCgh4HmAEYYbVab6kl61hTU'),(1814,12,'1e7xKReLvC-8rjipa-iD-xFOT_dcfsZNl'),(1815,12,'1EzerJVSywAOOVKPgPZpqDaZPkaE0SP_T'),(1816,12,'1xwtL04ytGVFdVVqmNFlsWH3qiJ6BL3Yt'),(1817,12,'1Tu2L1G4RkHC7oP1PRmEJhZMgqLlXh3Vv'),(1818,12,'18yk8ncJBvNffdCUMlOsk7motCi7BYxu7'),(1819,12,'1-iMmwdV1xsvUPWV1RS9LiXw1nKVllAI1'),(1820,12,'16txgvuk54Z7kviJBVEWUIBWP_G3ygqt3'),(1821,12,'1_AypO5G-JmSrKSWumKr80XIPyp2NJoPA'),(1822,12,'1C04noX7TCiLvJ1zwTPBftL4X2S8AJH2x'),(1823,12,'14OSmWSiTuNSbs5kwj8ya_jV9ARHjN4Qc'),(1824,12,'1kiWNSKbzk_jToSwWAYCvyEkiLvWqVSWT'),(1825,12,'1Fxpf2bfww9ubXql3mlOUvd-ScjUKxj3N'),(1826,12,'109P-S4UPx2V9WH-7Z0EtjHKFgvbCsmuO'),(1827,12,'1tmFR74wTGRg50hph_vbxivtFuQw9Pjt2'),(1828,12,'1OAlQJhTQuH8GrwGn2IOnKzqk8mWHdeIp'),(1829,12,'184V1X-Ty_B_H00zJyD2tHPCyCALo1DPP'),(1830,12,'1wGqD1sHBfUhxZKxB7XjOXGUU7J5cTDFP'),(1831,12,'1VCy0t2uvQT5qyHM6Ax0FjP1-hL6YaZf3'),(1832,12,'1eS6wpR8d3ylUD-fYTk0E2VDRR152VJor'),(1833,12,'1NuUEEJh2ZscmVpEt31BaCzrqIJG3gc5K'),(1834,12,'1v0dZDzSp1hanJkilMV84zEzy2pvFWVaw'),(1835,12,'1DusGpG8OtUzsQcwv-V1SgcpXB0zVC5Cy'),(1836,12,'19H0IZof8wOjbg5yH3KgzrlHXJHV-fryT'),(1837,12,'1CAhEqaDZJSsb0sSWGnrVTFv-qzmZuPA0'),(1838,12,'1yAfKprIv7lfaej1W2VHNgPjWzQaepmhZ'),(1839,12,'1CQ95j0zTgJYsF79_UDPPmRw98eFFBRJL'),(1840,12,'15GbK8l10Wtp6j8RK79-hTlYtfMcOwIbz'),(1841,12,'1DGJ8yqbYGGuWqgxeWlF3Lv-LQ2QVpgb0'),(1842,12,'1hov8HLk4RY0zURLBJK2BAuu4AG8MQnw4'),(1843,12,'1hZ0u_TZp1SZv1Ax0vbZe7RKFeBxrOzlb'),(1844,12,'1dA2d0u4sCHUt5wBf0XqPb-UmsqxxTERE'),(1845,12,'1_RYz8-xlOp7q6NMpP7-yszu7XcqxU9WE'),(1846,12,'1qmlSfA5tAcQvWdipTQmXK4twO1zWlTJc'),(1847,12,'1wyhIj6TSYj_uxJb98-8J_Do4rU1_DYcE'),(1848,12,'1LVVYWgI62EjHIikDEr--RbtD5_okLK2t'),(1849,12,'14x5uMlxQ7thFQFAsaOYR7nSYfjNwEjMo'),(1850,12,'1FDo1ogcBRBFmL1VCL_ekHoY--MTiAwq1'),(1851,12,'1YF1SbKK1Gk5IQFhYtQaLvEhz5pp1nWi6'),(1852,12,'15Wy695zDkz3Hnfj3veXkrvp3JuoHRyuX'),(1853,12,'12uZrR01s-6-n7FBK7zZfFZ1U9eUOluLV'),(1854,12,'1AMJWyRX8lBq2nKjfpcZ_-od957makUAa'),(1855,12,'1m-Byl1AJG5pZKcoNh2iHlGuVfTKDz92b'),(1856,12,'1Q0SNxy0uQH5W0P--_K4Eep6eD-gIFKVt'),(1857,12,'12NGxjFLXJZDt8NA7NEwOB9yxk8aTPBfg'),(1858,12,'1k-BWvhOMpFMknPiW_nzsPmPhPNtruGYF'),(1859,12,'12KEYL2GNwPyWIBOKULVOqXOKDv3nncrg'),(1860,12,'1OQ9ioDznQZ0Igg7kZkASK5Ro3vbksHxj'),(1861,12,'1g6VpHn3Pu_VjwgMA5V0fOB8AQThcuRT6'),(1862,12,'1eHw4ddx4Hkr9AXFYDM2bUVJ9_7_vwnkP'),(1863,12,'1evwEVtJfeveb802ZxfT6-_GgS-rd8lPb'),(1864,12,'1x-YSJYDwPEVAPkU31Yz-y4JuK0MR7hyw'),(1865,12,'1yC6ViZ-3dvjQ6RVOhUR_F6Xa4FcDbKJz'),(1866,12,'1DkgEET7Wmg4gqMRomZ0kIv4Ecs9eK9qU'),(1867,12,'19Wniuh616bVaJKcx4y6Fa0qu-s-9OcpR'),(1868,12,'1VEF6Blvxi7nYGllUkEg-KfW2_Y50ODd1'),(1869,12,'1IbbHHSJ6ixY5YatD5ShfAiAmZ2U3JHim'),(1870,12,'1hFpivt6LblIMcOGdFsrdxksS52geIInM'),(1871,12,'1DpDu-dGR51CHtGKCBGy0W31_hfMiwE6u'),(1872,12,'1rFDPRFBGTVDFUNVXUA8qVWPPejtvWHlr'),(1873,12,'14VN-iCe4pYi9uDp3nodqEedbQbzEkqSx'),(1874,12,'1Q8_E1OvPRPTnTYkMi-HBibkZVzHmzUzA'),(1875,12,'1aG8D5n1pJReDljtNMwkG8LXcPkuQydJ2'),(1876,12,'1uavB8UiC4thOWzmkMLGEqGL1W3sXhUNu'),(1877,12,'1uhI3DVqWx4Wx7xIAxm4cTVFmhpMI0sAD'),(1878,12,'16tyrAayPEVeUWZbxjuyiOgVUtLuVTEDv'),(1879,12,'1mj2pCOCLeK_Za2ZBEl9lTv2EbieCQ6Ax'),(1880,12,'19wHcNhVKKal5BRYHcJM5s2hSAB0WK8GS'),(1881,12,'1KHyob49o5Sf99dI6nDs-WIOuSFr2oy-X'),(1882,12,'1Zlfal_D6dIneguMsM1iFUU1twl6Qest1'),(1883,12,'1E6vjVKXn-pkLjsoZsShA7FPbChOa_KW6'),(1884,12,'1MOKBpApmzcChEI4f79npQzoqmXO_SEm6'),(1885,12,'1LQmIwnUXdYMS5Xv6yqJaQPj-qEFZTOFn'),(1886,12,'1j7-Nld2qSgOF_ZJRwyM8VLWtNtK5WQfC'),(1887,12,'1fGt3E0jF0ixOO5PWBqYdmZq1tWEBLICe'),(1888,12,'1TSGgqcBbnR2H8RREkD4A3V2HUjppWBOF'),(1889,12,'123cLIxFgm42JWCcGEb1OuF-ciLMT5caQ'),(1890,12,'1dcHrBiiEnL9k5pJQ3fsBO5ipGCgjFtHl'),(1891,12,'108diWRqgVuYCHpe8_Xh6Yh8x3njxCWzf'),(1892,12,'1s6OATzL8F8dttJqSJfhaf9LKrLGKA7da'),(1893,12,'1f1z0bzm3CeJPG0NmrV7da-0BkLl41Qox'),(1894,12,'1ESGnVrO2AB76KdAMtq4kAl5_i_r17zlT'),(1895,12,'1qTBNCCLGn-Z53TdY4jnqWaQ4Z_1B3XIH'),(1896,12,'1XP59pUDEd-4BYzQiZj9BUWFlgGMmOfs1'),(1897,12,'11Pc49ZmmtxNcgv23fF5uYwXLkh3QoqzJ'),(1898,12,'1R11q7Ae9tnHZ_mwhvT98nazS4JnR-doB'),(1899,12,'1yXmf0d13rnwSAdT3b1tAKUwVK9vJ7jyV'),(1900,12,'1mrnjMW5lU57jf6PRV6I9ip04eYUfBXGP'),(1901,12,'10Qd4DgsxgDhCzY9GU8m6KWOythipVWW-'),(1902,12,'1uS9puQ5IcmbejE_WGu990CkSNFAgruaM'),(1903,12,'10Yw1xEg5pp_OQLjSMocPA0bRLLjc2R7r'),(1904,12,'1VHVKLD5rdbe5b_DxDQPkHs6ziEVZ6KYi'),(1905,12,'1HamiBCb4kq9aMiYlbgRZkDMLnZKYzH4v'),(1906,12,'1Z37DAa1oOqXaUfyOcJpzw8yTBect70_-'),(1907,12,'1WS-S2LTAwhZ2dfGI7HUn2si_xTrisHl5'),(1908,12,'1Kl7Ztgf6XCCcQ9NhecexMdOZgKdHKona'),(1909,12,'1O8A52gU3LTj6YmKbcUXHQe67meFHhP92'),(1910,12,'1qcnYoDPTgE1v7lLToo889Kvcmok_HmLd'),(1911,12,'1ikobdwj2dy8vAmtNhhDAB3FbqGmyGemH'),(1912,12,'11gFZitokhAP3iqRkC83YV-aOSzvhvRYU'),(1913,12,'18jLDhAQEVu5FsQ5Tm6U-xDgLWR_7ieM9'),(1914,12,'1XR3XHF1iKdGMOAqq4zURcscNXeqPE8NI'),(1915,12,'1jGmyNy8nb8j0xpqeye1nW545cJfecq_Y'),(1916,12,'18c0IOU-sbzJNiD3_TKpYYcD0Twle9GRY'),(1917,12,'1Dx9UxYxBYqfdieo4EcYnxAK_BWDyvgmD'),(1918,12,'1ytHYS6Pqm9ZiRpu39Aw32XOddX5BeOcT'),(1919,12,'1YB9AK1_G866tT3_iBnOEvhbwxCvpfwAb'),(1920,12,'1VBAboF2RRomQg7mBZAUceuZA-S9WTirr'),(1921,12,'1StrkVw8Y9Vt7lVYHK0hWyuyYjP-Z52fY'),(1922,12,'1Ddx0io3rf3Oqlce7ciGgXspx79vnVLr1'),(1923,12,'1H-S_ifXpi9JapeMY_XeinhihOn0Y80x1'),(1924,12,'1gYhnXQVYOeW7TSsvd_W_cZj7R3nJm7XT'),(1925,12,'18rh3InorW-9gBv65T8ylwSbWcuQYTW9Q'),(1926,12,'1-wi1ooO-2lU-sWGdb-dPKrbgCYRF2htk'),(1927,12,'1zvplIUzvf_DjHYaFyJgFUol3k3j8TTvX'),(1928,12,'1YTGzHdVmdkq1lur9aO03WNPT1jSdZ2pT'),(1929,12,'1yfcwIMYaVosCVvje5eVref2-2554UM6k'),(1930,12,'1TTdY6VIYu0-hVMV19XpttV_K63fyJbf0'),(1931,12,'1_rENIiLTLVMpb4SbE58I1ZijPqu3hKE-'),(1932,12,'16kKKWEWZeqcm3CZTsjmFKQyFylTPsr_9'),(1933,12,'15aeVUofhYxV1Pct2-eMo-PG9vg7eCBdy'),(1934,12,'1V3ijhOXpIc8VY2wmkrIsCY3YSDYruc6n'),(1935,12,'18pas2SYySFl-WfPd1dQ_ZGK_7naEF-j-'),(1936,12,'18Sqc2moBJJ2WFee_xlP7FXvxgsWHY2u6'),(1937,12,'1MKFdlDgf1Uu3VbGTjsW8LkiSNyTbOqUz'),(1938,12,'1ubFt0TCnp3yQS5jCp3y0ytzzY_WU30Qd'),(1939,12,'11sXi7LMU3ZdxF7YgaioMtS3rrMu7XFTB'),(1940,12,'1sbv719qs1FO1lJOBISECydEnGIV_I-hj'),(1941,12,'1Fsb4AzqhK-zqVMk9WfqlLQ6VdzS8vdjD'),(1942,12,'1mSmBdfDbKvUXZYPMDJQfUC9RHj4tf-Fs'),(1943,12,'1G6jiB3tSZiyD_pLSoQvILd7PwLETPvag'),(1944,12,'1VRE0kOljDJzN9wAgO4295GPrWhenQ3ha'),(1945,12,'1hDRBSvRk2ZCL-iLEe1QRnDBmV7gVLAn-'),(1946,12,'1Frr6pI0WE5Z4g4PMw5lzY3-HKyzZ5xhF'),(1947,12,'1TZzq-poI90_J1bEWHJ9zPZeYRgmaDtg1'),(1948,12,'1PIpjccoAPtXwFXeKiyPhSQV1g4bh_LDR'),(1949,12,'1MFwB9vUoxfLuS5Muagen1zQmy2QEhPXu'),(1950,12,'1HayNGZfxGMw7S9FuTiDI7hEq_URR2uYC'),(1951,12,'1_EgLsPGCMikweqSmsj12rOCdIgna9foh'),(1952,12,'1sG7ChQ8EJo7HEoon_NN6pLUaw0BFEIJJ'),(1953,12,'1jO9V0RpidWfkNx768wC-AdrGAPgoS2Ko'),(1954,12,'1W9dW7TYoZK-cUnXNkPekG9TFCwkST-mo'),(1955,12,'1UUg1xKgkfOvK6IFotnTua2tWDkI0wwbP'),(1956,12,'17gZHZAAtXBqwpWZ92GTvV3hXnWseoaNS'),(1957,12,'19ngJv3rwMAHegdcT8edLy-OUggle_FBY'),(1958,12,'1FRNrzapCDzbHQmcHkNJlW5f0DNB0E8gc'),(1959,12,'17j8qxoBZ-8Yb8oOdM4JGzBeJrw_9orHZ'),(1960,12,'1QmklGv7b48_TxssqCKZwG3F7s1jBVJRY'),(1961,12,'1qQHsOjqT0qut84_v2Nwz5gCrQ72RPPli'),(1962,12,'1oD0YKK0x7SKXGpG9rSGb_5H4hRPYmpHV'),(1963,12,'1MGifQ8YRfOCsSaGB6imQiFX7bzAPmVVd'),(1964,12,'16h1R_CXC8gzxhDPSAkMCzO8sYGbSSlds'),(1965,12,'1jms0Sb-FoQ7n6-7yQp-1G0IV9kXHSIvA'),(1966,12,'1IbkCIZgVuejHb9VkpfMYNYhYtM8Hbmsg'),(1967,12,'1ItQUOx-BsHQ6RSWaiOigHesRXL2XFm-h'),(1968,12,'1oa-a2PCjMyChYFZb5-J1ZFQiGNtD_Xr9'),(1969,12,'16OrmaTmBQTwPao2eZWdpAlOm6jbjkctk'),(1970,12,'1ESLotLQUupJ_TiEqEmQ6egBV9UXbN3T-'),(1971,12,'1kjPmNftQnhUUGMx5hVlTJsi5QVtx20KB'),(1972,12,'1YE92svrlSme3OQUMmwg73MFV2nnPTmcW'),(1973,12,'1DPTohfZNm4XuxmDiE3wAkXbV69SD3t9e'),(1974,12,'1w1DYxLDIBkahd9uEdFW6laVHFZpw9TOx'),(1975,12,'1t5Sf2YjzCa1ZuAFDERKgA6PRi3rn7D4h'),(1976,12,'15138TKOSYvCDgRsnyehfvmzeGSijGjQZ'),(1977,12,'1B1J6NyUCWPeuwSRpnrsg3Dhvr9O3TSy0'),(1978,12,'1Rk3zKPn7D0zpMnD5T6UiFbdFtRVRqza3'),(1979,12,'1onH2ya3HVD4dDaMBmccSy0F71QdvcO5s'),(1980,12,'1bPBdr8yKlYYBIueJQI1BDJKSlw6lltWS'),(1981,12,'19APHfbVZhFVS7tkPIfD2qVxCVGbpyQGs'),(1982,12,'10-lm6RB1eDZ4m1pnldL9Mka-pD4Wgj4m'),(1983,12,'1swSiJzPaOascIwXlfrtMfUojL2Gqd85g'),(1984,12,'1VBQ-TyYsCgykPO3-BUlnVt4T1SBy9_91'),(1985,12,'1BZcV5S91vxOsSqvCvglvBxkNVtKAfCK5'),(1986,12,'1tGOYN95a45orF4PVF4G1Q9h9eCOotnbm'),(1987,12,'1v7We4M46A_eXHRML5k0p131U_3WBGZgy'),(1988,12,'1fRzpwH9fPDLtwbGh6IhWDj5Tc9A11RAl'),(1989,12,'14Tly6XO3Oc9EwoTt4ll580ULnknuxt98'),(1990,12,'1wuDDz5iQQb8N7iqyrUNlUP8qI805HrVv'),(1991,12,'17wOdALIsp9EwVgjQJFp9ahGlUOjxkM3X'),(1992,12,'1gsOddXSHJMLda_NemvdAfMXjZNdEdFdW'),(1993,12,'1LaBF3NdetG8ZTpPi0AFb-XehRJoMvna3'),(1994,12,'1yuaBO1pDy7wJbyM0zr5Zrf6R1iUpI9mM'),(1995,12,'1f2QTtHE12eOLL4OQb32Jo3z1ttHmTBlv'),(1996,12,'1CP4cmMWVM2KBLuvTICajEYy9A-5w2Jth'),(1997,12,'1IngfRGGud7XlF3rslb-ceM3lbvu83PhW'),(1998,12,'1SmTsSm8v5npigZJool5Ti0F0awm_uOEK'),(1999,12,'1QsThhfH90vQuaRrX9DVGqNOFDi9cl2ca'),(2000,12,'1Or1UfTifcN-mlPy2ImMdLfDqDvmyzpm4'),(2001,12,'16SdOPWFlHSO7Jc2qmZfsZhdZpku0Ieyu'),(2002,12,'1WYwj8Yk5jE9tmR5ZPqh1xcLAyTgaaNJx'),(2003,12,'1bFRVuqyxqYPjTEgm_6igniskqdrwmits'),(2004,12,'1jEqYwZ8n8tYAe7i13g0I7xU3kqezq6Ux'),(2005,12,'16iTIvEw0nexVTgMbwRNco4pLpIKkOzeM'),(2006,12,'1pUa2ZJFvFkgLqEaxqyFbxxGOxx6cLvCL'),(2007,12,'17vm7lXEtfOu9OUrfW76RC4vRPLRn_qkp'),(2008,12,'1_fKuRAkpjvvE8wxWnnfC6RvcoADzGK1h'),(2009,12,'1i-7LPv4VwnpGaakWlvlXLbJLBUUlYtoZ'),(2010,12,'1trNxDn-i0N2Zn0QMqQ0QHKqbZPksrPIu'),(2011,12,'1mErMgsrq-5AZM2Gh0mf17BzykUITn4hk'),(2012,12,'1jBtlBgVd_ZYFO9V4cyoJ0Py2qGX_wVCW'),(2013,12,'1J3bWudepA5MmKrKVa9OCB8_ISfOLuq_G'),(2014,12,'1jFNYW8O76qEx2RKp-P8tIEmqC21vUeq9'),(2015,12,'1tDs5J8EpkofeCSHqyMPChBAUzBcMBj3S'),(2016,12,'1fcYyCQUZxcS4v346yS6hoOm89uL56DL1'),(2017,12,'1XbbY9Ljw908Ilo4c-ObnpYVUNnZCRLKI'),(2018,12,'1DiT6Sg_dEAKu8B5CxwHrB5n0_I00rY5N'),(2019,12,'1jWuDOVE60C_GJj87ZvxEXPI0PUtMWfIO'),(2020,12,'1uk0PJactaW8QT3vfTB6oWVb6nIWXzYWs'),(2021,12,'1t7MUjyUSRniqMkgK0HsKUYbZsnTPn8Es'),(2022,12,'1cqP_pKAo99SyVIRQMqxlOEU9EKvtajP2'),(2023,12,'1ePGjq9oPQXCXRWsiuthhq-i-Qqnuj7pB'),(2024,12,'1OYep2aaTHR0X0FddaNYcNSAYIkEKdAJE'),(2025,12,'1xpPufGOUVAfTe-EmBCuzKhaW8x_xe5cW'),(2026,12,'1VxQ8WcHKJxiC8hvAcQh7Qxka0S1PzUIu'),(2027,12,'1rcxzx4zANqL0haclZPmN5byi2-e-3lBZ'),(2028,12,'1V44PgEXR7H3gtgvRBDjyhYgRrw1hGBRd'),(2029,12,'1s2WTXTUwN8AhINUcgKXcxhxPCkirop7i'),(2030,12,'1eZbi-ceUzcKT0FUruprKDOU0vGcGUUCq'),(2031,12,'1YJTWtfG90qbp8r__1FuqKbDnb8tqLxb9'),(2032,12,'1tN3-cJCiYVPcaydRrgo1HXMu85H-ECAM'),(2033,12,'1Sr61YRFgB6MtEZxaFnvlFDIZ_kRbij6D'),(2034,12,'15iWQFzDXsVld55AiqpzpAA1UiL8_5cfB'),(2035,12,'1zC60JQfRs8n_25TaE99vN_mxQmZNYzzN'),(2036,12,'12k5AtIClju2vZ8rOFGm3jU7pxKi3aYWf'),(2037,12,'1mk5jqkgomXQThq2T2GLBLiZuWHHfs25s'),(2038,12,'1LoL3vQ4i1lEd5jrg67TjAilPuxTxXbLd'),(2039,12,'184I8oKxPbpn08WshFNo65QZCo2lc_tbZ'),(2040,12,'1kwk_u3FhItdfSq8AjdkDIbwr6wyTvBQk'),(2041,12,'1EZvYaFCxA11jynmTP9xQZ933HQgmLfWd'),(2042,12,'14k3K3DuPojSiZniRZ7zH7PvLiFMx0Hbg'),(2043,12,'1Y8T9JaXpAX_2FmLJa_LsKDfW3pcrnOp5'),(2044,12,'1N4Q3akvebT7nwXk0PHe3zh2tsNwvPfSy'),(2045,12,'13oJFuC8avsDLPYVz2sf3stXXoYAjcweZ'),(2046,12,'1YuAMQPl2X95HsIQk4Bj6qNHVaPkK1oZy'),(2047,12,'1TPEQGL3E9PHuBcXy7WWvm8mqdPnJyqTY'),(2048,12,'1ATfpwJ7Fy0thMWQ7KsZlj7X8yyAvXWCC'),(2049,12,'1nIAjFtYHgDDGXpzn9rBTcpVH1yf1sHTn'),(2050,12,'1dzTvEAd42y2oi89wPCx0v0VZQ8iCrZwE'),(2051,12,'142caHzMwisYBLvTCoHtDwqykhFZoVh0u'),(2052,12,'1FTMyrBN1MKHCkX9II4Nd9vh2Sn60AXT2'),(2053,12,'12YB888SibcoZvnOS-PvIE-02e-0eKCLu'),(2054,12,'1yhuN2nWLL5N5wS6UVxsTFoaJ1-Zqs9fU'),(2055,12,'1UHbxtQHofvC0GSdsChx0flD-w0eSbdtD'),(2056,12,'1t9354Yvjym4Gv9RtkAPyCIVHRXCUc_ca'),(2057,12,'1KZL2fvkOakB14xI9HaXFr9y7rLL4wh4V'),(2058,12,'1DZMCtnmiqFEtmbYBuh5-feWG6DVJEARo'),(2059,12,'1h2IwTZOupVp_otzz26JOWuaMBLEAYQod'),(2060,12,'1wJTkHnpEE0s1hm8iKpBa3V390ZMz5l9p'),(2061,12,'19DY8lu3kFOBIpZlHLVdApSvCNFb-0b2L'),(2062,12,'1Gna5TKteBH8d2tm6fqUORKqZs4dyHc_c'),(2063,12,'15bOboQYYSy6bLWWIqME_H_AL51P4JJdO'),(2064,12,'1Vkok21Nu8SXB04RRVZ4I-Ae7xvMS6NGg'),(2065,12,'12gvB24llLtXNHswg2SkDSZvbvRSqXcsJ'),(2066,12,'1YWGjiwl6prMa4-8MxxKwVbU0swgXYSUQ'),(2067,12,'1eRHRoeLBcqJH--4hDa84dFiNKfhdCcgF'),(2068,12,'1nZ0p97GhE76B7DglWFnXVymtWHfEA2rQ'),(2069,12,'1RD9kuyfpdSghazfD_rZpJkKjcI5om9LV'),(2070,12,'1wC--AeNcKD1EdYYpqzoOP5L3VSVL1qev'),(2071,12,'1bcxdnWZ0LlZRXpVu3Xmqnc5VKV9Z1D3J'),(2072,12,'1mXeLXtlvg0ZXa3iJAUXN5fNIgwni0Dm4'),(2073,12,'1I44KH-3iBQr8XHzxBsbQnE5QUUVAC2mp'),(2074,12,'1Lm1fp5jIiXztwTB4abGI2foSapf_e9fg'),(2075,12,'1C_4ePuVvtzaFIK8V_nx75kNy2OrR7hZ1'),(2076,12,'1bikepy2dfLmevPqj10CHmgYwbiO3luKf'),(2077,12,'1x1Sar_ouHTuuGB4Tu5scSVufdrLCJ08z'),(2078,12,'1luU8VVM9PJqp0J4H1JOMjOGxN-1Unqm9'),(2079,12,'1ihzbZsjtLLXQXMEf35kp6kXFoa8FPDCA'),(2080,12,'1cJPzwB9uPORp19ePDqQ5Xz9L8beQn8Nc'),(2081,12,'1oU5x413IYGrv4hPVY95_F_NiDSeHaco5'),(2082,12,'1bJdRJqFlZAyqj435caf1gE8uq1D1zMUj'),(2083,12,'10zXuEHBMbUpQnB4ICDplDmPzRkjbB__w'),(2084,12,'1aSNWgMz6PiMLiNVQ67FMQy421X5eP_g7'),(2085,12,'1b6XGe1fr7jTHE78iVZzEv2Ir7fGPzWTw'),(2086,12,'1B7sRVr0hPJbMiUviQhcNXehGAIuPDvHx'),(2087,12,'1aW-e-J2U2g16UL_mvdXpBEeiuZ1u-WwQ'),(2088,12,'1XjHH8Oninyrv09yFbTVvqiiHsJ8jhy76'),(2089,12,'1mh5SFE4mSvluIr--N0V76-6Wh1xaUrNn'),(2090,12,'1Ks7BZKBWTcw-1XMag_eotDZR8ZqG7O17'),(2091,12,'1iUNA0b_1mHv7zFBDE-qfngwHXEuQ0hnB'),(2092,12,'1s0bI5ytGkjGi3dVYxyAt15T7-0LVZXpz'),(2093,12,'1JWRJGaKaS7yHRU3jy-2duJE2_yd37zEP'),(2094,12,'1ruZHgrA9FFWlFM8sN1rndkj6t1fvKtB7'),(2095,12,'1TjXp2BxhhCIbddb8eHcDj8AYbkbByX5e'),(2096,12,'1dVDAc3_yJp0WA64F1CrJCWMWviT33xog'),(2097,12,'1UwzHTucIOABOwHgPpYUizWStZJYPOvTf'),(2098,12,'1B-XjTPZulQD91ZgInVidoduTbPWcN3NZ'),(2099,12,'1AKLjqA6H728GO8jwYYmohPONry_v5gVV'),(2100,12,'1beCc2M6Ii7my4qWo4K9jKw4BN6ug0JQ-'),(2101,12,'1hWWUJTJupTymvD5V5EB9YTjVslrYyDY3'),(2102,12,'1W7lds0k4QB3ZvQ0kE4DaD5aJ7QThoY2s'),(2103,12,'1wdiuuxEGDWKjKluf9RbWfKyAupIImgFX'),(2104,12,'1tnfvzYrorzp8pl6l2egkFkphnD_zZcfn'),(2105,12,'1fFIZo5hsreu4aR6rBctRvYQd6SeejxT7'),(2106,12,'1mCLMMCcJRgmDPPJrct6pjPI3hH3ADX3o'),(2107,12,'1wpqGCrx92shAPyjncvY3PRWmzRJ_KUSn'),(2108,12,'1RaELMSCvnp82Fvms8OQEbunhyhHYb4qd'),(2109,12,'1zulG4KGAtbe_pDWIf1pzVYM_sFdEEDJ3'),(2110,12,'1tboTAW_zTlq58CRnqyEh1pdhWLOljXsv'),(2111,12,'1WbehlZDUc8NsUEFJ0LOLRBsbQxbVTlCh'),(2112,12,'1gXK_lKRYoTv1gjjgclidqfhC0Sfn8Rgq'),(2113,12,'1RgmyEE_PTjuk54ztS27iIL0ORlpR7AKs'),(2114,12,'1Dtp8l3cH5102L9pQiFNRU6bOCADNxYSf'),(2115,12,'1b1BhWa8U8Ipwudeq8OP6AA09WaeoFfDL'),(2116,12,'1CGLjl_1vWtER5PaztEQ6MEhlrBS0kczT'),(2117,12,'1ML7foYupauH2SWZXTP6s6njFpKwG7Vk-'),(2118,12,'1sB9Jwlko1NOuMyF6H-GEogSH-f-EniGs'),(2119,12,'1fwvM6P37ULfuAXnYRs-WJZYGmj93e-Lu'),(2120,12,'1gum8_9kvPRqdyLEdjyXBrpiIjq4__c0h'),(2121,12,'1pmTi9BlgmnWvoAppTAUZlBClU6pB7Ax_'),(2122,12,'1scBMHSiTLV8GgJLs5263rjzsYAfe0wce'),(2123,12,'1PiN7isH_h3DUMD0E8KVvCTky2bAH-XKl'),(2124,12,'17-12S4Q6sYlbEbeQZNtKE35p1q-5BY1a'),(2125,12,'1lS26VfPEJRq8eDwNdeq14GjzmU4AcC4o'),(2126,12,'1T1dg1k666GUX_DraHvZdsOA6XCxOg3gv'),(2127,12,'1_AaaMUc5jZuu3ZRiYW6qYAnaJDmvhjtg'),(2128,12,'1z-M0EOhdQIiMw0FRXJyEh5bG84AS0H4u'),(2129,12,'1aTLZGqIoyrlElV4OvV5d2Lx193LD693t'),(2130,12,'1m1LkkqJi0-Pd5UEgoIY0dEJ1_SOMIVZx'),(2131,12,'1lot2-uquGWg1SyclWrLnJQ4ZWCuDf2K1'),(2132,12,'1i5EL-ujnOs6FOYbfYf6uvh19T6FW_M4d'),(2133,12,'1ZLV1nXu3slHIzBr3WejSV-N3FHjJsIzR'),(2134,12,'1cHmzkm6IAMCk2GF4_VnDjTSvcRR0byFN'),(2135,12,'1iX9huTzvh3-PxZiskdKYESe4IzYmC34p'),(2136,12,'1hTFzK6MZE6smfIdiU7Q1T7SF5Wee__Sw'),(2137,12,'1rQkRCQkoaNIXlFh0EF5Dyppyjbg4-YSf'),(2138,12,'1-t6hbTYCWYrW3YzxgC46Y7A0WVMLILWa'),(2139,12,'1IX59ZJl_0TjIQ--lKStdgVD5q4YpbXWW'),(2140,12,'1-oI2gbotHjkRM5lQBiZ2PXVjE3j33KZ_'),(2141,12,'196GtvVI785jLGh36BoYzvMViyyUmIKey'),(2142,12,'1lDzo_iLXEU6h1s585ogZWwvR5q6A_HXA'),(2143,12,'1IKAMZjiFwgvNtH7_-Ck3Cp3obidCCwOD'),(2144,12,'1IVebjaB84XfCur1IX6J35605uaWSILiA'),(2145,12,'157X8JiQJsyBYBRSobwKidVCRM3Mfj2FV'),(2146,12,'1efiqa0rIYyBksnZGkpN3NCfGvLEza5L1'),(2147,12,'1oymYeWYUTzdDY_Igduad773aG64cCH5N'),(2148,12,'1QSj-OoZMtOqlIXV-5q-sPOCQEWkx74JJ'),(2149,12,'1KRmXbUGo7Pl-ikQlHNSZ24yb7sosgdnI'),(2150,12,'1o4OWWeJTA-C03fcc7x7BoqCnaGWldYWk'),(2151,12,'1UnOFAyUHyL1FzZ2Ar-gAsenNioHdsVsa'),(2152,12,'1KYfgq23D9z8Ieh25r1p6CGX5ogXI0nzs'),(2153,12,'1GwZ_o0u1RtFZ02r6ehq1KewZrrS-KgtW'),(2154,12,'1qkYwad4y3efSdZ_CKcBnJF_FxV_HzxAg'),(2155,12,'12AQemJUkPkz3aXMc2x_KVRpyQAHeu1qQ'),(2156,12,'1Y6UF91LJda5Z-jze9pnzrknHJezMIaRM'),(2157,12,'1njHWzH09RGOvMAyrNBij4Uy96en2fHBE'),(2158,12,'1agro45kicPkMRyfgM0s-tjIAVC2hd5L-'),(2159,12,'1pkvoO4UjNK6fR2Eho4SCTFiUtgvVDf8U'),(2160,12,'12RUQsLQ80rvDZk35r80qjZU8J2CW_4IU'),(2161,12,'188xsgZq7DvGHKrvLxein390Be-lbTRVv'),(2162,12,'1_WauT-9zCk3u-q4nPS2BbrHBemrCYb9t'),(2163,12,'1Tz1S8CRINYAYQH9vw5_bXRIFcvckOJet'),(2164,12,'1a-Ho59IT5V9kDQ_hDmWeJ2uJmZcgOebJ'),(2165,12,'1Sg_IU3VwpMJ2m82-UyAFKtPn_vgTD36W'),(2166,12,'13v7iybIlmpiQGCYCWXqwlDn89Z7Yej4f'),(2167,12,'1C2EhHzpQ9uJ-iVRtNbiHdn8aDanrCVPf'),(2168,12,'1MomfiQFBtOTc9l0mzb8E5uxeCZKNYkPn'),(2169,12,'1gruA4FfyKW278tU6lUqRYX7iKO5xx2En'),(2170,12,'1GVXqLrfUnM2fHfw5-7JohujWn1xuSgbR'),(2171,12,'1E-rDMYQSzzuh3UHG7EqwytK_tK4Eap6o'),(2172,12,'12wfCWMXa14Y6UnEhP-eUlWRE16_NZ0I7'),(2173,12,'1cr7QneWaL806jyc-6nPbpwXT16SjyMgP'),(2174,12,'1A1m0642WPa54yBuj5lXDuj5lkCSfiHFG'),(2175,12,'1iYqM65NVPHS13Pq6rlzUrAKUwZFkrbw1'),(2176,12,'1OXPZTAM54deMRYDLGAOfHMyr1T5FR2aj'),(2177,12,'1izhOIxnhxCAviEOdcQVNc4sDQU_nn8-I'),(2178,12,'1mKoFvJx2eN2rNteOws0OrQCmX2JtwG4P'),(2179,12,'14s-oeWgSv1uKwzo9pwTXi-Q1hhQPPf_H'),(2180,12,'16Pg4gNTH_QgJo1mzHO2UsPfH7vnXM2si'),(2181,12,'1blexV9Ui3bOW7w2q6dYSCwhzIF94f5qQ'),(2182,12,'1nBoQHSkOah8WKORtUKxyYyHdni0ojps_'),(2183,12,'1novHjEwcjOOC72MatDeMZHLYYOq0JOmT'),(2184,12,'12wp8sB_xsjYNZFdFaAX6KAGq_XSQ0XL1'),(2185,12,'1-L1-56FA1RonvieAOSeytboHBwiuivqT'),(2186,12,'1ik6VQt2Xedga3e6Y2GYgIgsYkVVY5EV9'),(2187,12,'1HhbLDW3qoEEld_xHnkpFmB54H1yPIgkn'),(2188,12,'1yjxHjioNCHcjo5k5QE2xpibS97Jp6thV'),(2189,12,'1aCKUDGdu_MdkKM6zMS9xP3oo3qcTfKfv'),(2190,12,'1U-nwieS-if27sN-gT_W5UpDNPFbJvIH4'),(2191,12,'1Qyll7eaxAECMMlN4a4XWR6y5m0nTEpBb'),(2192,12,'1kMg7WDCxS28nN62UbrvR4S-oDrft6uLO'),(2193,12,'1LWDxRCsVIHAyn9TAzaLhhPyk-92UFjFb'),(2194,12,'1hIjBuIaCfjYwrpPEbrag7lZeuiOgahcm'),(2195,12,'1uVrh7jhRKaRVB45z2lBal9ro-V28E6BX'),(2196,12,'1-xWda5jEzcNgFvA-Zv8wd9aSxH_QZvBA'),(2197,12,'10IkU20DbiAjofG8jrr_x_KyUkgg3LHAq'),(2198,12,'17ad9DN3oGlImlZH4netadv3Gnir-7ZEb'),(2199,12,'1MEfAliYyyE2USiU8xHy_uTc3iV1yqX1G'),(2200,12,'14JkpgLPn3fby2EZuJd6Ohmr0K6BFYZDV'),(2201,12,'1VOeI1p073ld6REkdg0Sl-LhJT5jIjPTT'),(2202,12,'13DbRiifeV-M3ysz0Qik1ezXvj1sNAiG5'),(2203,12,'1EMky2eCiouizRkLp5tiCJgaIN-0bg83p'),(2204,12,'1NCkZvxhuEbN-ymIhVvzoOirwyFEPMuWC'),(2205,12,'1DrE8hSpE7tShv-aFX13Cv__2hlk7NijE'),(2206,12,'1PhnXMYD5JgS_zuU7XzrJ0BFuS6yQJ_y-'),(2207,12,'15uo-g-opG3OGLXqYnguvwO57yKMnCXve'),(2208,12,'1zHzbZgMwwgkHaFIRl4QUItX-IkSB8kF9'),(2209,12,'1rM3D-1KQ03F94xxheOknpBItx3TK-kBr'),(2210,12,'1QtMiSW8cHjIEjREf-_WXwY3pUc6ODfCS'),(2211,12,'1F4XwX96ivYk-O2rn2Kw8pchYpkkkm-YS'),(2212,12,'1LuW8K29_ubbzUqk3gZhJlu_r6kDJh5AV'),(2213,12,'1l3GXd-r1Pu68UKihNxG02ablpZ9E_z6k'),(2214,12,'1_luYoCav_Fg6k625ec_hW1XgdseFjL75'),(2215,12,'1_ZbfAvQ49myBparRfgoh21OCHP6FPXZw'),(2216,12,'1XXlPoWugL8_VRtIMNIx3C8i9EF4l-n1P'),(2217,12,'1K4nIcYRgJktn3I-QNrJlS8CMHPM_fpm2'),(2218,12,'1gQcr-0Bmj8H7FaddctlgmEGJH8l9ouJY'),(2219,12,'1ulSHtGiPDP2nfiuaQFzcmM6kH36BTBZb'),(2220,12,'1Iofy0tW2wJL5BWZgM7ZHP1QjtToxmy4N'),(2221,12,'16jDDBS8gwTk7QwAcz3SR_vWbPl2GDN-4'),(2222,12,'16Z92lAyMzryebDvD2oPEeCl93zxsZYT_'),(2223,12,'1mshNr8So-TrlXJLexbs0szPJe2fHCxhi'),(2224,12,'1s0wl8rXENs2rhO0wNZI01vnOBRAqOfgj'),(2225,12,'13pZXTnsjEG3XtoFG1ON6E6jtpJa4BPG_'),(2226,12,'1y6fkMsNLf4UNJv8RKC8kE8-R8V5Tw_E9'),(2227,12,'1Hw5CZOsX2hA328y65aTBOz5txCq6Fezo'),(2228,12,'1sT-gCdBQGUzmVfcy-oh6BwQMYOl13bcJ'),(2229,12,'18yZ-nrsvVFd5_jfqraElE9R2Zxun3llk'),(2230,12,'1kvsIeXGoJTFpOiEwimdLTo7x3VoHjuIO'),(2231,12,'1Nmy03X7tN_nNzkLizIavVtzUiDJD1uEl'),(2232,12,'1UWzQbSTm5UaEdZCkBOovQ91Nn6yl5ihd'),(2233,12,'1xCnPtznphVc89O5nhpukXlfCEQq8xGaL'),(2234,12,'1OpCqodc_eSzgEr1wxx62U2i1zVBC2ZwU'),(2235,12,'1QehDQ1gX6g05sKYAnrAtWD_9veOce_3h'),(2236,12,'1VOrw5epnhdmlJAiN6c0A-LVqsmBNniqL'),(2237,12,'1AJdg8iqnFuJbwkcmlkLTKk1hmwUjCffY'),(2238,12,'1s1u7N-mtgglacPwwRWYJpmBcrZEipimq'),(2239,12,'1osS-iRR9TSndLQl_3I_JfahwiuTAPYve'),(2240,12,'1IHoRvF8e4UoQfCSBq8fQo0MZtdF8Ojxn'),(2241,12,'1iP-4jn1392dHQuFeue0_M65RN1M07YkF');
/*!40000 ALTER TABLE `episodes` ENABLE KEYS */;
UNLOCK TABLES;

--
-- Table structure for table `highlight_videos`
--

DROP TABLE IF EXISTS `highlight_videos`;
/*!40101 SET @saved_cs_client     = @@character_set_client */;
/*!40101 SET character_set_client = utf8 */;
CREATE TABLE `highlight_videos` (
  `video_id` int(100) NOT NULL,
  `video_name` varchar(100) NOT NULL,
  `video_file` varchar(255) NOT NULL,
  PRIMARY KEY (`video_id`)
) ENGINE=InnoDB DEFAULT CHARSET=utf8mb4 COLLATE=utf8mb4_general_ci;
/*!40101 SET character_set_client = @saved_cs_client */;

--
-- Dumping data for table `highlight_videos`
--

LOCK TABLES `highlight_videos` WRITE;
/*!40000 ALTER TABLE `highlight_videos` DISABLE KEYS */;
INSERT INTO `highlight_videos` VALUES (1,'Highlight Video','Highlight Video.mp4');
/*!40000 ALTER TABLE `highlight_videos` ENABLE KEYS */;
UNLOCK TABLES;

--
-- Table structure for table `slider`
--

DROP TABLE IF EXISTS `slider`;
/*!40101 SET @saved_cs_client     = @@character_set_client */;
/*!40101 SET character_set_client = utf8 */;
CREATE TABLE `slider` (
  `id` int(11) NOT NULL AUTO_INCREMENT,
  `anime_id` int(11) NOT NULL,
  `slider_image` varchar(255) NOT NULL,
  `episodes` int(11) NOT NULL,
  PRIMARY KEY (`id`),
  KEY `anime_id` (`anime_id`),
  CONSTRAINT `slider_ibfk_1` FOREIGN KEY (`anime_id`) REFERENCES `anime` (`anime_id`)
) ENGINE=InnoDB AUTO_INCREMENT=12 DEFAULT CHARSET=utf8mb4 COLLATE=utf8mb4_general_ci;
/*!40101 SET character_set_client = @saved_cs_client */;

--
-- Dumping data for table `slider`
--

LOCK TABLES `slider` WRITE;
/*!40000 ALTER TABLE `slider` DISABLE KEYS */;
INSERT INTO `slider` VALUES (5,8,'chainsaw man.jpeg',0),(6,13,'KaijuNo8-UW-LTR.jpeg',0),(7,12,'one piece.jpg',0),(8,9,'demon slayer.jpg',0),(9,16,'blue lock s2.jpeg',0),(10,17,'sword art online.png',0),(11,6,'bleach uw.jpg',0);
/*!40000 ALTER TABLE `slider` ENABLE KEYS */;
UNLOCK TABLES;

--
-- Table structure for table `users`
--

DROP TABLE IF EXISTS `users`;
/*!40101 SET @saved_cs_client     = @@character_set_client */;
/*!40101 SET character_set_client = utf8 */;
CREATE TABLE `users` (
  `user_id` int(5) NOT NULL AUTO_INCREMENT,
  `username` varchar(50) NOT NULL,
  `email` varchar(50) NOT NULL,
  `password` varchar(20) NOT NULL,
  PRIMARY KEY (`user_id`)
) ENGINE=InnoDB AUTO_INCREMENT=3 DEFAULT CHARSET=utf8mb4 COLLATE=utf8mb4_general_ci;
/*!40101 SET character_set_client = @saved_cs_client */;

--
-- Dumping data for table `users`
--

LOCK TABLES `users` WRITE;
/*!40000 ALTER TABLE `users` DISABLE KEYS */;
INSERT INTO `users` VALUES (1,'bhavin','opbhavin21@gmail.com','bhavin2109'),(2,'heet','heetvelani@gmail.com','heet');
/*!40000 ALTER TABLE `users` ENABLE KEYS */;
UNLOCK TABLES;
/*!40103 SET TIME_ZONE=@OLD_TIME_ZONE */;

/*!40101 SET SQL_MODE=@OLD_SQL_MODE */;
/*!40014 SET FOREIGN_KEY_CHECKS=@OLD_FOREIGN_KEY_CHECKS */;
/*!40014 SET UNIQUE_CHECKS=@OLD_UNIQUE_CHECKS */;
/*!40101 SET CHARACTER_SET_CLIENT=@OLD_CHARACTER_SET_CLIENT */;
/*!40101 SET CHARACTER_SET_RESULTS=@OLD_CHARACTER_SET_RESULTS */;
/*!40101 SET COLLATION_CONNECTION=@OLD_COLLATION_CONNECTION */;
/*!40111 SET SQL_NOTES=@OLD_SQL_NOTES */;

-- Dump completed on 2025-02-17 18:07:57
